solid OpenSCAD_Model
  facet normal -1 0 0
    outer loop
      vertex 80 8 0
      vertex 80 10.2 4
      vertex 80 10.2 0
    endloop
  endfacet
  facet normal -1 -0 0
    outer loop
      vertex 80 10.2 4
      vertex 80 8 0
      vertex 80 8 4
    endloop
  endfacet
  facet normal 1 -0 0
    outer loop
      vertex 20 8 4
      vertex 20 10.2 0
      vertex 20 10.2 4
    endloop
  endfacet
  facet normal 1 0 0
    outer loop
      vertex 20 10.2 0
      vertex 20 8 4
      vertex 20 8 0
    endloop
  endfacet
  facet normal 0 -1 0
    outer loop
      vertex 20 10.2 0
      vertex 80 10.2 4
      vertex 20 10.2 4
    endloop
  endfacet
  facet normal 0 -1 -0
    outer loop
      vertex 80 10.2 4
      vertex 20 10.2 0
      vertex 80 10.2 0
    endloop
  endfacet
  facet normal 0 1 -0
    outer loop
      vertex 80 8 0
      vertex 20 8 4
      vertex 80 8 4
    endloop
  endfacet
  facet normal 0 1 0
    outer loop
      vertex 20 8 4
      vertex 80 8 0
      vertex 20 8 0
    endloop
  endfacet
  facet normal -1 0 0
    outer loop
      vertex 80 14 0
      vertex 80 16.2 4
      vertex 80 16.2 0
    endloop
  endfacet
  facet normal -1 -0 0
    outer loop
      vertex 80 16.2 4
      vertex 80 14 0
      vertex 80 14 4
    endloop
  endfacet
  facet normal 1 -0 0
    outer loop
      vertex 20 14 4
      vertex 20 16.2 0
      vertex 20 16.2 4
    endloop
  endfacet
  facet normal 1 0 0
    outer loop
      vertex 20 16.2 0
      vertex 20 14 4
      vertex 20 14 0
    endloop
  endfacet
  facet normal 0 -1 0
    outer loop
      vertex 20 16.2 0
      vertex 80 16.2 4
      vertex 20 16.2 4
    endloop
  endfacet
  facet normal 0 -1 -0
    outer loop
      vertex 80 16.2 4
      vertex 20 16.2 0
      vertex 80 16.2 0
    endloop
  endfacet
  facet normal 0 1 -0
    outer loop
      vertex 80 14 0
      vertex 20 14 4
      vertex 80 14 4
    endloop
  endfacet
  facet normal 0 1 0
    outer loop
      vertex 20 14 4
      vertex 80 14 0
      vertex 20 14 0
    endloop
  endfacet
  facet normal -1 0 0
    outer loop
      vertex 80 20 0
      vertex 80 22.2 4
      vertex 80 22.2 0
    endloop
  endfacet
  facet normal -1 -0 0
    outer loop
      vertex 80 22.2 4
      vertex 80 20 0
      vertex 80 20 4
    endloop
  endfacet
  facet normal 1 -0 0
    outer loop
      vertex 20 20 4
      vertex 20 22.2 0
      vertex 20 22.2 4
    endloop
  endfacet
  facet normal 1 0 0
    outer loop
      vertex 20 22.2 0
      vertex 20 20 4
      vertex 20 20 0
    endloop
  endfacet
  facet normal 0 -1 0
    outer loop
      vertex 20 22.2 0
      vertex 80 22.2 4
      vertex 20 22.2 4
    endloop
  endfacet
  facet normal 0 -1 -0
    outer loop
      vertex 80 22.2 4
      vertex 20 22.2 0
      vertex 80 22.2 0
    endloop
  endfacet
  facet normal 0 1 -0
    outer loop
      vertex 80 20 0
      vertex 20 20 4
      vertex 80 20 4
    endloop
  endfacet
  facet normal 0 1 0
    outer loop
      vertex 20 20 4
      vertex 80 20 0
      vertex 20 20 0
    endloop
  endfacet
  facet normal -1 0 0
    outer loop
      vertex 80 26 0
      vertex 80 28.2 4
      vertex 80 28.2 0
    endloop
  endfacet
  facet normal -1 -0 0
    outer loop
      vertex 80 28.2 4
      vertex 80 26 0
      vertex 80 26 4
    endloop
  endfacet
  facet normal 1 -0 0
    outer loop
      vertex 20 26 4
      vertex 20 28.2 0
      vertex 20 28.2 4
    endloop
  endfacet
  facet normal 1 0 0
    outer loop
      vertex 20 28.2 0
      vertex 20 26 4
      vertex 20 26 0
    endloop
  endfacet
  facet normal 0 -1 0
    outer loop
      vertex 20 28.2 0
      vertex 80 28.2 4
      vertex 20 28.2 4
    endloop
  endfacet
  facet normal 0 -1 -0
    outer loop
      vertex 80 28.2 4
      vertex 20 28.2 0
      vertex 80 28.2 0
    endloop
  endfacet
  facet normal 0 1 -0
    outer loop
      vertex 80 26 0
      vertex 20 26 4
      vertex 80 26 4
    endloop
  endfacet
  facet normal 0 1 0
    outer loop
      vertex 20 26 4
      vertex 80 26 0
      vertex 20 26 0
    endloop
  endfacet
  facet normal -1 0 0
    outer loop
      vertex 80 32 0
      vertex 80 34.2 4
      vertex 80 34.2 0
    endloop
  endfacet
  facet normal -1 -0 0
    outer loop
      vertex 80 34.2 4
      vertex 80 32 0
      vertex 80 32 4
    endloop
  endfacet
  facet normal 1 -0 0
    outer loop
      vertex 20 32 4
      vertex 20 34.2 0
      vertex 20 34.2 4
    endloop
  endfacet
  facet normal 1 0 0
    outer loop
      vertex 20 34.2 0
      vertex 20 32 4
      vertex 20 32 0
    endloop
  endfacet
  facet normal 0 -1 0
    outer loop
      vertex 20 34.2 0
      vertex 80 34.2 4
      vertex 20 34.2 4
    endloop
  endfacet
  facet normal 0 -1 -0
    outer loop
      vertex 80 34.2 4
      vertex 20 34.2 0
      vertex 80 34.2 0
    endloop
  endfacet
  facet normal 0 1 -0
    outer loop
      vertex 80 32 0
      vertex 20 32 4
      vertex 80 32 4
    endloop
  endfacet
  facet normal 0 1 0
    outer loop
      vertex 20 32 4
      vertex 80 32 0
      vertex 20 32 0
    endloop
  endfacet
  facet normal -1 0 0
    outer loop
      vertex 80 38 0
      vertex 80 40.2 4
      vertex 80 40.2 0
    endloop
  endfacet
  facet normal -1 -0 0
    outer loop
      vertex 80 40.2 4
      vertex 80 38 0
      vertex 80 38 4
    endloop
  endfacet
  facet normal 1 -0 0
    outer loop
      vertex 20 38 4
      vertex 20 40.2 0
      vertex 20 40.2 4
    endloop
  endfacet
  facet normal 1 0 0
    outer loop
      vertex 20 40.2 0
      vertex 20 38 4
      vertex 20 38 0
    endloop
  endfacet
  facet normal 0 -1 0
    outer loop
      vertex 20 40.2 0
      vertex 80 40.2 4
      vertex 20 40.2 4
    endloop
  endfacet
  facet normal 0 -1 -0
    outer loop
      vertex 80 40.2 4
      vertex 20 40.2 0
      vertex 80 40.2 0
    endloop
  endfacet
  facet normal 0 1 -0
    outer loop
      vertex 80 38 0
      vertex 20 38 4
      vertex 80 38 4
    endloop
  endfacet
  facet normal 0 1 0
    outer loop
      vertex 20 38 4
      vertex 80 38 0
      vertex 20 38 0
    endloop
  endfacet
  facet normal -1 0 0
    outer loop
      vertex 164 8 0
      vertex 164 10.2 4
      vertex 164 10.2 0
    endloop
  endfacet
  facet normal -1 -0 0
    outer loop
      vertex 164 10.2 4
      vertex 164 8 0
      vertex 164 8 4
    endloop
  endfacet
  facet normal 1 -0 0
    outer loop
      vertex 104 8 4
      vertex 104 10.2 0
      vertex 104 10.2 4
    endloop
  endfacet
  facet normal 1 0 0
    outer loop
      vertex 104 10.2 0
      vertex 104 8 4
      vertex 104 8 0
    endloop
  endfacet
  facet normal 0 -1 0
    outer loop
      vertex 104 10.2 0
      vertex 164 10.2 4
      vertex 104 10.2 4
    endloop
  endfacet
  facet normal 0 -1 -0
    outer loop
      vertex 164 10.2 4
      vertex 104 10.2 0
      vertex 164 10.2 0
    endloop
  endfacet
  facet normal 0 1 -0
    outer loop
      vertex 164 8 0
      vertex 104 8 4
      vertex 164 8 4
    endloop
  endfacet
  facet normal 0 1 0
    outer loop
      vertex 104 8 4
      vertex 164 8 0
      vertex 104 8 0
    endloop
  endfacet
  facet normal -1 0 0
    outer loop
      vertex 164 14 0
      vertex 164 16.2 4
      vertex 164 16.2 0
    endloop
  endfacet
  facet normal -1 -0 0
    outer loop
      vertex 164 16.2 4
      vertex 164 14 0
      vertex 164 14 4
    endloop
  endfacet
  facet normal 1 -0 0
    outer loop
      vertex 104 14 4
      vertex 104 16.2 0
      vertex 104 16.2 4
    endloop
  endfacet
  facet normal 1 0 0
    outer loop
      vertex 104 16.2 0
      vertex 104 14 4
      vertex 104 14 0
    endloop
  endfacet
  facet normal 0 -1 0
    outer loop
      vertex 104 16.2 0
      vertex 164 16.2 4
      vertex 104 16.2 4
    endloop
  endfacet
  facet normal 0 -1 -0
    outer loop
      vertex 164 16.2 4
      vertex 104 16.2 0
      vertex 164 16.2 0
    endloop
  endfacet
  facet normal 0 1 -0
    outer loop
      vertex 164 14 0
      vertex 104 14 4
      vertex 164 14 4
    endloop
  endfacet
  facet normal 0 1 0
    outer loop
      vertex 104 14 4
      vertex 164 14 0
      vertex 104 14 0
    endloop
  endfacet
  facet normal -1 0 0
    outer loop
      vertex 164 20 0
      vertex 164 22.2 4
      vertex 164 22.2 0
    endloop
  endfacet
  facet normal -1 -0 0
    outer loop
      vertex 164 22.2 4
      vertex 164 20 0
      vertex 164 20 4
    endloop
  endfacet
  facet normal 1 -0 0
    outer loop
      vertex 104 20 4
      vertex 104 22.2 0
      vertex 104 22.2 4
    endloop
  endfacet
  facet normal 1 0 0
    outer loop
      vertex 104 22.2 0
      vertex 104 20 4
      vertex 104 20 0
    endloop
  endfacet
  facet normal 0 -1 0
    outer loop
      vertex 104 22.2 0
      vertex 164 22.2 4
      vertex 104 22.2 4
    endloop
  endfacet
  facet normal 0 -1 -0
    outer loop
      vertex 164 22.2 4
      vertex 104 22.2 0
      vertex 164 22.2 0
    endloop
  endfacet
  facet normal 0 1 -0
    outer loop
      vertex 164 20 0
      vertex 104 20 4
      vertex 164 20 4
    endloop
  endfacet
  facet normal 0 1 0
    outer loop
      vertex 104 20 4
      vertex 164 20 0
      vertex 104 20 0
    endloop
  endfacet
  facet normal -1 0 0
    outer loop
      vertex 164 26 0
      vertex 164 28.2 4
      vertex 164 28.2 0
    endloop
  endfacet
  facet normal -1 -0 0
    outer loop
      vertex 164 28.2 4
      vertex 164 26 0
      vertex 164 26 4
    endloop
  endfacet
  facet normal 1 -0 0
    outer loop
      vertex 104 26 4
      vertex 104 28.2 0
      vertex 104 28.2 4
    endloop
  endfacet
  facet normal 1 0 0
    outer loop
      vertex 104 28.2 0
      vertex 104 26 4
      vertex 104 26 0
    endloop
  endfacet
  facet normal 0 -1 0
    outer loop
      vertex 104 28.2 0
      vertex 164 28.2 4
      vertex 104 28.2 4
    endloop
  endfacet
  facet normal 0 -1 -0
    outer loop
      vertex 164 28.2 4
      vertex 104 28.2 0
      vertex 164 28.2 0
    endloop
  endfacet
  facet normal 0 1 -0
    outer loop
      vertex 164 26 0
      vertex 104 26 4
      vertex 164 26 4
    endloop
  endfacet
  facet normal 0 1 0
    outer loop
      vertex 104 26 4
      vertex 164 26 0
      vertex 104 26 0
    endloop
  endfacet
  facet normal -1 0 0
    outer loop
      vertex 164 32 0
      vertex 164 34.2 4
      vertex 164 34.2 0
    endloop
  endfacet
  facet normal -1 -0 0
    outer loop
      vertex 164 34.2 4
      vertex 164 32 0
      vertex 164 32 4
    endloop
  endfacet
  facet normal 1 -0 0
    outer loop
      vertex 104 32 4
      vertex 104 34.2 0
      vertex 104 34.2 4
    endloop
  endfacet
  facet normal 1 0 0
    outer loop
      vertex 104 34.2 0
      vertex 104 32 4
      vertex 104 32 0
    endloop
  endfacet
  facet normal 0 -1 0
    outer loop
      vertex 104 34.2 0
      vertex 164 34.2 4
      vertex 104 34.2 4
    endloop
  endfacet
  facet normal 0 -1 -0
    outer loop
      vertex 164 34.2 4
      vertex 104 34.2 0
      vertex 164 34.2 0
    endloop
  endfacet
  facet normal 0 1 -0
    outer loop
      vertex 164 32 0
      vertex 104 32 4
      vertex 164 32 4
    endloop
  endfacet
  facet normal 0 1 0
    outer loop
      vertex 104 32 4
      vertex 164 32 0
      vertex 104 32 0
    endloop
  endfacet
  facet normal -1 0 0
    outer loop
      vertex 164 38 0
      vertex 164 40.2 4
      vertex 164 40.2 0
    endloop
  endfacet
  facet normal -1 -0 0
    outer loop
      vertex 164 40.2 4
      vertex 164 38 0
      vertex 164 38 4
    endloop
  endfacet
  facet normal 1 -0 0
    outer loop
      vertex 104 38 4
      vertex 104 40.2 0
      vertex 104 40.2 4
    endloop
  endfacet
  facet normal 1 0 0
    outer loop
      vertex 104 40.2 0
      vertex 104 38 4
      vertex 104 38 0
    endloop
  endfacet
  facet normal 0 -1 0
    outer loop
      vertex 104 40.2 0
      vertex 164 40.2 4
      vertex 104 40.2 4
    endloop
  endfacet
  facet normal 0 -1 -0
    outer loop
      vertex 164 40.2 4
      vertex 104 40.2 0
      vertex 164 40.2 0
    endloop
  endfacet
  facet normal 0 1 -0
    outer loop
      vertex 164 38 0
      vertex 104 38 4
      vertex 164 38 4
    endloop
  endfacet
  facet normal 0 1 0
    outer loop
      vertex 104 38 4
      vertex 164 38 0
      vertex 104 38 0
    endloop
  endfacet
  facet normal -1 0 0
    outer loop
      vertex 248 8 0
      vertex 248 10.2 4
      vertex 248 10.2 0
    endloop
  endfacet
  facet normal -1 -0 0
    outer loop
      vertex 248 10.2 4
      vertex 248 8 0
      vertex 248 8 4
    endloop
  endfacet
  facet normal 1 -0 0
    outer loop
      vertex 188 8 4
      vertex 188 10.2 0
      vertex 188 10.2 4
    endloop
  endfacet
  facet normal 1 0 0
    outer loop
      vertex 188 10.2 0
      vertex 188 8 4
      vertex 188 8 0
    endloop
  endfacet
  facet normal 0 -1 0
    outer loop
      vertex 188 10.2 0
      vertex 248 10.2 4
      vertex 188 10.2 4
    endloop
  endfacet
  facet normal 0 -1 -0
    outer loop
      vertex 248 10.2 4
      vertex 188 10.2 0
      vertex 248 10.2 0
    endloop
  endfacet
  facet normal 0 1 -0
    outer loop
      vertex 248 8 0
      vertex 188 8 4
      vertex 248 8 4
    endloop
  endfacet
  facet normal 0 1 0
    outer loop
      vertex 188 8 4
      vertex 248 8 0
      vertex 188 8 0
    endloop
  endfacet
  facet normal -1 0 0
    outer loop
      vertex 248 14 0
      vertex 248 16.2 4
      vertex 248 16.2 0
    endloop
  endfacet
  facet normal -1 -0 0
    outer loop
      vertex 248 16.2 4
      vertex 248 14 0
      vertex 248 14 4
    endloop
  endfacet
  facet normal 1 -0 0
    outer loop
      vertex 188 14 4
      vertex 188 16.2 0
      vertex 188 16.2 4
    endloop
  endfacet
  facet normal 1 0 0
    outer loop
      vertex 188 16.2 0
      vertex 188 14 4
      vertex 188 14 0
    endloop
  endfacet
  facet normal 0 -1 0
    outer loop
      vertex 188 16.2 0
      vertex 248 16.2 4
      vertex 188 16.2 4
    endloop
  endfacet
  facet normal 0 -1 -0
    outer loop
      vertex 248 16.2 4
      vertex 188 16.2 0
      vertex 248 16.2 0
    endloop
  endfacet
  facet normal 0 1 -0
    outer loop
      vertex 248 14 0
      vertex 188 14 4
      vertex 248 14 4
    endloop
  endfacet
  facet normal 0 1 0
    outer loop
      vertex 188 14 4
      vertex 248 14 0
      vertex 188 14 0
    endloop
  endfacet
  facet normal -1 0 0
    outer loop
      vertex 248 20 0
      vertex 248 22.2 4
      vertex 248 22.2 0
    endloop
  endfacet
  facet normal -1 -0 0
    outer loop
      vertex 248 22.2 4
      vertex 248 20 0
      vertex 248 20 4
    endloop
  endfacet
  facet normal 1 -0 0
    outer loop
      vertex 188 20 4
      vertex 188 22.2 0
      vertex 188 22.2 4
    endloop
  endfacet
  facet normal 1 0 0
    outer loop
      vertex 188 22.2 0
      vertex 188 20 4
      vertex 188 20 0
    endloop
  endfacet
  facet normal 0 -1 0
    outer loop
      vertex 188 22.2 0
      vertex 248 22.2 4
      vertex 188 22.2 4
    endloop
  endfacet
  facet normal 0 -1 -0
    outer loop
      vertex 248 22.2 4
      vertex 188 22.2 0
      vertex 248 22.2 0
    endloop
  endfacet
  facet normal 0 1 -0
    outer loop
      vertex 248 20 0
      vertex 188 20 4
      vertex 248 20 4
    endloop
  endfacet
  facet normal 0 1 0
    outer loop
      vertex 188 20 4
      vertex 248 20 0
      vertex 188 20 0
    endloop
  endfacet
  facet normal -1 0 0
    outer loop
      vertex 248 26 0
      vertex 248 28.2 4
      vertex 248 28.2 0
    endloop
  endfacet
  facet normal -1 -0 0
    outer loop
      vertex 248 28.2 4
      vertex 248 26 0
      vertex 248 26 4
    endloop
  endfacet
  facet normal 1 -0 0
    outer loop
      vertex 188 26 4
      vertex 188 28.2 0
      vertex 188 28.2 4
    endloop
  endfacet
  facet normal 1 0 0
    outer loop
      vertex 188 28.2 0
      vertex 188 26 4
      vertex 188 26 0
    endloop
  endfacet
  facet normal 0 -1 0
    outer loop
      vertex 188 28.2 0
      vertex 248 28.2 4
      vertex 188 28.2 4
    endloop
  endfacet
  facet normal 0 -1 -0
    outer loop
      vertex 248 28.2 4
      vertex 188 28.2 0
      vertex 248 28.2 0
    endloop
  endfacet
  facet normal 0 1 -0
    outer loop
      vertex 248 26 0
      vertex 188 26 4
      vertex 248 26 4
    endloop
  endfacet
  facet normal 0 1 0
    outer loop
      vertex 188 26 4
      vertex 248 26 0
      vertex 188 26 0
    endloop
  endfacet
  facet normal -1 0 0
    outer loop
      vertex 248 32 0
      vertex 248 34.2 4
      vertex 248 34.2 0
    endloop
  endfacet
  facet normal -1 -0 0
    outer loop
      vertex 248 34.2 4
      vertex 248 32 0
      vertex 248 32 4
    endloop
  endfacet
  facet normal 1 -0 0
    outer loop
      vertex 188 32 4
      vertex 188 34.2 0
      vertex 188 34.2 4
    endloop
  endfacet
  facet normal 1 0 0
    outer loop
      vertex 188 34.2 0
      vertex 188 32 4
      vertex 188 32 0
    endloop
  endfacet
  facet normal 0 -1 0
    outer loop
      vertex 188 34.2 0
      vertex 248 34.2 4
      vertex 188 34.2 4
    endloop
  endfacet
  facet normal 0 -1 -0
    outer loop
      vertex 248 34.2 4
      vertex 188 34.2 0
      vertex 248 34.2 0
    endloop
  endfacet
  facet normal 0 1 -0
    outer loop
      vertex 248 32 0
      vertex 188 32 4
      vertex 248 32 4
    endloop
  endfacet
  facet normal 0 1 0
    outer loop
      vertex 188 32 4
      vertex 248 32 0
      vertex 188 32 0
    endloop
  endfacet
  facet normal -1 0 0
    outer loop
      vertex 248 38 0
      vertex 248 40.2 4
      vertex 248 40.2 0
    endloop
  endfacet
  facet normal -1 -0 0
    outer loop
      vertex 248 40.2 4
      vertex 248 38 0
      vertex 248 38 4
    endloop
  endfacet
  facet normal 1 -0 0
    outer loop
      vertex 188 38 4
      vertex 188 40.2 0
      vertex 188 40.2 4
    endloop
  endfacet
  facet normal 1 0 0
    outer loop
      vertex 188 40.2 0
      vertex 188 38 4
      vertex 188 38 0
    endloop
  endfacet
  facet normal 0 -1 0
    outer loop
      vertex 188 40.2 0
      vertex 248 40.2 4
      vertex 188 40.2 4
    endloop
  endfacet
  facet normal 0 -1 -0
    outer loop
      vertex 248 40.2 4
      vertex 188 40.2 0
      vertex 248 40.2 0
    endloop
  endfacet
  facet normal 0 1 -0
    outer loop
      vertex 248 38 0
      vertex 188 38 4
      vertex 248 38 4
    endloop
  endfacet
  facet normal 0 1 0
    outer loop
      vertex 188 38 4
      vertex 248 38 0
      vertex 188 38 0
    endloop
  endfacet
  facet normal -1 0 0
    outer loop
      vertex 17.2 71 0
      vertex 17.2 89 4
      vertex 17.2 89 0
    endloop
  endfacet
  facet normal -1 -0 0
    outer loop
      vertex 17.2 89 4
      vertex 17.2 71 0
      vertex 17.2 71 4
    endloop
  endfacet
  facet normal 1 -0 0
    outer loop
      vertex 15 71 4
      vertex 15 89 0
      vertex 15 89 4
    endloop
  endfacet
  facet normal 1 0 0
    outer loop
      vertex 15 89 0
      vertex 15 71 4
      vertex 15 71 0
    endloop
  endfacet
  facet normal 0 -1 0
    outer loop
      vertex 15 89 0
      vertex 17.2 89 4
      vertex 15 89 4
    endloop
  endfacet
  facet normal 0 -1 -0
    outer loop
      vertex 17.2 89 4
      vertex 15 89 0
      vertex 17.2 89 0
    endloop
  endfacet
  facet normal 0 1 -0
    outer loop
      vertex 17.2 71 0
      vertex 15 71 4
      vertex 17.2 71 4
    endloop
  endfacet
  facet normal 0 1 0
    outer loop
      vertex 15 71 4
      vertex 17.2 71 0
      vertex 15 71 0
    endloop
  endfacet
  facet normal -1 0 0
    outer loop
      vertex 25.2 71 0
      vertex 25.2 89 4
      vertex 25.2 89 0
    endloop
  endfacet
  facet normal -1 -0 0
    outer loop
      vertex 25.2 89 4
      vertex 25.2 71 0
      vertex 25.2 71 4
    endloop
  endfacet
  facet normal 1 -0 0
    outer loop
      vertex 23 71 4
      vertex 23 89 0
      vertex 23 89 4
    endloop
  endfacet
  facet normal 1 0 0
    outer loop
      vertex 23 89 0
      vertex 23 71 4
      vertex 23 71 0
    endloop
  endfacet
  facet normal 0 -1 0
    outer loop
      vertex 23 89 0
      vertex 25.2 89 4
      vertex 23 89 4
    endloop
  endfacet
  facet normal 0 -1 -0
    outer loop
      vertex 25.2 89 4
      vertex 23 89 0
      vertex 25.2 89 0
    endloop
  endfacet
  facet normal 0 1 -0
    outer loop
      vertex 25.2 71 0
      vertex 23 71 4
      vertex 25.2 71 4
    endloop
  endfacet
  facet normal 0 1 0
    outer loop
      vertex 23 71 4
      vertex 25.2 71 0
      vertex 23 71 0
    endloop
  endfacet
  facet normal -1 0 0
    outer loop
      vertex 33.2 71 0
      vertex 33.2 89 4
      vertex 33.2 89 0
    endloop
  endfacet
  facet normal -1 -0 0
    outer loop
      vertex 33.2 89 4
      vertex 33.2 71 0
      vertex 33.2 71 4
    endloop
  endfacet
  facet normal 1 -0 0
    outer loop
      vertex 31 71 4
      vertex 31 89 0
      vertex 31 89 4
    endloop
  endfacet
  facet normal 1 0 0
    outer loop
      vertex 31 89 0
      vertex 31 71 4
      vertex 31 71 0
    endloop
  endfacet
  facet normal 0 -1 0
    outer loop
      vertex 31 89 0
      vertex 33.2 89 4
      vertex 31 89 4
    endloop
  endfacet
  facet normal 0 -1 -0
    outer loop
      vertex 33.2 89 4
      vertex 31 89 0
      vertex 33.2 89 0
    endloop
  endfacet
  facet normal 0 1 -0
    outer loop
      vertex 33.2 71 0
      vertex 31 71 4
      vertex 33.2 71 4
    endloop
  endfacet
  facet normal 0 1 0
    outer loop
      vertex 31 71 4
      vertex 33.2 71 0
      vertex 31 71 0
    endloop
  endfacet
  facet normal -1 0 0
    outer loop
      vertex 41.2 71 0
      vertex 41.2 89 4
      vertex 41.2 89 0
    endloop
  endfacet
  facet normal -1 -0 0
    outer loop
      vertex 41.2 89 4
      vertex 41.2 71 0
      vertex 41.2 71 4
    endloop
  endfacet
  facet normal 1 -0 0
    outer loop
      vertex 39 71 4
      vertex 39 89 0
      vertex 39 89 4
    endloop
  endfacet
  facet normal 1 0 0
    outer loop
      vertex 39 89 0
      vertex 39 71 4
      vertex 39 71 0
    endloop
  endfacet
  facet normal 0 -1 0
    outer loop
      vertex 39 89 0
      vertex 41.2 89 4
      vertex 39 89 4
    endloop
  endfacet
  facet normal 0 -1 -0
    outer loop
      vertex 41.2 89 4
      vertex 39 89 0
      vertex 41.2 89 0
    endloop
  endfacet
  facet normal 0 1 -0
    outer loop
      vertex 41.2 71 0
      vertex 39 71 4
      vertex 41.2 71 4
    endloop
  endfacet
  facet normal 0 1 0
    outer loop
      vertex 39 71 4
      vertex 41.2 71 0
      vertex 39 71 0
    endloop
  endfacet
  facet normal -1 0 0
    outer loop
      vertex 49.2 71 0
      vertex 49.2 89 4
      vertex 49.2 89 0
    endloop
  endfacet
  facet normal -1 -0 0
    outer loop
      vertex 49.2 89 4
      vertex 49.2 71 0
      vertex 49.2 71 4
    endloop
  endfacet
  facet normal 1 -0 0
    outer loop
      vertex 47 71 4
      vertex 47 89 0
      vertex 47 89 4
    endloop
  endfacet
  facet normal 1 0 0
    outer loop
      vertex 47 89 0
      vertex 47 71 4
      vertex 47 71 0
    endloop
  endfacet
  facet normal 0 -1 0
    outer loop
      vertex 47 89 0
      vertex 49.2 89 4
      vertex 47 89 4
    endloop
  endfacet
  facet normal 0 -1 -0
    outer loop
      vertex 49.2 89 4
      vertex 47 89 0
      vertex 49.2 89 0
    endloop
  endfacet
  facet normal 0 1 -0
    outer loop
      vertex 49.2 71 0
      vertex 47 71 4
      vertex 49.2 71 4
    endloop
  endfacet
  facet normal 0 1 0
    outer loop
      vertex 47 71 4
      vertex 49.2 71 0
      vertex 47 71 0
    endloop
  endfacet
  facet normal -1 0 0
    outer loop
      vertex 57.2 71 0
      vertex 57.2 89 4
      vertex 57.2 89 0
    endloop
  endfacet
  facet normal -1 -0 0
    outer loop
      vertex 57.2 89 4
      vertex 57.2 71 0
      vertex 57.2 71 4
    endloop
  endfacet
  facet normal 1 -0 0
    outer loop
      vertex 55 71 4
      vertex 55 89 0
      vertex 55 89 4
    endloop
  endfacet
  facet normal 1 0 0
    outer loop
      vertex 55 89 0
      vertex 55 71 4
      vertex 55 71 0
    endloop
  endfacet
  facet normal 0 -1 0
    outer loop
      vertex 55 89 0
      vertex 57.2 89 4
      vertex 55 89 4
    endloop
  endfacet
  facet normal 0 -1 -0
    outer loop
      vertex 57.2 89 4
      vertex 55 89 0
      vertex 57.2 89 0
    endloop
  endfacet
  facet normal 0 1 -0
    outer loop
      vertex 57.2 71 0
      vertex 55 71 4
      vertex 57.2 71 4
    endloop
  endfacet
  facet normal 0 1 0
    outer loop
      vertex 55 71 4
      vertex 57.2 71 0
      vertex 55 71 0
    endloop
  endfacet
  facet normal 0.947038 -0.321121 0
    outer loop
      vertex 269.391 4.93853 4
      vertex 269.727 5.92945 0
      vertex 269.727 5.92945 4
    endloop
  endfacet
  facet normal 0.947038 -0.321121 0
    outer loop
      vertex 269.727 5.92945 0
      vertex 269.391 4.93853 4
      vertex 269.391 4.93853 0
    endloop
  endfacet
  facet normal 0.896897 0.44224 0
    outer loop
      vertex 269.391 115.061 4
      vertex 268.928 116 0
      vertex 268.928 116 4
    endloop
  endfacet
  facet normal 0.896897 0.44224 0
    outer loop
      vertex 268.928 116 0
      vertex 269.391 115.061 4
      vertex 269.391 115.061 0
    endloop
  endfacet
  facet normal -0.19587 0.98063 0
    outer loop
      vertex 6.95579 119.932 0
      vertex 5.92945 119.727 4
      vertex 6.95579 119.932 4
    endloop
  endfacet
  facet normal -0.19587 0.98063 0
    outer loop
      vertex 5.92945 119.727 4
      vertex 6.95579 119.932 0
      vertex 5.92945 119.727 0
    endloop
  endfacet
  facet normal 0.0654155 -0.997858 0
    outer loop
      vertex 262 0 0
      vertex 263.044 0.0684404 4
      vertex 262 0 4
    endloop
  endfacet
  facet normal 0.0654155 -0.997858 0
    outer loop
      vertex 263.044 0.0684404 4
      vertex 262 0 0
      vertex 263.044 0.0684404 0
    endloop
  endfacet
  facet normal -1 0 0
    outer loop
      vertex 0 8 0
      vertex 0 112 4
      vertex 0 112 0
    endloop
  endfacet
  facet normal -1 -0 0
    outer loop
      vertex 0 112 4
      vertex 0 8 0
      vertex 0 8 4
    endloop
  endfacet
  facet normal -0.751935 0.659238 0
    outer loop
      vertex 1.65317 116.87 0
      vertex 2.34315 117.657 4
      vertex 2.34315 117.657 0
    endloop
  endfacet
  facet normal -0.751935 0.659238 0
    outer loop
      vertex 2.34315 117.657 4
      vertex 1.65317 116.87 0
      vertex 1.65317 116.87 4
    endloop
  endfacet
  facet normal 0.0649964 0.997886 -0
    outer loop
      vertex 263.044 119.932 0
      vertex 262 120 4
      vertex 263.044 119.932 4
    endloop
  endfacet
  facet normal 0.0649964 0.997886 0
    outer loop
      vertex 262 120 4
      vertex 263.044 119.932 0
      vertex 262 120 0
    endloop
  endfacet
  facet normal -0.195091 -0.980785 0
    outer loop
      vertex 5.92945 0.272593 0
      vertex 6.95579 0.0684404 4
      vertex 5.92945 0.272593 4
    endloop
  endfacet
  facet normal -0.195091 -0.980785 -0
    outer loop
      vertex 6.95579 0.0684404 4
      vertex 5.92945 0.272593 0
      vertex 6.95579 0.0684404 0
    endloop
  endfacet
  facet normal -0.321438 -0.946931 0
    outer loop
      vertex 4.93853 0.608963 0
      vertex 5.92945 0.272593 4
      vertex 4.93853 0.608963 4
    endloop
  endfacet
  facet normal -0.321438 -0.946931 -0
    outer loop
      vertex 5.92945 0.272593 4
      vertex 4.93853 0.608963 0
      vertex 5.92945 0.272593 0
    endloop
  endfacet
  facet normal 0 -1 0
    outer loop
      vertex 8 0 0
      vertex 262 0 4
      vertex 8 0 4
    endloop
  endfacet
  facet normal 0 -1 -0
    outer loop
      vertex 262 0 4
      vertex 8 0 0
      vertex 262 0 0
    endloop
  endfacet
  facet normal 1 -0 0
    outer loop
      vertex 270 8 4
      vertex 270 112 0
      vertex 270 112 4
    endloop
  endfacet
  facet normal 1 0 0
    outer loop
      vertex 270 112 0
      vertex 270 8 4
      vertex 270 8 0
    endloop
  endfacet
  facet normal 0.555362 0.831609 -0
    outer loop
      vertex 266.87 118.347 0
      vertex 266 118.928 4
      vertex 266.87 118.347 4
    endloop
  endfacet
  facet normal 0.555362 0.831609 0
    outer loop
      vertex 266 118.928 4
      vertex 266.87 118.347 0
      vertex 266 118.928 0
    endloop
  endfacet
  facet normal 0.321388 0.946948 -0
    outer loop
      vertex 265.061 119.391 0
      vertex 264.071 119.727 4
      vertex 265.061 119.391 4
    endloop
  endfacet
  facet normal 0.321388 0.946948 0
    outer loop
      vertex 264.071 119.727 4
      vertex 265.061 119.391 0
      vertex 264.071 119.727 0
    endloop
  endfacet
  facet normal 0.751925 0.659248 0
    outer loop
      vertex 268.347 116.87 4
      vertex 267.657 117.657 0
      vertex 267.657 117.657 4
    endloop
  endfacet
  facet normal 0.751925 0.659248 0
    outer loop
      vertex 267.657 117.657 0
      vertex 268.347 116.87 4
      vertex 268.347 116.87 0
    endloop
  endfacet
  facet normal 0.946948 0.321388 0
    outer loop
      vertex 269.727 114.071 4
      vertex 269.391 115.061 0
      vertex 269.391 115.061 4
    endloop
  endfacet
  facet normal 0.946948 0.321388 0
    outer loop
      vertex 269.391 115.061 0
      vertex 269.727 114.071 4
      vertex 269.727 114.071 0
    endloop
  endfacet
  facet normal -0.0654024 -0.997859 0
    outer loop
      vertex 6.95579 0.0684404 0
      vertex 8 0 4
      vertex 6.95579 0.0684404 4
    endloop
  endfacet
  facet normal -0.0654024 -0.997859 -0
    outer loop
      vertex 8 0 4
      vertex 6.95579 0.0684404 0
      vertex 8 0 0
    endloop
  endfacet
  facet normal 0 1 -0
    outer loop
      vertex 262 120 0
      vertex 8 120 4
      vertex 262 120 4
    endloop
  endfacet
  facet normal 0 1 0
    outer loop
      vertex 8 120 4
      vertex 262 120 0
      vertex 8 120 0
    endloop
  endfacet
  facet normal 0.195749 0.980654 -0
    outer loop
      vertex 264.071 119.727 0
      vertex 263.044 119.932 4
      vertex 264.071 119.727 4
    endloop
  endfacet
  facet normal 0.195749 0.980654 0
    outer loop
      vertex 263.044 119.932 4
      vertex 264.071 119.727 0
      vertex 263.044 119.932 0
    endloop
  endfacet
  facet normal 0.831609 0.555362 0
    outer loop
      vertex 268.928 116 4
      vertex 268.347 116.87 0
      vertex 268.347 116.87 4
    endloop
  endfacet
  facet normal 0.831609 0.555362 0
    outer loop
      vertex 268.347 116.87 0
      vertex 268.928 116 4
      vertex 268.928 116 0
    endloop
  endfacet
  facet normal -0.946931 -0.321438 0
    outer loop
      vertex 0.608963 4.93853 0
      vertex 0.272593 5.92945 4
      vertex 0.272593 5.92945 0
    endloop
  endfacet
  facet normal -0.946931 -0.321438 0
    outer loop
      vertex 0.272593 5.92945 4
      vertex 0.608963 4.93853 0
      vertex 0.608963 4.93853 4
    endloop
  endfacet
  facet normal -0.659362 0.751826 0
    outer loop
      vertex 3.12991 118.347 0
      vertex 2.34315 117.657 4
      vertex 3.12991 118.347 4
    endloop
  endfacet
  facet normal -0.659362 0.751826 0
    outer loop
      vertex 2.34315 117.657 4
      vertex 3.12991 118.347 0
      vertex 2.34315 117.657 0
    endloop
  endfacet
  facet normal -0.442418 0.896809 0
    outer loop
      vertex 4.93853 119.391 0
      vertex 4 118.928 4
      vertex 4.93853 119.391 4
    endloop
  endfacet
  facet normal -0.442418 0.896809 0
    outer loop
      vertex 4 118.928 4
      vertex 4.93853 119.391 0
      vertex 4 118.928 0
    endloop
  endfacet
  facet normal -0.831472 -0.555567 0
    outer loop
      vertex 1.65317 3.12991 0
      vertex 1.0718 4 4
      vertex 1.0718 4 0
    endloop
  endfacet
  facet normal -0.831472 -0.555567 0
    outer loop
      vertex 1.0718 4 4
      vertex 1.65317 3.12991 0
      vertex 1.65317 3.12991 4
    endloop
  endfacet
  facet normal -0.751835 -0.659351 0
    outer loop
      vertex 2.34315 2.34315 0
      vertex 1.65317 3.12991 4
      vertex 1.65317 3.12991 0
    endloop
  endfacet
  facet normal -0.751835 -0.659351 0
    outer loop
      vertex 1.65317 3.12991 4
      vertex 2.34315 2.34315 0
      vertex 2.34315 2.34315 4
    endloop
  endfacet
  facet normal 0.442115 -0.896959 0
    outer loop
      vertex 265.061 0.608963 0
      vertex 266 1.0718 4
      vertex 265.061 0.608963 4
    endloop
  endfacet
  facet normal 0.442115 -0.896959 0
    outer loop
      vertex 266 1.0718 4
      vertex 265.061 0.608963 0
      vertex 266 1.0718 0
    endloop
  endfacet
  facet normal -0.896959 0.442115 0
    outer loop
      vertex 0.608963 115.061 0
      vertex 1.0718 116 4
      vertex 1.0718 116 0
    endloop
  endfacet
  facet normal -0.896959 0.442115 0
    outer loop
      vertex 1.0718 116 4
      vertex 0.608963 115.061 0
      vertex 0.608963 115.061 4
    endloop
  endfacet
  facet normal -0.555567 -0.831472 0
    outer loop
      vertex 3.12991 1.65317 0
      vertex 4 1.0718 4
      vertex 3.12991 1.65317 4
    endloop
  endfacet
  facet normal -0.555567 -0.831472 -0
    outer loop
      vertex 4 1.0718 4
      vertex 3.12991 1.65317 0
      vertex 4 1.0718 0
    endloop
  endfacet
  facet normal 0.980654 0.195749 0
    outer loop
      vertex 269.932 113.044 4
      vertex 269.727 114.071 0
      vertex 269.727 114.071 4
    endloop
  endfacet
  facet normal 0.980654 0.195749 0
    outer loop
      vertex 269.727 114.071 0
      vertex 269.932 113.044 4
      vertex 269.932 113.044 0
    endloop
  endfacet
  facet normal -0.997858 0.0654155 0
    outer loop
      vertex 0 112 0
      vertex 0.0684404 113.044 4
      vertex 0.0684404 113.044 0
    endloop
  endfacet
  facet normal -0.997858 0.0654155 0
    outer loop
      vertex 0.0684404 113.044 4
      vertex 0 112 0
      vertex 0 112 4
    endloop
  endfacet
  facet normal -0.555322 0.831635 0
    outer loop
      vertex 4 118.928 0
      vertex 3.12991 118.347 4
      vertex 4 118.928 4
    endloop
  endfacet
  facet normal -0.555322 0.831635 0
    outer loop
      vertex 3.12991 118.347 4
      vertex 4 118.928 0
      vertex 3.12991 118.347 0
    endloop
  endfacet
  facet normal 0.831635 -0.555322 0
    outer loop
      vertex 268.347 3.12991 4
      vertex 268.928 4 0
      vertex 268.928 4 4
    endloop
  endfacet
  facet normal 0.831635 -0.555322 0
    outer loop
      vertex 268.928 4 0
      vertex 268.347 3.12991 4
      vertex 268.347 3.12991 0
    endloop
  endfacet
  facet normal 0.98063 -0.19587 0
    outer loop
      vertex 269.727 5.92945 4
      vertex 269.932 6.95579 0
      vertex 269.932 6.95579 4
    endloop
  endfacet
  facet normal 0.98063 -0.19587 0
    outer loop
      vertex 269.932 6.95579 0
      vertex 269.727 5.92945 4
      vertex 269.727 5.92945 0
    endloop
  endfacet
  facet normal 0.751826 -0.659362 0
    outer loop
      vertex 267.657 2.34315 4
      vertex 268.347 3.12991 0
      vertex 268.347 3.12991 4
    endloop
  endfacet
  facet normal 0.751826 -0.659362 0
    outer loop
      vertex 268.347 3.12991 0
      vertex 267.657 2.34315 4
      vertex 267.657 2.34315 0
    endloop
  endfacet
  facet normal -0.94684 0.321706 0
    outer loop
      vertex 0.272593 114.071 0
      vertex 0.608963 115.061 4
      vertex 0.608963 115.061 0
    endloop
  endfacet
  facet normal -0.94684 0.321706 0
    outer loop
      vertex 0.608963 115.061 4
      vertex 0.272593 114.071 0
      vertex 0.272593 114.071 4
    endloop
  endfacet
  facet normal 0.659238 -0.751935 0
    outer loop
      vertex 266.87 1.65317 0
      vertex 267.657 2.34315 4
      vertex 266.87 1.65317 4
    endloop
  endfacet
  facet normal 0.659238 -0.751935 0
    outer loop
      vertex 267.657 2.34315 4
      vertex 266.87 1.65317 0
      vertex 267.657 2.34315 0
    endloop
  endfacet
  facet normal -0.831446 0.555606 0
    outer loop
      vertex 1.0718 116 0
      vertex 1.65317 116.87 4
      vertex 1.65317 116.87 0
    endloop
  endfacet
  facet normal -0.831446 0.555606 0
    outer loop
      vertex 1.65317 116.87 4
      vertex 1.0718 116 0
      vertex 1.0718 116 4
    endloop
  endfacet
  facet normal -0.980785 -0.195091 0
    outer loop
      vertex 0.272593 5.92945 0
      vertex 0.0684404 6.95579 4
      vertex 0.0684404 6.95579 0
    endloop
  endfacet
  facet normal -0.980785 -0.195091 0
    outer loop
      vertex 0.0684404 6.95579 4
      vertex 0.272593 5.92945 0
      vertex 0.272593 5.92945 4
    endloop
  endfacet
  facet normal -0 0 1
    outer loop
      vertex 9.58671 110.782 4
      vertex 23 89 4
      vertex 9.73205 111 4
    endloop
  endfacet
  facet normal 0 0 1
    outer loop
      vertex 15 71 4
      vertex 9.98289 8.26105 4
      vertex 10 8 4
    endloop
  endfacet
  facet normal 0 0 1
    outer loop
      vertex 23 89 4
      vertex 9.58671 110.782 4
      vertex 17.2 89 4
    endloop
  endfacet
  facet normal 0 0 1
    outer loop
      vertex 15 71 4
      vertex 9.93185 8.51764 4
      vertex 9.98289 8.26105 4
    endloop
  endfacet
  facet normal -0 0 1
    outer loop
      vertex 9.41421 110.586 4
      vertex 17.2 89 4
      vertex 9.58671 110.782 4
    endloop
  endfacet
  facet normal 0 0 1
    outer loop
      vertex 15 71 4
      vertex 9.84776 8.76537 4
      vertex 9.93185 8.51764 4
    endloop
  endfacet
  facet normal -0 0 1
    outer loop
      vertex 9.21752 110.413 4
      vertex 17.2 89 4
      vertex 9.41421 110.586 4
    endloop
  endfacet
  facet normal 0 0 1
    outer loop
      vertex 15 71 4
      vertex 9.73205 9 4
      vertex 9.84776 8.76537 4
    endloop
  endfacet
  facet normal 0 0 1
    outer loop
      vertex 17.2 89 4
      vertex 9.21752 110.413 4
      vertex 15 89 4
    endloop
  endfacet
  facet normal 0 0 1
    outer loop
      vertex 15 71 4
      vertex 9.58671 9.21752 4
      vertex 9.73205 9 4
    endloop
  endfacet
  facet normal -0 0 1
    outer loop
      vertex 9 110.268 4
      vertex 15 89 4
      vertex 9.21752 110.413 4
    endloop
  endfacet
  facet normal 0 0 1
    outer loop
      vertex 15 71 4
      vertex 9.41421 9.41421 4
      vertex 9.58671 9.21752 4
    endloop
  endfacet
  facet normal -0 0 1
    outer loop
      vertex 8.76537 110.152 4
      vertex 15 89 4
      vertex 9 110.268 4
    endloop
  endfacet
  facet normal 0 0 1
    outer loop
      vertex 15 71 4
      vertex 9.21752 9.58671 4
      vertex 9.41421 9.41421 4
    endloop
  endfacet
  facet normal -0 0 1
    outer loop
      vertex 8.51764 110.068 4
      vertex 15 89 4
      vertex 8.76537 110.152 4
    endloop
  endfacet
  facet normal 0 0 1
    outer loop
      vertex 15 71 4
      vertex 9 9.73205 4
      vertex 9.21752 9.58671 4
    endloop
  endfacet
  facet normal -0 0 1
    outer loop
      vertex 8.26105 110.017 4
      vertex 15 89 4
      vertex 8.51764 110.068 4
    endloop
  endfacet
  facet normal 0 0 1
    outer loop
      vertex 15 71 4
      vertex 8.76537 9.84776 4
      vertex 9 9.73205 4
    endloop
  endfacet
  facet normal -0 0 1
    outer loop
      vertex 8 110 4
      vertex 15 89 4
      vertex 8.26105 110.017 4
    endloop
  endfacet
  facet normal 0 0 1
    outer loop
      vertex 15 71 4
      vertex 8.51764 9.93185 4
      vertex 8.76537 9.84776 4
    endloop
  endfacet
  facet normal 0 0 1
    outer loop
      vertex 7.73895 110.017 4
      vertex 15 89 4
      vertex 8 110 4
    endloop
  endfacet
  facet normal 0 0 1
    outer loop
      vertex 15 71 4
      vertex 8.26105 9.98289 4
      vertex 8.51764 9.93185 4
    endloop
  endfacet
  facet normal 0 0 1
    outer loop
      vertex 7.48236 110.068 4
      vertex 15 89 4
      vertex 7.73895 110.017 4
    endloop
  endfacet
  facet normal 0 0 1
    outer loop
      vertex 15 71 4
      vertex 8 10 4
      vertex 8.26105 9.98289 4
    endloop
  endfacet
  facet normal 0 0 1
    outer loop
      vertex 7.23463 110.152 4
      vertex 15 89 4
      vertex 7.48236 110.068 4
    endloop
  endfacet
  facet normal 0 0 1
    outer loop
      vertex 15 71 4
      vertex 7.73895 9.98289 4
      vertex 8 10 4
    endloop
  endfacet
  facet normal 0 0 1
    outer loop
      vertex 7 110.268 4
      vertex 15 89 4
      vertex 7.23463 110.152 4
    endloop
  endfacet
  facet normal 0 0 1
    outer loop
      vertex 15 71 4
      vertex 7.48236 9.93185 4
      vertex 7.73895 9.98289 4
    endloop
  endfacet
  facet normal 0 0 1
    outer loop
      vertex 15 89 4
      vertex 0 112 4
      vertex 15 71 4
    endloop
  endfacet
  facet normal 0 0 1
    outer loop
      vertex 15 71 4
      vertex 7.23463 9.84776 4
      vertex 7.48236 9.93185 4
    endloop
  endfacet
  facet normal 0 0 1
    outer loop
      vertex 15 89 4
      vertex 7 110.268 4
      vertex 0 112 4
    endloop
  endfacet
  facet normal 0 0 1
    outer loop
      vertex 0 8 4
      vertex 15 71 4
      vertex 0 112 4
    endloop
  endfacet
  facet normal 0 0 1
    outer loop
      vertex 0 112 4
      vertex 7 110.268 4
      vertex 6.78248 110.413 4
    endloop
  endfacet
  facet normal 0 0 1
    outer loop
      vertex 15 71 4
      vertex 0 8 4
      vertex 7.23463 9.84776 4
    endloop
  endfacet
  facet normal 0 0 1
    outer loop
      vertex 0 112 4
      vertex 6.78248 110.413 4
      vertex 6.58579 110.586 4
    endloop
  endfacet
  facet normal 0 0 1
    outer loop
      vertex 7.23463 9.84776 4
      vertex 0 8 4
      vertex 7 9.73205 4
    endloop
  endfacet
  facet normal 0 0 1
    outer loop
      vertex 0 112 4
      vertex 6.58579 110.586 4
      vertex 6.41329 110.782 4
    endloop
  endfacet
  facet normal 0 0 1
    outer loop
      vertex 7 9.73205 4
      vertex 0 8 4
      vertex 6.78248 9.58671 4
    endloop
  endfacet
  facet normal 0 0 1
    outer loop
      vertex 0 112 4
      vertex 6.41329 110.782 4
      vertex 6.26795 111 4
    endloop
  endfacet
  facet normal 0 0 1
    outer loop
      vertex 6.78248 9.58671 4
      vertex 0 8 4
      vertex 6.58579 9.41421 4
    endloop
  endfacet
  facet normal 0 0 1
    outer loop
      vertex 0 112 4
      vertex 6.26795 111 4
      vertex 6.15224 111.235 4
    endloop
  endfacet
  facet normal 0 0 1
    outer loop
      vertex 6.58579 9.41421 4
      vertex 0 8 4
      vertex 6.41329 9.21752 4
    endloop
  endfacet
  facet normal 0 0 1
    outer loop
      vertex 0 112 4
      vertex 6.15224 111.235 4
      vertex 6.06815 111.482 4
    endloop
  endfacet
  facet normal 0 0 1
    outer loop
      vertex 6.41329 9.21752 4
      vertex 0 8 4
      vertex 6.26795 9 4
    endloop
  endfacet
  facet normal 0 0 1
    outer loop
      vertex 0 112 4
      vertex 6.06815 111.482 4
      vertex 6.01711 111.739 4
    endloop
  endfacet
  facet normal 0 0 1
    outer loop
      vertex 6.26795 9 4
      vertex 0 8 4
      vertex 6.15224 8.76537 4
    endloop
  endfacet
  facet normal -0 0 1
    outer loop
      vertex 0 112 4
      vertex 6.01711 111.739 4
      vertex 6 112 4
    endloop
  endfacet
  facet normal 0 0 1
    outer loop
      vertex 6.15224 8.76537 4
      vertex 0 8 4
      vertex 6.06815 8.51764 4
    endloop
  endfacet
  facet normal -0 0 1
    outer loop
      vertex 20 14 4
      vertex 80 10.2 4
      vertex 80 14 4
    endloop
  endfacet
  facet normal 0 0 1
    outer loop
      vertex 80 10.2 4
      vertex 20 14 4
      vertex 20 10.2 4
    endloop
  endfacet
  facet normal -0 0 1
    outer loop
      vertex 20 20 4
      vertex 80 16.2 4
      vertex 80 20 4
    endloop
  endfacet
  facet normal 0 0 1
    outer loop
      vertex 80 16.2 4
      vertex 20 20 4
      vertex 20 16.2 4
    endloop
  endfacet
  facet normal -0 0 1
    outer loop
      vertex 20 26 4
      vertex 80 22.2 4
      vertex 80 26 4
    endloop
  endfacet
  facet normal 0 0 1
    outer loop
      vertex 80 22.2 4
      vertex 20 26 4
      vertex 20 22.2 4
    endloop
  endfacet
  facet normal -0 0 1
    outer loop
      vertex 20 32 4
      vertex 80 28.2 4
      vertex 80 32 4
    endloop
  endfacet
  facet normal 0 0 1
    outer loop
      vertex 80 28.2 4
      vertex 20 32 4
      vertex 20 28.2 4
    endloop
  endfacet
  facet normal -0 0 1
    outer loop
      vertex 20 38 4
      vertex 80 34.2 4
      vertex 80 38 4
    endloop
  endfacet
  facet normal 0 0 1
    outer loop
      vertex 80 34.2 4
      vertex 20 38 4
      vertex 20 34.2 4
    endloop
  endfacet
  facet normal -0 0 1
    outer loop
      vertex 104 14 4
      vertex 164 10.2 4
      vertex 164 14 4
    endloop
  endfacet
  facet normal 0 0 1
    outer loop
      vertex 164 10.2 4
      vertex 104 14 4
      vertex 104 10.2 4
    endloop
  endfacet
  facet normal -0 0 1
    outer loop
      vertex 104 20 4
      vertex 164 16.2 4
      vertex 164 20 4
    endloop
  endfacet
  facet normal 0 0 1
    outer loop
      vertex 164 16.2 4
      vertex 104 20 4
      vertex 104 16.2 4
    endloop
  endfacet
  facet normal -0 0 1
    outer loop
      vertex 104 26 4
      vertex 164 22.2 4
      vertex 164 26 4
    endloop
  endfacet
  facet normal 0 0 1
    outer loop
      vertex 164 22.2 4
      vertex 104 26 4
      vertex 104 22.2 4
    endloop
  endfacet
  facet normal -0 0 1
    outer loop
      vertex 104 32 4
      vertex 164 28.2 4
      vertex 164 32 4
    endloop
  endfacet
  facet normal 0 0 1
    outer loop
      vertex 164 28.2 4
      vertex 104 32 4
      vertex 104 28.2 4
    endloop
  endfacet
  facet normal -0 0 1
    outer loop
      vertex 104 38 4
      vertex 164 34.2 4
      vertex 164 38 4
    endloop
  endfacet
  facet normal 0 0 1
    outer loop
      vertex 164 34.2 4
      vertex 104 38 4
      vertex 104 34.2 4
    endloop
  endfacet
  facet normal -0 0 1
    outer loop
      vertex 188 14 4
      vertex 248 10.2 4
      vertex 248 14 4
    endloop
  endfacet
  facet normal 0 0 1
    outer loop
      vertex 248 10.2 4
      vertex 188 14 4
      vertex 188 10.2 4
    endloop
  endfacet
  facet normal -0 0 1
    outer loop
      vertex 188 20 4
      vertex 248 16.2 4
      vertex 248 20 4
    endloop
  endfacet
  facet normal 0 0 1
    outer loop
      vertex 248 16.2 4
      vertex 188 20 4
      vertex 188 16.2 4
    endloop
  endfacet
  facet normal -0 0 1
    outer loop
      vertex 188 26 4
      vertex 248 22.2 4
      vertex 248 26 4
    endloop
  endfacet
  facet normal 0 0 1
    outer loop
      vertex 248 22.2 4
      vertex 188 26 4
      vertex 188 22.2 4
    endloop
  endfacet
  facet normal -0 0 1
    outer loop
      vertex 188 32 4
      vertex 248 28.2 4
      vertex 248 32 4
    endloop
  endfacet
  facet normal 0 0 1
    outer loop
      vertex 248 28.2 4
      vertex 188 32 4
      vertex 188 28.2 4
    endloop
  endfacet
  facet normal -0 0 1
    outer loop
      vertex 188 38 4
      vertex 248 34.2 4
      vertex 248 38 4
    endloop
  endfacet
  facet normal 0 0 1
    outer loop
      vertex 248 34.2 4
      vertex 188 38 4
      vertex 188 34.2 4
    endloop
  endfacet
  facet normal 0 0 1
    outer loop
      vertex 263.848 111.235 4
      vertex 270 112 4
      vertex 263.932 111.482 4
    endloop
  endfacet
  facet normal 0 0 1
    outer loop
      vertex 270 8 4
      vertex 263.983 8.26105 4
      vertex 264 8 4
    endloop
  endfacet
  facet normal 0 0 1
    outer loop
      vertex 263.732 111 4
      vertex 270 112 4
      vertex 263.848 111.235 4
    endloop
  endfacet
  facet normal 0 0 1
    outer loop
      vertex 270 8 4
      vertex 263.932 8.51764 4
      vertex 263.983 8.26105 4
    endloop
  endfacet
  facet normal 0 0 1
    outer loop
      vertex 263.587 110.782 4
      vertex 270 112 4
      vertex 263.732 111 4
    endloop
  endfacet
  facet normal 0 0 1
    outer loop
      vertex 270 8 4
      vertex 263.848 8.76537 4
      vertex 263.932 8.51764 4
    endloop
  endfacet
  facet normal 0 0 1
    outer loop
      vertex 263.414 110.586 4
      vertex 270 112 4
      vertex 263.587 110.782 4
    endloop
  endfacet
  facet normal 0 0 1
    outer loop
      vertex 270 8 4
      vertex 263.732 9 4
      vertex 263.848 8.76537 4
    endloop
  endfacet
  facet normal 0 0 1
    outer loop
      vertex 263.218 110.413 4
      vertex 270 112 4
      vertex 263.414 110.586 4
    endloop
  endfacet
  facet normal 0 0 1
    outer loop
      vertex 270 8 4
      vertex 263.587 9.21752 4
      vertex 263.732 9 4
    endloop
  endfacet
  facet normal 0 0 1
    outer loop
      vertex 270 112 4
      vertex 248 40.2 4
      vertex 270 8 4
    endloop
  endfacet
  facet normal -0 0 1
    outer loop
      vertex 248 38 4
      vertex 270 8 4
      vertex 248 40.2 4
    endloop
  endfacet
  facet normal 0 0 1
    outer loop
      vertex 263 110.268 4
      vertex 270 112 4
      vertex 263.218 110.413 4
    endloop
  endfacet
  facet normal 0 0 1
    outer loop
      vertex 270 8 4
      vertex 263.414 9.41421 4
      vertex 263.587 9.21752 4
    endloop
  endfacet
  facet normal 0 0 1
    outer loop
      vertex 262.765 110.152 4
      vertex 270 112 4
      vertex 263 110.268 4
    endloop
  endfacet
  facet normal 0 0 1
    outer loop
      vertex 270 8 4
      vertex 263.218 9.58671 4
      vertex 263.414 9.41421 4
    endloop
  endfacet
  facet normal 0 0 1
    outer loop
      vertex 270 112 4
      vertex 262.765 110.152 4
      vertex 248 40.2 4
    endloop
  endfacet
  facet normal -0 0 1
    outer loop
      vertex 248 34.2 4
      vertex 270 8 4
      vertex 248 38 4
    endloop
  endfacet
  facet normal 0 0 1
    outer loop
      vertex 248 40.2 4
      vertex 262.765 110.152 4
      vertex 262.518 110.068 4
    endloop
  endfacet
  facet normal 0 0 1
    outer loop
      vertex 270 8 4
      vertex 263 9.73205 4
      vertex 263.218 9.58671 4
    endloop
  endfacet
  facet normal 0 0 1
    outer loop
      vertex 248 40.2 4
      vertex 262.518 110.068 4
      vertex 262.261 110.017 4
    endloop
  endfacet
  facet normal -0 0 1
    outer loop
      vertex 248 32 4
      vertex 270 8 4
      vertex 248 34.2 4
    endloop
  endfacet
  facet normal 0 0 1
    outer loop
      vertex 248 40.2 4
      vertex 262.261 110.017 4
      vertex 262 110 4
    endloop
  endfacet
  facet normal 0 0 1
    outer loop
      vertex 270 8 4
      vertex 262.765 9.84776 4
      vertex 263 9.73205 4
    endloop
  endfacet
  facet normal 0 0 1
    outer loop
      vertex 248 40.2 4
      vertex 262 110 4
      vertex 261.739 110.017 4
    endloop
  endfacet
  facet normal 0 0 1
    outer loop
      vertex 270 8 4
      vertex 248 32 4
      vertex 262.765 9.84776 4
    endloop
  endfacet
  facet normal 0 0 1
    outer loop
      vertex 248 40.2 4
      vertex 261.739 110.017 4
      vertex 261.482 110.068 4
    endloop
  endfacet
  facet normal 0 0 1
    outer loop
      vertex 262.765 9.84776 4
      vertex 248 32 4
      vertex 262.518 9.93185 4
    endloop
  endfacet
  facet normal 0 0 1
    outer loop
      vertex 248 40.2 4
      vertex 261.482 110.068 4
      vertex 261.235 110.152 4
    endloop
  endfacet
  facet normal -0 0 1
    outer loop
      vertex 248 28.2 4
      vertex 262.518 9.93185 4
      vertex 248 32 4
    endloop
  endfacet
  facet normal 0 0 1
    outer loop
      vertex 248 40.2 4
      vertex 261.235 110.152 4
      vertex 261 110.268 4
    endloop
  endfacet
  facet normal 0 0 1
    outer loop
      vertex 262.518 9.93185 4
      vertex 248 28.2 4
      vertex 262.261 9.98289 4
    endloop
  endfacet
  facet normal 0 0 1
    outer loop
      vertex 248 40.2 4
      vertex 261 110.268 4
      vertex 260.782 110.413 4
    endloop
  endfacet
  facet normal -0 0 1
    outer loop
      vertex 248 26 4
      vertex 262.261 9.98289 4
      vertex 248 28.2 4
    endloop
  endfacet
  facet normal 0 0 1
    outer loop
      vertex 248 40.2 4
      vertex 260.782 110.413 4
      vertex 260.586 110.586 4
    endloop
  endfacet
  facet normal 0 0 1
    outer loop
      vertex 262.261 9.98289 4
      vertex 248 26 4
      vertex 262 10 4
    endloop
  endfacet
  facet normal 0 0 1
    outer loop
      vertex 248 40.2 4
      vertex 260.586 110.586 4
      vertex 260.413 110.782 4
    endloop
  endfacet
  facet normal -0 0 1
    outer loop
      vertex 248 22.2 4
      vertex 262 10 4
      vertex 248 26 4
    endloop
  endfacet
  facet normal 0 0 1
    outer loop
      vertex 188 40.2 4
      vertex 260.413 110.782 4
      vertex 260.268 111 4
    endloop
  endfacet
  facet normal 0 0 1
    outer loop
      vertex 262 10 4
      vertex 248 22.2 4
      vertex 261.739 9.98289 4
    endloop
  endfacet
  facet normal 0 0 1
    outer loop
      vertex 188 40.2 4
      vertex 260.268 111 4
      vertex 260.152 111.235 4
    endloop
  endfacet
  facet normal 0 0 1
    outer loop
      vertex 261.739 9.98289 4
      vertex 248 22.2 4
      vertex 261.482 9.93185 4
    endloop
  endfacet
  facet normal 0 0 1
    outer loop
      vertex 188 40.2 4
      vertex 260.152 111.235 4
      vertex 260.068 111.482 4
    endloop
  endfacet
  facet normal -0 0 1
    outer loop
      vertex 248 20 4
      vertex 261.482 9.93185 4
      vertex 248 22.2 4
    endloop
  endfacet
  facet normal 0 0 1
    outer loop
      vertex 188 40.2 4
      vertex 260.068 111.482 4
      vertex 260.017 111.739 4
    endloop
  endfacet
  facet normal 0 0 1
    outer loop
      vertex 261.482 9.93185 4
      vertex 248 20 4
      vertex 261.235 9.84776 4
    endloop
  endfacet
  facet normal 0 0 1
    outer loop
      vertex 188 40.2 4
      vertex 260.017 111.739 4
      vertex 260 112 4
    endloop
  endfacet
  facet normal 0 0 1
    outer loop
      vertex 261.235 9.84776 4
      vertex 248 20 4
      vertex 261 9.73205 4
    endloop
  endfacet
  facet normal 0 0 1
    outer loop
      vertex 264 112 4
      vertex 270 112 4
      vertex 269.932 113.044 4
    endloop
  endfacet
  facet normal 0 0 1
    outer loop
      vertex 263.983 111.739 4
      vertex 270 112 4
      vertex 264 112 4
    endloop
  endfacet
  facet normal 0 0 1
    outer loop
      vertex 263.983 112.261 4
      vertex 269.932 113.044 4
      vertex 269.727 114.071 4
    endloop
  endfacet
  facet normal 0 0 1
    outer loop
      vertex 263.932 111.482 4
      vertex 270 112 4
      vertex 263.983 111.739 4
    endloop
  endfacet
  facet normal 0 0 1
    outer loop
      vertex 263.932 112.518 4
      vertex 269.727 114.071 4
      vertex 269.391 115.061 4
    endloop
  endfacet
  facet normal 0 0 1
    outer loop
      vertex 270 8 4
      vertex 264 8 4
      vertex 269.932 6.95579 4
    endloop
  endfacet
  facet normal 0 0 1
    outer loop
      vertex 263.848 112.765 4
      vertex 269.391 115.061 4
      vertex 268.928 116 4
    endloop
  endfacet
  facet normal -0 0 1
    outer loop
      vertex 263.983 7.73895 4
      vertex 269.932 6.95579 4
      vertex 264 8 4
    endloop
  endfacet
  facet normal 0 0 1
    outer loop
      vertex 263.732 113 4
      vertex 268.928 116 4
      vertex 268.347 116.87 4
    endloop
  endfacet
  facet normal 0 0 1
    outer loop
      vertex 269.932 6.95579 4
      vertex 263.983 7.73895 4
      vertex 269.727 5.92945 4
    endloop
  endfacet
  facet normal 0 0 1
    outer loop
      vertex 263.587 113.218 4
      vertex 268.347 116.87 4
      vertex 267.657 117.657 4
    endloop
  endfacet
  facet normal -0 0 1
    outer loop
      vertex 263.932 7.48236 4
      vertex 269.727 5.92945 4
      vertex 263.983 7.73895 4
    endloop
  endfacet
  facet normal 0 0 1
    outer loop
      vertex 263.414 113.414 4
      vertex 267.657 117.657 4
      vertex 266.87 118.347 4
    endloop
  endfacet
  facet normal 0 0 1
    outer loop
      vertex 269.727 5.92945 4
      vertex 263.932 7.48236 4
      vertex 269.391 4.93853 4
    endloop
  endfacet
  facet normal 0 0 1
    outer loop
      vertex 263.218 113.587 4
      vertex 266.87 118.347 4
      vertex 266 118.928 4
    endloop
  endfacet
  facet normal -0 0 1
    outer loop
      vertex 263.848 7.23463 4
      vertex 269.391 4.93853 4
      vertex 263.932 7.48236 4
    endloop
  endfacet
  facet normal 0 0 1
    outer loop
      vertex 263 113.732 4
      vertex 266 118.928 4
      vertex 265.061 119.391 4
    endloop
  endfacet
  facet normal 0 0 1
    outer loop
      vertex 269.391 4.93853 4
      vertex 263.848 7.23463 4
      vertex 268.928 4 4
    endloop
  endfacet
  facet normal 0 0 1
    outer loop
      vertex 262.765 113.848 4
      vertex 265.061 119.391 4
      vertex 264.071 119.727 4
    endloop
  endfacet
  facet normal -0 0 1
    outer loop
      vertex 263.732 7 4
      vertex 268.928 4 4
      vertex 263.848 7.23463 4
    endloop
  endfacet
  facet normal 0 0 1
    outer loop
      vertex 268.928 4 4
      vertex 263.732 7 4
      vertex 268.347 3.12991 4
    endloop
  endfacet
  facet normal 0 0 1
    outer loop
      vertex 269.932 113.044 4
      vertex 263.983 112.261 4
      vertex 264 112 4
    endloop
  endfacet
  facet normal 0 0 1
    outer loop
      vertex 269.727 114.071 4
      vertex 263.932 112.518 4
      vertex 263.983 112.261 4
    endloop
  endfacet
  facet normal 0 0 1
    outer loop
      vertex 269.391 115.061 4
      vertex 263.848 112.765 4
      vertex 263.932 112.518 4
    endloop
  endfacet
  facet normal 0 0 1
    outer loop
      vertex 268.928 116 4
      vertex 263.732 113 4
      vertex 263.848 112.765 4
    endloop
  endfacet
  facet normal 0 0 1
    outer loop
      vertex 268.347 116.87 4
      vertex 263.587 113.218 4
      vertex 263.732 113 4
    endloop
  endfacet
  facet normal 0 0 1
    outer loop
      vertex 267.657 117.657 4
      vertex 263.414 113.414 4
      vertex 263.587 113.218 4
    endloop
  endfacet
  facet normal 0 0 1
    outer loop
      vertex 266.87 118.347 4
      vertex 263.218 113.587 4
      vertex 263.414 113.414 4
    endloop
  endfacet
  facet normal 0 0 1
    outer loop
      vertex 262.518 113.932 4
      vertex 264.071 119.727 4
      vertex 263.044 119.932 4
    endloop
  endfacet
  facet normal 0 0 1
    outer loop
      vertex 266 118.928 4
      vertex 263 113.732 4
      vertex 263.218 113.587 4
    endloop
  endfacet
  facet normal 0 0 1
    outer loop
      vertex 265.061 119.391 4
      vertex 262.765 113.848 4
      vertex 263 113.732 4
    endloop
  endfacet
  facet normal 0 0 1
    outer loop
      vertex 264.071 119.727 4
      vertex 262.518 113.932 4
      vertex 262.765 113.848 4
    endloop
  endfacet
  facet normal 0 0 1
    outer loop
      vertex 263.044 119.932 4
      vertex 262.261 113.983 4
      vertex 262.518 113.932 4
    endloop
  endfacet
  facet normal 0 0 1
    outer loop
      vertex 262 120 4
      vertex 262.261 113.983 4
      vertex 263.044 119.932 4
    endloop
  endfacet
  facet normal 0 0 1
    outer loop
      vertex 262 120 4
      vertex 262 114 4
      vertex 262.261 113.983 4
    endloop
  endfacet
  facet normal 0 0 1
    outer loop
      vertex 262 120 4
      vertex 261.739 113.983 4
      vertex 262 114 4
    endloop
  endfacet
  facet normal 0 0 1
    outer loop
      vertex 262 120 4
      vertex 261.482 113.932 4
      vertex 261.739 113.983 4
    endloop
  endfacet
  facet normal 0 0 1
    outer loop
      vertex 262 120 4
      vertex 261.235 113.848 4
      vertex 261.482 113.932 4
    endloop
  endfacet
  facet normal 0 0 1
    outer loop
      vertex 262 120 4
      vertex 261 113.732 4
      vertex 261.235 113.848 4
    endloop
  endfacet
  facet normal 0 0 1
    outer loop
      vertex 262 120 4
      vertex 260.782 113.587 4
      vertex 261 113.732 4
    endloop
  endfacet
  facet normal 0 0 1
    outer loop
      vertex 262 120 4
      vertex 260.586 113.414 4
      vertex 260.782 113.587 4
    endloop
  endfacet
  facet normal 0 0 1
    outer loop
      vertex 262 120 4
      vertex 260.413 113.218 4
      vertex 260.586 113.414 4
    endloop
  endfacet
  facet normal 0 0 1
    outer loop
      vertex 262 120 4
      vertex 260.268 113 4
      vertex 260.413 113.218 4
    endloop
  endfacet
  facet normal 0 0 1
    outer loop
      vertex 262 120 4
      vertex 260.152 112.765 4
      vertex 260.268 113 4
    endloop
  endfacet
  facet normal 0 0 1
    outer loop
      vertex 262 120 4
      vertex 260.068 112.518 4
      vertex 260.152 112.765 4
    endloop
  endfacet
  facet normal -0 0 1
    outer loop
      vertex 248 16.2 4
      vertex 261 9.73205 4
      vertex 248 20 4
    endloop
  endfacet
  facet normal 0 0 1
    outer loop
      vertex 188 40.2 4
      vertex 260 112 4
      vertex 260.017 112.261 4
    endloop
  endfacet
  facet normal 0 0 1
    outer loop
      vertex 260.413 110.782 4
      vertex 188 40.2 4
      vertex 248 40.2 4
    endloop
  endfacet
  facet normal 0 0 1
    outer loop
      vertex 164 40.2 4
      vertex 260.017 112.261 4
      vertex 260.068 112.518 4
    endloop
  endfacet
  facet normal 0 0 1
    outer loop
      vertex 164 40.2 4
      vertex 260.068 112.518 4
      vertex 262 120 4
    endloop
  endfacet
  facet normal 0 0 1
    outer loop
      vertex 164 38 4
      vertex 188 38 4
      vertex 188 40.2 4
    endloop
  endfacet
  facet normal 0 0 1
    outer loop
      vertex 188 38 4
      vertex 164 38 4
      vertex 188 34.2 4
    endloop
  endfacet
  facet normal 0 0 1
    outer loop
      vertex 188 34.2 4
      vertex 164 34.2 4
      vertex 188 32 4
    endloop
  endfacet
  facet normal 0 0 1
    outer loop
      vertex 164 32 4
      vertex 188 32 4
      vertex 164 34.2 4
    endloop
  endfacet
  facet normal 0 0 1
    outer loop
      vertex 164 28.2 4
      vertex 188 28.2 4
      vertex 164 32 4
    endloop
  endfacet
  facet normal 0 0 1
    outer loop
      vertex 188 28.2 4
      vertex 164 28.2 4
      vertex 188 26 4
    endloop
  endfacet
  facet normal 0 0 1
    outer loop
      vertex 188 26 4
      vertex 164 26 4
      vertex 188 22.2 4
    endloop
  endfacet
  facet normal 0 0 1
    outer loop
      vertex 164 22.2 4
      vertex 188 22.2 4
      vertex 164 26 4
    endloop
  endfacet
  facet normal 0 0 1
    outer loop
      vertex 164 20 4
      vertex 188 20 4
      vertex 164 22.2 4
    endloop
  endfacet
  facet normal 0 0 1
    outer loop
      vertex 188 20 4
      vertex 164 20 4
      vertex 188 16.2 4
    endloop
  endfacet
  facet normal 0 0 1
    outer loop
      vertex 164 38 4
      vertex 188 40.2 4
      vertex 164 40.2 4
    endloop
  endfacet
  facet normal 0 0 1
    outer loop
      vertex 260.017 112.261 4
      vertex 164 40.2 4
      vertex 188 40.2 4
    endloop
  endfacet
  facet normal -0 0 1
    outer loop
      vertex 57.2 89 4
      vertex 164 40.2 4
      vertex 262 120 4
    endloop
  endfacet
  facet normal 0 0 1
    outer loop
      vertex 80 38 4
      vertex 104 38 4
      vertex 104 40.2 4
    endloop
  endfacet
  facet normal 0 0 1
    outer loop
      vertex 104 38 4
      vertex 80 38 4
      vertex 104 34.2 4
    endloop
  endfacet
  facet normal 0 0 1
    outer loop
      vertex 104 34.2 4
      vertex 80 34.2 4
      vertex 104 32 4
    endloop
  endfacet
  facet normal 0 0 1
    outer loop
      vertex 80 32 4
      vertex 104 32 4
      vertex 80 34.2 4
    endloop
  endfacet
  facet normal 0 0 1
    outer loop
      vertex 80 28.2 4
      vertex 104 28.2 4
      vertex 80 32 4
    endloop
  endfacet
  facet normal 0 0 1
    outer loop
      vertex 104 28.2 4
      vertex 80 28.2 4
      vertex 104 26 4
    endloop
  endfacet
  facet normal 0 0 1
    outer loop
      vertex 104 26 4
      vertex 80 26 4
      vertex 104 22.2 4
    endloop
  endfacet
  facet normal 0 0 1
    outer loop
      vertex 80 22.2 4
      vertex 104 22.2 4
      vertex 80 26 4
    endloop
  endfacet
  facet normal 0 0 1
    outer loop
      vertex 80 20 4
      vertex 104 20 4
      vertex 80 22.2 4
    endloop
  endfacet
  facet normal 0 0 1
    outer loop
      vertex 104 20 4
      vertex 80 20 4
      vertex 104 16.2 4
    endloop
  endfacet
  facet normal 0 0 1
    outer loop
      vertex 80 38 4
      vertex 104 40.2 4
      vertex 80 40.2 4
    endloop
  endfacet
  facet normal 0 0 1
    outer loop
      vertex 164 40.2 4
      vertex 57.2 89 4
      vertex 104 40.2 4
    endloop
  endfacet
  facet normal -0 0 1
    outer loop
      vertex 57.2 71 4
      vertex 104 40.2 4
      vertex 57.2 89 4
    endloop
  endfacet
  facet normal -0 0 1
    outer loop
      vertex 8 120 4
      vertex 57.2 89 4
      vertex 262 120 4
    endloop
  endfacet
  facet normal 0 0 1
    outer loop
      vertex 55 89 4
      vertex 49.2 89 4
      vertex 55 71 4
    endloop
  endfacet
  facet normal 0 0 1
    outer loop
      vertex 57.2 89 4
      vertex 8 120 4
      vertex 55 89 4
    endloop
  endfacet
  facet normal 0 0 1
    outer loop
      vertex 55 89 4
      vertex 8 120 4
      vertex 49.2 89 4
    endloop
  endfacet
  facet normal 0 0 1
    outer loop
      vertex 47 89 4
      vertex 41.2 89 4
      vertex 47 71 4
    endloop
  endfacet
  facet normal 0 0 1
    outer loop
      vertex 49.2 89 4
      vertex 8 120 4
      vertex 47 89 4
    endloop
  endfacet
  facet normal 0 0 1
    outer loop
      vertex 47 89 4
      vertex 8 120 4
      vertex 41.2 89 4
    endloop
  endfacet
  facet normal 0 0 1
    outer loop
      vertex 39 89 4
      vertex 33.2 89 4
      vertex 39 71 4
    endloop
  endfacet
  facet normal -0 -0 1
    outer loop
      vertex 9.84776 112.765 4
      vertex 41.2 89 4
      vertex 8 120 4
    endloop
  endfacet
  facet normal -0 -0 1
    outer loop
      vertex 9.93185 112.518 4
      vertex 41.2 89 4
      vertex 9.84776 112.765 4
    endloop
  endfacet
  facet normal 0 0 1
    outer loop
      vertex 31 89 4
      vertex 25.2 89 4
      vertex 31 71 4
    endloop
  endfacet
  facet normal 0 0 1
    outer loop
      vertex 41.2 89 4
      vertex 9.93185 112.518 4
      vertex 39 89 4
    endloop
  endfacet
  facet normal -0 -0 1
    outer loop
      vertex 9.98289 112.261 4
      vertex 39 89 4
      vertex 9.93185 112.518 4
    endloop
  endfacet
  facet normal 0 0 1
    outer loop
      vertex 17.2 71 4
      vertex 23 71 4
      vertex 23 89 4
    endloop
  endfacet
  facet normal 0 0 1
    outer loop
      vertex 10 8 4
      vertex 20 38 4
      vertex 20 40.2 4
    endloop
  endfacet
  facet normal 0 0 1
    outer loop
      vertex 20 38 4
      vertex 10 8 4
      vertex 20 34.2 4
    endloop
  endfacet
  facet normal 0 0 1
    outer loop
      vertex 20 34.2 4
      vertex 10 8 4
      vertex 20 32 4
    endloop
  endfacet
  facet normal 0 0 1
    outer loop
      vertex 20 32 4
      vertex 10 8 4
      vertex 20 28.2 4
    endloop
  endfacet
  facet normal 0 0 1
    outer loop
      vertex 20 28.2 4
      vertex 10 8 4
      vertex 20 26 4
    endloop
  endfacet
  facet normal 0 0 1
    outer loop
      vertex 20 26 4
      vertex 10 8 4
      vertex 20 22.2 4
    endloop
  endfacet
  facet normal 0 0 1
    outer loop
      vertex 20 22.2 4
      vertex 10 8 4
      vertex 20 20 4
    endloop
  endfacet
  facet normal 0 0 1
    outer loop
      vertex 20 20 4
      vertex 10 8 4
      vertex 20 16.2 4
    endloop
  endfacet
  facet normal 0 0 1
    outer loop
      vertex 20 16.2 4
      vertex 10 8 4
      vertex 20 14 4
    endloop
  endfacet
  facet normal 0 0 1
    outer loop
      vertex 20 14 4
      vertex 10 8 4
      vertex 20 10.2 4
    endloop
  endfacet
  facet normal 0 0 1
    outer loop
      vertex 23 71 4
      vertex 17.2 71 4
      vertex 20 40.2 4
    endloop
  endfacet
  facet normal 0 0 1
    outer loop
      vertex 17.2 71 4
      vertex 23 89 4
      vertex 17.2 89 4
    endloop
  endfacet
  facet normal -0 -0 1
    outer loop
      vertex 10 112 4
      vertex 33.2 89 4
      vertex 9.98289 112.261 4
    endloop
  endfacet
  facet normal -0 0 1
    outer loop
      vertex 9.93185 111.482 4
      vertex 31 89 4
      vertex 9.98289 111.739 4
    endloop
  endfacet
  facet normal 0 0 1
    outer loop
      vertex 25.2 89 4
      vertex 9.84776 111.235 4
      vertex 23 89 4
    endloop
  endfacet
  facet normal 0 0 1
    outer loop
      vertex 31 89 4
      vertex 9.93185 111.482 4
      vertex 25.2 89 4
    endloop
  endfacet
  facet normal -0 0 1
    outer loop
      vertex 9.84776 111.235 4
      vertex 25.2 89 4
      vertex 9.93185 111.482 4
    endloop
  endfacet
  facet normal -0 0 1
    outer loop
      vertex 9.98289 111.739 4
      vertex 31 89 4
      vertex 10 112 4
    endloop
  endfacet
  facet normal 0 0 1
    outer loop
      vertex 33.2 89 4
      vertex 10 112 4
      vertex 31 89 4
    endloop
  endfacet
  facet normal 0 0 1
    outer loop
      vertex 39 89 4
      vertex 9.98289 112.261 4
      vertex 33.2 89 4
    endloop
  endfacet
  facet normal 0 0 1
    outer loop
      vertex 9.84776 112.765 4
      vertex 8 120 4
      vertex 9.73205 113 4
    endloop
  endfacet
  facet normal 0 0 1
    outer loop
      vertex 9.73205 113 4
      vertex 8 120 4
      vertex 9.58671 113.218 4
    endloop
  endfacet
  facet normal 0 0 1
    outer loop
      vertex 9.58671 113.218 4
      vertex 8 120 4
      vertex 9.41421 113.414 4
    endloop
  endfacet
  facet normal 0 0 1
    outer loop
      vertex 9.41421 113.414 4
      vertex 8 120 4
      vertex 9.21752 113.587 4
    endloop
  endfacet
  facet normal 0 0 1
    outer loop
      vertex 9.21752 113.587 4
      vertex 8 120 4
      vertex 9 113.732 4
    endloop
  endfacet
  facet normal 0 0 1
    outer loop
      vertex 9 113.732 4
      vertex 8 120 4
      vertex 8.76537 113.848 4
    endloop
  endfacet
  facet normal 0 0 1
    outer loop
      vertex 8.76537 113.848 4
      vertex 8 120 4
      vertex 8.51764 113.932 4
    endloop
  endfacet
  facet normal 0 0 1
    outer loop
      vertex 8.51764 113.932 4
      vertex 8 120 4
      vertex 8.26105 113.983 4
    endloop
  endfacet
  facet normal 0 0 1
    outer loop
      vertex 8 120 4
      vertex 8 114 4
      vertex 8.26105 113.983 4
    endloop
  endfacet
  facet normal 0 0 1
    outer loop
      vertex 8 120 4
      vertex 7.73895 113.983 4
      vertex 8 114 4
    endloop
  endfacet
  facet normal -0 0 1
    outer loop
      vertex 6.95579 119.932 4
      vertex 7.73895 113.983 4
      vertex 8 120 4
    endloop
  endfacet
  facet normal 0 0 1
    outer loop
      vertex 7.73895 113.983 4
      vertex 6.95579 119.932 4
      vertex 7.48236 113.932 4
    endloop
  endfacet
  facet normal -0 0 1
    outer loop
      vertex 5.92945 119.727 4
      vertex 7.48236 113.932 4
      vertex 6.95579 119.932 4
    endloop
  endfacet
  facet normal 0 0 1
    outer loop
      vertex 7.48236 113.932 4
      vertex 5.92945 119.727 4
      vertex 7.23463 113.848 4
    endloop
  endfacet
  facet normal -0 0 1
    outer loop
      vertex 4.93853 119.391 4
      vertex 7.23463 113.848 4
      vertex 5.92945 119.727 4
    endloop
  endfacet
  facet normal 0 0 1
    outer loop
      vertex 7.23463 113.848 4
      vertex 4.93853 119.391 4
      vertex 7 113.732 4
    endloop
  endfacet
  facet normal -0 0 1
    outer loop
      vertex 4 118.928 4
      vertex 7 113.732 4
      vertex 4.93853 119.391 4
    endloop
  endfacet
  facet normal 0 0 1
    outer loop
      vertex 7 113.732 4
      vertex 4 118.928 4
      vertex 6.78248 113.587 4
    endloop
  endfacet
  facet normal -0 0 1
    outer loop
      vertex 3.12991 118.347 4
      vertex 6.78248 113.587 4
      vertex 4 118.928 4
    endloop
  endfacet
  facet normal 0 0 1
    outer loop
      vertex 6.78248 113.587 4
      vertex 3.12991 118.347 4
      vertex 6.58579 113.414 4
    endloop
  endfacet
  facet normal -0 0 1
    outer loop
      vertex 2.34315 117.657 4
      vertex 6.58579 113.414 4
      vertex 3.12991 118.347 4
    endloop
  endfacet
  facet normal 0 0 1
    outer loop
      vertex 6.41329 113.218 4
      vertex 1.65317 116.87 4
      vertex 6.26795 113 4
    endloop
  endfacet
  facet normal -0 0 1
    outer loop
      vertex 1.65317 116.87 4
      vertex 6.41329 113.218 4
      vertex 2.34315 117.657 4
    endloop
  endfacet
  facet normal 0 0 1
    outer loop
      vertex 6.58579 113.414 4
      vertex 2.34315 117.657 4
      vertex 6.41329 113.218 4
    endloop
  endfacet
  facet normal -0 0 1
    outer loop
      vertex 263.587 6.78248 4
      vertex 268.347 3.12991 4
      vertex 263.732 7 4
    endloop
  endfacet
  facet normal 0 0 1
    outer loop
      vertex 268.347 3.12991 4
      vertex 263.587 6.78248 4
      vertex 267.657 2.34315 4
    endloop
  endfacet
  facet normal -0 0 1
    outer loop
      vertex 263.414 6.58579 4
      vertex 267.657 2.34315 4
      vertex 263.587 6.78248 4
    endloop
  endfacet
  facet normal 0 0 1
    outer loop
      vertex 267.657 2.34315 4
      vertex 263.414 6.58579 4
      vertex 266.87 1.65317 4
    endloop
  endfacet
  facet normal -0 0 1
    outer loop
      vertex 263.218 6.41329 4
      vertex 266.87 1.65317 4
      vertex 263.414 6.58579 4
    endloop
  endfacet
  facet normal 0 0 1
    outer loop
      vertex 266.87 1.65317 4
      vertex 263.218 6.41329 4
      vertex 266 1.0718 4
    endloop
  endfacet
  facet normal -0 0 1
    outer loop
      vertex 263 6.26795 4
      vertex 266 1.0718 4
      vertex 263.218 6.41329 4
    endloop
  endfacet
  facet normal 0 0 1
    outer loop
      vertex 266 1.0718 4
      vertex 263 6.26795 4
      vertex 265.061 0.608963 4
    endloop
  endfacet
  facet normal -0 0 1
    outer loop
      vertex 262.765 6.15224 4
      vertex 265.061 0.608963 4
      vertex 263 6.26795 4
    endloop
  endfacet
  facet normal 0 0 1
    outer loop
      vertex 265.061 0.608963 4
      vertex 262.765 6.15224 4
      vertex 264.071 0.272593 4
    endloop
  endfacet
  facet normal -0 0 1
    outer loop
      vertex 262.518 6.06815 4
      vertex 264.071 0.272593 4
      vertex 262.765 6.15224 4
    endloop
  endfacet
  facet normal 0 0 1
    outer loop
      vertex 264.071 0.272593 4
      vertex 262.518 6.06815 4
      vertex 263.044 0.0684404 4
    endloop
  endfacet
  facet normal -0 0 1
    outer loop
      vertex 262.261 6.01711 4
      vertex 263.044 0.0684404 4
      vertex 262.518 6.06815 4
    endloop
  endfacet
  facet normal -0 0 1
    outer loop
      vertex 262 6 4
      vertex 263.044 0.0684404 4
      vertex 262.261 6.01711 4
    endloop
  endfacet
  facet normal 0 0 1
    outer loop
      vertex 262 6 4
      vertex 262 0 4
      vertex 263.044 0.0684404 4
    endloop
  endfacet
  facet normal 0 0 1
    outer loop
      vertex 261.739 6.01711 4
      vertex 262 0 4
      vertex 262 6 4
    endloop
  endfacet
  facet normal 0 0 1
    outer loop
      vertex 261.482 6.06815 4
      vertex 262 0 4
      vertex 261.739 6.01711 4
    endloop
  endfacet
  facet normal 0 0 1
    outer loop
      vertex 261.235 6.15224 4
      vertex 262 0 4
      vertex 261.482 6.06815 4
    endloop
  endfacet
  facet normal 0 0 1
    outer loop
      vertex 261 6.26795 4
      vertex 262 0 4
      vertex 261.235 6.15224 4
    endloop
  endfacet
  facet normal 0 0 1
    outer loop
      vertex 260.782 6.41329 4
      vertex 262 0 4
      vertex 261 6.26795 4
    endloop
  endfacet
  facet normal 0 0 1
    outer loop
      vertex 260.586 6.58579 4
      vertex 262 0 4
      vertex 260.782 6.41329 4
    endloop
  endfacet
  facet normal 0 0 1
    outer loop
      vertex 260.413 6.78248 4
      vertex 262 0 4
      vertex 260.586 6.58579 4
    endloop
  endfacet
  facet normal 0 0 1
    outer loop
      vertex 248 8 4
      vertex 260.413 6.78248 4
      vertex 260.268 7 4
    endloop
  endfacet
  facet normal 0 0 1
    outer loop
      vertex 248 8 4
      vertex 260.268 7 4
      vertex 260.152 7.23463 4
    endloop
  endfacet
  facet normal 0 0 1
    outer loop
      vertex 248 8 4
      vertex 260.152 7.23463 4
      vertex 260.068 7.48236 4
    endloop
  endfacet
  facet normal 0 0 1
    outer loop
      vertex 261 9.73205 4
      vertex 248 16.2 4
      vertex 260.782 9.58671 4
    endloop
  endfacet
  facet normal 0 0 1
    outer loop
      vertex 260.782 9.58671 4
      vertex 248 16.2 4
      vertex 260.586 9.41421 4
    endloop
  endfacet
  facet normal -0 0 1
    outer loop
      vertex 248 14 4
      vertex 260.586 9.41421 4
      vertex 248 16.2 4
    endloop
  endfacet
  facet normal 0 0 1
    outer loop
      vertex 260.586 9.41421 4
      vertex 248 14 4
      vertex 260.413 9.21752 4
    endloop
  endfacet
  facet normal 0 0 1
    outer loop
      vertex 260.413 9.21752 4
      vertex 248 14 4
      vertex 260.268 9 4
    endloop
  endfacet
  facet normal -0 0 1
    outer loop
      vertex 248 10.2 4
      vertex 260.268 9 4
      vertex 248 14 4
    endloop
  endfacet
  facet normal 0 0 1
    outer loop
      vertex 260.268 9 4
      vertex 248 10.2 4
      vertex 260.152 8.76537 4
    endloop
  endfacet
  facet normal 0 0 1
    outer loop
      vertex 260.152 8.76537 4
      vertex 248 10.2 4
      vertex 260.068 8.51764 4
    endloop
  endfacet
  facet normal 0 0 1
    outer loop
      vertex 260.068 8.51764 4
      vertex 248 10.2 4
      vertex 260.017 8.26105 4
    endloop
  endfacet
  facet normal 0 0 1
    outer loop
      vertex 248 8 4
      vertex 260.017 8.26105 4
      vertex 248 10.2 4
    endloop
  endfacet
  facet normal 0 0 1
    outer loop
      vertex 260.017 8.26105 4
      vertex 248 8 4
      vertex 260 8 4
    endloop
  endfacet
  facet normal 0 0 1
    outer loop
      vertex 260 8 4
      vertex 248 8 4
      vertex 260.017 7.73895 4
    endloop
  endfacet
  facet normal 0 0 1
    outer loop
      vertex 260.017 7.73895 4
      vertex 248 8 4
      vertex 260.068 7.48236 4
    endloop
  endfacet
  facet normal 0 0 1
    outer loop
      vertex 260.413 6.78248 4
      vertex 248 8 4
      vertex 262 0 4
    endloop
  endfacet
  facet normal -0 0 1
    outer loop
      vertex 188 8 4
      vertex 262 0 4
      vertex 248 8 4
    endloop
  endfacet
  facet normal 0 0 1
    outer loop
      vertex 188 34.2 4
      vertex 164 38 4
      vertex 164 34.2 4
    endloop
  endfacet
  facet normal 0 0 1
    outer loop
      vertex 188 32 4
      vertex 164 32 4
      vertex 188 28.2 4
    endloop
  endfacet
  facet normal 0 0 1
    outer loop
      vertex 164 26 4
      vertex 188 26 4
      vertex 164 28.2 4
    endloop
  endfacet
  facet normal 0 0 1
    outer loop
      vertex 188 22.2 4
      vertex 164 22.2 4
      vertex 188 20 4
    endloop
  endfacet
  facet normal 0 0 1
    outer loop
      vertex 164 16.2 4
      vertex 188 16.2 4
      vertex 164 20 4
    endloop
  endfacet
  facet normal 0 0 1
    outer loop
      vertex 188 16.2 4
      vertex 164 16.2 4
      vertex 188 14 4
    endloop
  endfacet
  facet normal 0 0 1
    outer loop
      vertex 164 14 4
      vertex 188 14 4
      vertex 164 16.2 4
    endloop
  endfacet
  facet normal 0 0 1
    outer loop
      vertex 188 14 4
      vertex 164 14 4
      vertex 188 10.2 4
    endloop
  endfacet
  facet normal 0 0 1
    outer loop
      vertex 164 10.2 4
      vertex 188 10.2 4
      vertex 164 14 4
    endloop
  endfacet
  facet normal 0 0 1
    outer loop
      vertex 188 10.2 4
      vertex 164 10.2 4
      vertex 188 8 4
    endloop
  endfacet
  facet normal 0 0 1
    outer loop
      vertex 164 8 4
      vertex 188 8 4
      vertex 164 10.2 4
    endloop
  endfacet
  facet normal 0 0 1
    outer loop
      vertex 188 8 4
      vertex 164 8 4
      vertex 262 0 4
    endloop
  endfacet
  facet normal -0 0 1
    outer loop
      vertex 104 8 4
      vertex 262 0 4
      vertex 164 8 4
    endloop
  endfacet
  facet normal 0 0 1
    outer loop
      vertex 104 34.2 4
      vertex 80 38 4
      vertex 80 34.2 4
    endloop
  endfacet
  facet normal 0 0 1
    outer loop
      vertex 104 32 4
      vertex 80 32 4
      vertex 104 28.2 4
    endloop
  endfacet
  facet normal 0 0 1
    outer loop
      vertex 80 26 4
      vertex 104 26 4
      vertex 80 28.2 4
    endloop
  endfacet
  facet normal 0 0 1
    outer loop
      vertex 104 22.2 4
      vertex 80 22.2 4
      vertex 104 20 4
    endloop
  endfacet
  facet normal 0 0 1
    outer loop
      vertex 80 16.2 4
      vertex 104 16.2 4
      vertex 80 20 4
    endloop
  endfacet
  facet normal 0 0 1
    outer loop
      vertex 104 16.2 4
      vertex 80 16.2 4
      vertex 104 14 4
    endloop
  endfacet
  facet normal 0 0 1
    outer loop
      vertex 80 14 4
      vertex 104 14 4
      vertex 80 16.2 4
    endloop
  endfacet
  facet normal 0 0 1
    outer loop
      vertex 104 14 4
      vertex 80 14 4
      vertex 104 10.2 4
    endloop
  endfacet
  facet normal 0 0 1
    outer loop
      vertex 80 10.2 4
      vertex 104 10.2 4
      vertex 80 14 4
    endloop
  endfacet
  facet normal 0 0 1
    outer loop
      vertex 104 10.2 4
      vertex 80 10.2 4
      vertex 104 8 4
    endloop
  endfacet
  facet normal 0 0 1
    outer loop
      vertex 80 8 4
      vertex 104 8 4
      vertex 80 10.2 4
    endloop
  endfacet
  facet normal 0 0 1
    outer loop
      vertex 8 0 4
      vertex 104 8 4
      vertex 80 8 4
    endloop
  endfacet
  facet normal 0 0 1
    outer loop
      vertex 8 0 4
      vertex 80 8 4
      vertex 20 8 4
    endloop
  endfacet
  facet normal -0 0 1
    outer loop
      vertex 15 71 4
      vertex 20 40.2 4
      vertex 17.2 71 4
    endloop
  endfacet
  facet normal 0 0 1
    outer loop
      vertex 10 8 4
      vertex 20 40.2 4
      vertex 15 71 4
    endloop
  endfacet
  facet normal -0 0 1
    outer loop
      vertex 9.73205 111 4
      vertex 23 89 4
      vertex 9.84776 111.235 4
    endloop
  endfacet
  facet normal 0 0 1
    outer loop
      vertex 20 10.2 4
      vertex 10 8 4
      vertex 20 8 4
    endloop
  endfacet
  facet normal 0 0 1
    outer loop
      vertex 9.98289 7.73895 4
      vertex 20 8 4
      vertex 10 8 4
    endloop
  endfacet
  facet normal 0 0 1
    outer loop
      vertex 9.93185 7.48236 4
      vertex 20 8 4
      vertex 9.98289 7.73895 4
    endloop
  endfacet
  facet normal 0 0 1
    outer loop
      vertex 9.84776 7.23463 4
      vertex 20 8 4
      vertex 9.93185 7.48236 4
    endloop
  endfacet
  facet normal 0 0 1
    outer loop
      vertex 9.73205 7 4
      vertex 20 8 4
      vertex 9.84776 7.23463 4
    endloop
  endfacet
  facet normal 0 0 1
    outer loop
      vertex 9.58671 6.78248 4
      vertex 20 8 4
      vertex 9.73205 7 4
    endloop
  endfacet
  facet normal 0 0 1
    outer loop
      vertex 20 8 4
      vertex 9.58671 6.78248 4
      vertex 8 0 4
    endloop
  endfacet
  facet normal 0 0 1
    outer loop
      vertex 8 0 4
      vertex 9.58671 6.78248 4
      vertex 9.41421 6.58579 4
    endloop
  endfacet
  facet normal 0 0 1
    outer loop
      vertex 8 0 4
      vertex 9.41421 6.58579 4
      vertex 9.21752 6.41329 4
    endloop
  endfacet
  facet normal 0 0 1
    outer loop
      vertex 8 0 4
      vertex 9.21752 6.41329 4
      vertex 9 6.26795 4
    endloop
  endfacet
  facet normal 0 0 1
    outer loop
      vertex 8 0 4
      vertex 9 6.26795 4
      vertex 8.76537 6.15224 4
    endloop
  endfacet
  facet normal 0 0 1
    outer loop
      vertex 8 0 4
      vertex 8.76537 6.15224 4
      vertex 8.51764 6.06815 4
    endloop
  endfacet
  facet normal 0 0 1
    outer loop
      vertex 8 0 4
      vertex 8.51764 6.06815 4
      vertex 8.26105 6.01711 4
    endloop
  endfacet
  facet normal 0 0 1
    outer loop
      vertex 8 0 4
      vertex 8.26105 6.01711 4
      vertex 8 6 4
    endloop
  endfacet
  facet normal 0 0 1
    outer loop
      vertex 104 8 4
      vertex 8 0 4
      vertex 262 0 4
    endloop
  endfacet
  facet normal 0 0 1
    outer loop
      vertex 7.73895 6.01711 4
      vertex 8 0 4
      vertex 8 6 4
    endloop
  endfacet
  facet normal 0 0 1
    outer loop
      vertex 6.95579 0.0684404 4
      vertex 7.73895 6.01711 4
      vertex 7.48236 6.06815 4
    endloop
  endfacet
  facet normal 0 0 1
    outer loop
      vertex 5.92945 0.272593 4
      vertex 7.48236 6.06815 4
      vertex 7.23463 6.15224 4
    endloop
  endfacet
  facet normal 0 0 1
    outer loop
      vertex 4.93853 0.608963 4
      vertex 7.23463 6.15224 4
      vertex 7 6.26795 4
    endloop
  endfacet
  facet normal 0 0 1
    outer loop
      vertex 7.73895 6.01711 4
      vertex 6.95579 0.0684404 4
      vertex 8 0 4
    endloop
  endfacet
  facet normal 0 0 1
    outer loop
      vertex 4 1.0718 4
      vertex 7 6.26795 4
      vertex 6.78248 6.41329 4
    endloop
  endfacet
  facet normal 0 0 1
    outer loop
      vertex 3.12991 1.65317 4
      vertex 6.78248 6.41329 4
      vertex 6.58579 6.58579 4
    endloop
  endfacet
  facet normal 0 0 1
    outer loop
      vertex 2.34315 2.34315 4
      vertex 6.58579 6.58579 4
      vertex 6.41329 6.78248 4
    endloop
  endfacet
  facet normal 0 0 1
    outer loop
      vertex 1.65317 3.12991 4
      vertex 6.41329 6.78248 4
      vertex 6.26795 7 4
    endloop
  endfacet
  facet normal 0 0 1
    outer loop
      vertex 1.0718 4 4
      vertex 6.26795 7 4
      vertex 6.15224 7.23463 4
    endloop
  endfacet
  facet normal 0 0 1
    outer loop
      vertex 0.608963 4.93853 4
      vertex 6.15224 7.23463 4
      vertex 6.06815 7.48236 4
    endloop
  endfacet
  facet normal 0 0 1
    outer loop
      vertex 0.272593 5.92945 4
      vertex 6.06815 7.48236 4
      vertex 6.01711 7.73895 4
    endloop
  endfacet
  facet normal 0 0 1
    outer loop
      vertex 7.48236 6.06815 4
      vertex 5.92945 0.272593 4
      vertex 6.95579 0.0684404 4
    endloop
  endfacet
  facet normal 0 0 1
    outer loop
      vertex 0.0684404 6.95579 4
      vertex 6.01711 7.73895 4
      vertex 6 8 4
    endloop
  endfacet
  facet normal 0 0 1
    outer loop
      vertex 6.06815 8.51764 4
      vertex 0 8 4
      vertex 6.01711 8.26105 4
    endloop
  endfacet
  facet normal -0 0 1
    outer loop
      vertex 1.0718 116 4
      vertex 6.26795 113 4
      vertex 1.65317 116.87 4
    endloop
  endfacet
  facet normal 0 0 1
    outer loop
      vertex 6.01711 8.26105 4
      vertex 0 8 4
      vertex 6 8 4
    endloop
  endfacet
  facet normal 0 0 1
    outer loop
      vertex 6.26795 113 4
      vertex 1.0718 116 4
      vertex 6.15224 112.765 4
    endloop
  endfacet
  facet normal 0 -0 1
    outer loop
      vertex 0.0684404 6.95579 4
      vertex 6 8 4
      vertex 0 8 4
    endloop
  endfacet
  facet normal -0 0 1
    outer loop
      vertex 0.608963 115.061 4
      vertex 6.15224 112.765 4
      vertex 1.0718 116 4
    endloop
  endfacet
  facet normal 0 0 1
    outer loop
      vertex 7.23463 6.15224 4
      vertex 4.93853 0.608963 4
      vertex 5.92945 0.272593 4
    endloop
  endfacet
  facet normal 0 0 1
    outer loop
      vertex 6.15224 112.765 4
      vertex 0.608963 115.061 4
      vertex 6.06815 112.518 4
    endloop
  endfacet
  facet normal 0 0 1
    outer loop
      vertex 7 6.26795 4
      vertex 4 1.0718 4
      vertex 4.93853 0.608963 4
    endloop
  endfacet
  facet normal -0 0 1
    outer loop
      vertex 0.272593 114.071 4
      vertex 6.06815 112.518 4
      vertex 0.608963 115.061 4
    endloop
  endfacet
  facet normal 0 0 1
    outer loop
      vertex 6.78248 6.41329 4
      vertex 3.12991 1.65317 4
      vertex 4 1.0718 4
    endloop
  endfacet
  facet normal 0 0 1
    outer loop
      vertex 6.06815 112.518 4
      vertex 0.272593 114.071 4
      vertex 6.01711 112.261 4
    endloop
  endfacet
  facet normal 0 0 1
    outer loop
      vertex 6.58579 6.58579 4
      vertex 2.34315 2.34315 4
      vertex 3.12991 1.65317 4
    endloop
  endfacet
  facet normal -0 0 1
    outer loop
      vertex 0.0684404 113.044 4
      vertex 6.01711 112.261 4
      vertex 0.272593 114.071 4
    endloop
  endfacet
  facet normal 0 0 1
    outer loop
      vertex 6.41329 6.78248 4
      vertex 1.65317 3.12991 4
      vertex 2.34315 2.34315 4
    endloop
  endfacet
  facet normal 0 0 1
    outer loop
      vertex 6.01711 112.261 4
      vertex 0.0684404 113.044 4
      vertex 6 112 4
    endloop
  endfacet
  facet normal 0 0 1
    outer loop
      vertex 6.26795 7 4
      vertex 1.0718 4 4
      vertex 1.65317 3.12991 4
    endloop
  endfacet
  facet normal 0 0 1
    outer loop
      vertex 6 112 4
      vertex 0.0684404 113.044 4
      vertex 0 112 4
    endloop
  endfacet
  facet normal 0 0 1
    outer loop
      vertex 6.15224 7.23463 4
      vertex 0.608963 4.93853 4
      vertex 1.0718 4 4
    endloop
  endfacet
  facet normal 0 0 1
    outer loop
      vertex 6.06815 7.48236 4
      vertex 0.272593 5.92945 4
      vertex 0.608963 4.93853 4
    endloop
  endfacet
  facet normal 0 0 1
    outer loop
      vertex 6.01711 7.73895 4
      vertex 0.0684404 6.95579 4
      vertex 0.272593 5.92945 4
    endloop
  endfacet
  facet normal 0 0 1
    outer loop
      vertex 104 40.2 4
      vertex 57.2 71 4
      vertex 80 40.2 4
    endloop
  endfacet
  facet normal -0 0 1
    outer loop
      vertex 55 71 4
      vertex 80 40.2 4
      vertex 57.2 71 4
    endloop
  endfacet
  facet normal 0 0 1
    outer loop
      vertex 49.2 71 4
      vertex 55 71 4
      vertex 49.2 89 4
    endloop
  endfacet
  facet normal -0 0 1
    outer loop
      vertex 49.2 71 4
      vertex 80 40.2 4
      vertex 55 71 4
    endloop
  endfacet
  facet normal 0 0 1
    outer loop
      vertex 20 40.2 4
      vertex 49.2 71 4
      vertex 47 71 4
    endloop
  endfacet
  facet normal 0 0 1
    outer loop
      vertex 41.2 71 4
      vertex 47 71 4
      vertex 41.2 89 4
    endloop
  endfacet
  facet normal 0 0 1
    outer loop
      vertex 20 40.2 4
      vertex 47 71 4
      vertex 41.2 71 4
    endloop
  endfacet
  facet normal 0 0 1
    outer loop
      vertex 20 40.2 4
      vertex 41.2 71 4
      vertex 39 71 4
    endloop
  endfacet
  facet normal 0 0 1
    outer loop
      vertex 33.2 71 4
      vertex 39 71 4
      vertex 33.2 89 4
    endloop
  endfacet
  facet normal 0 0 1
    outer loop
      vertex 20 40.2 4
      vertex 39 71 4
      vertex 33.2 71 4
    endloop
  endfacet
  facet normal 0 0 1
    outer loop
      vertex 20 40.2 4
      vertex 33.2 71 4
      vertex 31 71 4
    endloop
  endfacet
  facet normal 0 0 1
    outer loop
      vertex 25.2 71 4
      vertex 31 71 4
      vertex 25.2 89 4
    endloop
  endfacet
  facet normal 0 0 1
    outer loop
      vertex 20 40.2 4
      vertex 31 71 4
      vertex 25.2 71 4
    endloop
  endfacet
  facet normal 0 0 1
    outer loop
      vertex 20 40.2 4
      vertex 25.2 71 4
      vertex 23 71 4
    endloop
  endfacet
  facet normal 0 0 1
    outer loop
      vertex 49.2 71 4
      vertex 20 40.2 4
      vertex 80 40.2 4
    endloop
  endfacet
  facet normal 0 0 -1
    outer loop
      vertex 266.209 7.92347 0
      vertex 270 8 0
      vertex 269.932 6.95579 0
    endloop
  endfacet
  facet normal 0 0 -1
    outer loop
      vertex 270 8 0
      vertex 266.25 8.55 0
      vertex 270 112 0
    endloop
  endfacet
  facet normal 0 0 -1
    outer loop
      vertex 266.086 7.30767 0
      vertex 269.932 6.95579 0
      vertex 269.727 5.92945 0
    endloop
  endfacet
  facet normal 0 0 -1
    outer loop
      vertex 266.25 111.45 0
      vertex 270 112 0
      vertex 266.25 8.55 0
    endloop
  endfacet
  facet normal 0 0 -1
    outer loop
      vertex 265.885 6.71312 0
      vertex 269.727 5.92945 0
      vertex 269.391 4.93853 0
    endloop
  endfacet
  facet normal 0 0 -1
    outer loop
      vertex 266.209 112.077 0
      vertex 270 112 0
      vertex 266.25 111.45 0
    endloop
  endfacet
  facet normal 0 0 -1
    outer loop
      vertex 265.607 6.15 0
      vertex 269.391 4.93853 0
      vertex 268.928 4 0
    endloop
  endfacet
  facet normal 0 0 -1
    outer loop
      vertex 270 112 0
      vertex 266.209 112.077 0
      vertex 269.932 113.044 0
    endloop
  endfacet
  facet normal 0 0 -1
    outer loop
      vertex 265.258 5.62794 0
      vertex 268.928 4 0
      vertex 268.347 3.12991 0
    endloop
  endfacet
  facet normal 0 0 -1
    outer loop
      vertex 266.086 112.692 0
      vertex 269.932 113.044 0
      vertex 266.209 112.077 0
    endloop
  endfacet
  facet normal 0 0 -1
    outer loop
      vertex 264.844 5.15589 0
      vertex 268.347 3.12991 0
      vertex 267.657 2.34315 0
    endloop
  endfacet
  facet normal -0 0 -1
    outer loop
      vertex 269.932 113.044 0
      vertex 266.086 112.692 0
      vertex 269.727 114.071 0
    endloop
  endfacet
  facet normal 0 0 -1
    outer loop
      vertex 264.844 5.15589 0
      vertex 267.657 2.34315 0
      vertex 266.87 1.65317 0
    endloop
  endfacet
  facet normal 0 0 -1
    outer loop
      vertex 265.885 113.287 0
      vertex 269.727 114.071 0
      vertex 266.086 112.692 0
    endloop
  endfacet
  facet normal -0 0 -1
    outer loop
      vertex 269.727 114.071 0
      vertex 265.885 113.287 0
      vertex 269.391 115.061 0
    endloop
  endfacet
  facet normal -0 0 -1
    outer loop
      vertex 270 8 0
      vertex 266.209 7.92347 0
      vertex 266.25 8.55 0
    endloop
  endfacet
  facet normal 0 0 -1
    outer loop
      vertex 269.932 6.95579 0
      vertex 266.086 7.30767 0
      vertex 266.209 7.92347 0
    endloop
  endfacet
  facet normal 0 0 -1
    outer loop
      vertex 264.372 4.7419 0
      vertex 266.87 1.65317 0
      vertex 266 1.0718 0
    endloop
  endfacet
  facet normal 0 0 -1
    outer loop
      vertex 269.727 5.92945 0
      vertex 265.885 6.71312 0
      vertex 266.086 7.30767 0
    endloop
  endfacet
  facet normal 0 0 -1
    outer loop
      vertex 269.391 4.93853 0
      vertex 265.607 6.15 0
      vertex 265.885 6.71312 0
    endloop
  endfacet
  facet normal 0 0 -1
    outer loop
      vertex 268.928 4 0
      vertex 265.258 5.62794 0
      vertex 265.607 6.15 0
    endloop
  endfacet
  facet normal 0 0 -1
    outer loop
      vertex 263.85 4.39308 0
      vertex 266 1.0718 0
      vertex 265.061 0.608963 0
    endloop
  endfacet
  facet normal 0 0 -1
    outer loop
      vertex 268.347 3.12991 0
      vertex 264.844 5.15589 0
      vertex 265.258 5.62794 0
    endloop
  endfacet
  facet normal 0 0 -1
    outer loop
      vertex 266.87 1.65317 0
      vertex 264.372 4.7419 0
      vertex 264.844 5.15589 0
    endloop
  endfacet
  facet normal 0 0 -1
    outer loop
      vertex 263.287 4.11538 0
      vertex 265.061 0.608963 0
      vertex 264.071 0.272593 0
    endloop
  endfacet
  facet normal 0 0 -1
    outer loop
      vertex 266 1.0718 0
      vertex 263.85 4.39308 0
      vertex 264.372 4.7419 0
    endloop
  endfacet
  facet normal 0 0 -1
    outer loop
      vertex 265.061 0.608963 0
      vertex 263.287 4.11538 0
      vertex 263.85 4.39308 0
    endloop
  endfacet
  facet normal 0 0 -1
    outer loop
      vertex 262.692 3.91356 0
      vertex 264.071 0.272593 0
      vertex 263.044 0.0684404 0
    endloop
  endfacet
  facet normal 0 0 -1
    outer loop
      vertex 264.071 0.272593 0
      vertex 262.692 3.91356 0
      vertex 263.287 4.11538 0
    endloop
  endfacet
  facet normal 0 0 -1
    outer loop
      vertex 263.044 0.0684404 0
      vertex 262.077 3.79106 0
      vertex 262.692 3.91356 0
    endloop
  endfacet
  facet normal 0 0 -1
    outer loop
      vertex 262 0 0
      vertex 262.077 3.79106 0
      vertex 263.044 0.0684404 0
    endloop
  endfacet
  facet normal 0 0 -1
    outer loop
      vertex 262 0 0
      vertex 261.45 3.75 0
      vertex 262.077 3.79106 0
    endloop
  endfacet
  facet normal 0 0 -1
    outer loop
      vertex 262 0 0
      vertex 8.55 3.75 0
      vertex 261.45 3.75 0
    endloop
  endfacet
  facet normal 0 0 -1
    outer loop
      vertex 8 0 0
      vertex 8.55 3.75 0
      vertex 262 0 0
    endloop
  endfacet
  facet normal 0 0 -1
    outer loop
      vertex 8 0 0
      vertex 7.92347 3.79106 0
      vertex 8.55 3.75 0
    endloop
  endfacet
  facet normal 0 0 -1
    outer loop
      vertex 6.95579 0.0684404 0
      vertex 7.92347 3.79106 0
      vertex 8 0 0
    endloop
  endfacet
  facet normal -0 0 -1
    outer loop
      vertex 7.92347 3.79106 0
      vertex 6.95579 0.0684404 0
      vertex 7.30767 3.91356 0
    endloop
  endfacet
  facet normal 0 0 -1
    outer loop
      vertex 5.92945 0.272593 0
      vertex 7.30767 3.91356 0
      vertex 6.95579 0.0684404 0
    endloop
  endfacet
  facet normal -0 0 -1
    outer loop
      vertex 7.30767 3.91356 0
      vertex 5.92945 0.272593 0
      vertex 6.71312 4.11538 0
    endloop
  endfacet
  facet normal 0 0 -1
    outer loop
      vertex 4.93853 0.608963 0
      vertex 6.71312 4.11538 0
      vertex 5.92945 0.272593 0
    endloop
  endfacet
  facet normal -0 0 -1
    outer loop
      vertex 6.71312 4.11538 0
      vertex 4.93853 0.608963 0
      vertex 6.15 4.39308 0
    endloop
  endfacet
  facet normal 0 0 -1
    outer loop
      vertex 4 1.0718 0
      vertex 6.15 4.39308 0
      vertex 4.93853 0.608963 0
    endloop
  endfacet
  facet normal -0 0 -1
    outer loop
      vertex 6.15 4.39308 0
      vertex 4 1.0718 0
      vertex 5.62794 4.7419 0
    endloop
  endfacet
  facet normal 0 0 -1
    outer loop
      vertex 3.12991 1.65317 0
      vertex 5.62794 4.7419 0
      vertex 4 1.0718 0
    endloop
  endfacet
  facet normal -0 0 -1
    outer loop
      vertex 5.62794 4.7419 0
      vertex 3.12991 1.65317 0
      vertex 5.15589 5.15589 0
    endloop
  endfacet
  facet normal 0 0 -1
    outer loop
      vertex 2.34315 2.34315 0
      vertex 5.15589 5.15589 0
      vertex 3.12991 1.65317 0
    endloop
  endfacet
  facet normal 0 0 -1
    outer loop
      vertex 1.65317 3.12991 0
      vertex 5.15589 5.15589 0
      vertex 2.34315 2.34315 0
    endloop
  endfacet
  facet normal -0 0 -1
    outer loop
      vertex 5.15589 5.15589 0
      vertex 1.65317 3.12991 0
      vertex 4.7419 5.62794 0
    endloop
  endfacet
  facet normal 0 0 -1
    outer loop
      vertex 1.0718 4 0
      vertex 4.7419 5.62794 0
      vertex 1.65317 3.12991 0
    endloop
  endfacet
  facet normal -0 0 -1
    outer loop
      vertex 4.7419 5.62794 0
      vertex 1.0718 4 0
      vertex 4.39308 6.15 0
    endloop
  endfacet
  facet normal -0 0 -1
    outer loop
      vertex 4.39308 6.15 0
      vertex 0.608963 4.93853 0
      vertex 4.11538 6.71312 0
    endloop
  endfacet
  facet normal 0 0 -1
    outer loop
      vertex 0.608963 4.93853 0
      vertex 4.39308 6.15 0
      vertex 1.0718 4 0
    endloop
  endfacet
  facet normal 0 0 -1
    outer loop
      vertex 265.607 113.85 0
      vertex 269.391 115.061 0
      vertex 265.885 113.287 0
    endloop
  endfacet
  facet normal -0 0 -1
    outer loop
      vertex 269.391 115.061 0
      vertex 265.607 113.85 0
      vertex 268.928 116 0
    endloop
  endfacet
  facet normal 0 0 -1
    outer loop
      vertex 265.258 114.372 0
      vertex 268.928 116 0
      vertex 265.607 113.85 0
    endloop
  endfacet
  facet normal -0 0 -1
    outer loop
      vertex 268.928 116 0
      vertex 265.258 114.372 0
      vertex 268.347 116.87 0
    endloop
  endfacet
  facet normal 0 0 -1
    outer loop
      vertex 264.844 114.844 0
      vertex 268.347 116.87 0
      vertex 265.258 114.372 0
    endloop
  endfacet
  facet normal -0 0 -1
    outer loop
      vertex 268.347 116.87 0
      vertex 264.844 114.844 0
      vertex 267.657 117.657 0
    endloop
  endfacet
  facet normal -0 0 -1
    outer loop
      vertex 267.657 117.657 0
      vertex 264.844 114.844 0
      vertex 266.87 118.347 0
    endloop
  endfacet
  facet normal 0 0 -1
    outer loop
      vertex 264.372 115.258 0
      vertex 266.87 118.347 0
      vertex 264.844 114.844 0
    endloop
  endfacet
  facet normal -0 0 -1
    outer loop
      vertex 266.87 118.347 0
      vertex 264.372 115.258 0
      vertex 266 118.928 0
    endloop
  endfacet
  facet normal 0 0 -1
    outer loop
      vertex 263.85 115.607 0
      vertex 266 118.928 0
      vertex 264.372 115.258 0
    endloop
  endfacet
  facet normal -0 0 -1
    outer loop
      vertex 266 118.928 0
      vertex 263.85 115.607 0
      vertex 265.061 119.391 0
    endloop
  endfacet
  facet normal 0 0 -1
    outer loop
      vertex 263.287 115.885 0
      vertex 265.061 119.391 0
      vertex 263.85 115.607 0
    endloop
  endfacet
  facet normal -0 0 -1
    outer loop
      vertex 265.061 119.391 0
      vertex 263.287 115.885 0
      vertex 264.071 119.727 0
    endloop
  endfacet
  facet normal 0 0 -1
    outer loop
      vertex 262.692 116.086 0
      vertex 264.071 119.727 0
      vertex 263.287 115.885 0
    endloop
  endfacet
  facet normal -0 0 -1
    outer loop
      vertex 264.071 119.727 0
      vertex 262.692 116.086 0
      vertex 263.044 119.932 0
    endloop
  endfacet
  facet normal 0 0 -1
    outer loop
      vertex 262.077 116.209 0
      vertex 263.044 119.932 0
      vertex 262.692 116.086 0
    endloop
  endfacet
  facet normal 0 0 -1
    outer loop
      vertex 262.077 116.209 0
      vertex 262 120 0
      vertex 263.044 119.932 0
    endloop
  endfacet
  facet normal 0 0 -1
    outer loop
      vertex 261.45 116.25 0
      vertex 262 120 0
      vertex 262.077 116.209 0
    endloop
  endfacet
  facet normal 0 0 -1
    outer loop
      vertex 8.55 116.25 0
      vertex 262 120 0
      vertex 261.45 116.25 0
    endloop
  endfacet
  facet normal 0 0 -1
    outer loop
      vertex 8.55 116.25 0
      vertex 8 120 0
      vertex 262 120 0
    endloop
  endfacet
  facet normal 0 0 -1
    outer loop
      vertex 7.92347 116.209 0
      vertex 8 120 0
      vertex 8.55 116.25 0
    endloop
  endfacet
  facet normal 0 0 -1
    outer loop
      vertex 6.95579 119.932 0
      vertex 7.92347 116.209 0
      vertex 7.30767 116.086 0
    endloop
  endfacet
  facet normal 0 0 -1
    outer loop
      vertex 7.92347 116.209 0
      vertex 6.95579 119.932 0
      vertex 8 120 0
    endloop
  endfacet
  facet normal 0 0 -1
    outer loop
      vertex 5.92945 119.727 0
      vertex 7.30767 116.086 0
      vertex 6.71312 115.885 0
    endloop
  endfacet
  facet normal 0 0 -1
    outer loop
      vertex 4.93853 119.391 0
      vertex 6.71312 115.885 0
      vertex 6.15 115.607 0
    endloop
  endfacet
  facet normal 0 0 -1
    outer loop
      vertex 7.30767 116.086 0
      vertex 5.92945 119.727 0
      vertex 6.95579 119.932 0
    endloop
  endfacet
  facet normal 0 0 -1
    outer loop
      vertex 4 118.928 0
      vertex 6.15 115.607 0
      vertex 5.62794 115.258 0
    endloop
  endfacet
  facet normal 0 0 -1
    outer loop
      vertex 3.12991 118.347 0
      vertex 5.62794 115.258 0
      vertex 5.15589 114.844 0
    endloop
  endfacet
  facet normal 0 0 -1
    outer loop
      vertex 6.71312 115.885 0
      vertex 4.93853 119.391 0
      vertex 5.92945 119.727 0
    endloop
  endfacet
  facet normal 0 0 -1
    outer loop
      vertex 1.65317 116.87 0
      vertex 5.15589 114.844 0
      vertex 4.7419 114.372 0
    endloop
  endfacet
  facet normal 0 0 -1
    outer loop
      vertex 1.0718 116 0
      vertex 4.7419 114.372 0
      vertex 4.39308 113.85 0
    endloop
  endfacet
  facet normal 0 0 -1
    outer loop
      vertex 0.608963 115.061 0
      vertex 4.39308 113.85 0
      vertex 4.11538 113.287 0
    endloop
  endfacet
  facet normal 0 0 -1
    outer loop
      vertex 6.15 115.607 0
      vertex 4 118.928 0
      vertex 4.93853 119.391 0
    endloop
  endfacet
  facet normal 0 0 -1
    outer loop
      vertex 0.272593 114.071 0
      vertex 4.11538 113.287 0
      vertex 3.91356 112.692 0
    endloop
  endfacet
  facet normal 0 0 -1
    outer loop
      vertex 0.0684404 113.044 0
      vertex 3.91356 112.692 0
      vertex 3.79106 112.077 0
    endloop
  endfacet
  facet normal 0 0 -1
    outer loop
      vertex 0 112 0
      vertex 3.79106 112.077 0
      vertex 3.75 111.45 0
    endloop
  endfacet
  facet normal 0 0 -1
    outer loop
      vertex 5.62794 115.258 0
      vertex 3.12991 118.347 0
      vertex 4 118.928 0
    endloop
  endfacet
  facet normal -0 0 -1
    outer loop
      vertex 3.75 8.55 0
      vertex 0 8 0
      vertex 3.75 111.45 0
    endloop
  endfacet
  facet normal 0 0 -1
    outer loop
      vertex 0.272593 5.92945 0
      vertex 4.11538 6.71312 0
      vertex 0.608963 4.93853 0
    endloop
  endfacet
  facet normal 0 0 -1
    outer loop
      vertex 0 112 0
      vertex 3.75 111.45 0
      vertex 0 8 0
    endloop
  endfacet
  facet normal -0 0 -1
    outer loop
      vertex 4.11538 6.71312 0
      vertex 0.272593 5.92945 0
      vertex 3.91356 7.30767 0
    endloop
  endfacet
  facet normal -0 0 -1
    outer loop
      vertex 3.79106 112.077 0
      vertex 0 112 0
      vertex 0.0684404 113.044 0
    endloop
  endfacet
  facet normal 0 0 -1
    outer loop
      vertex 0.0684404 6.95579 0
      vertex 3.91356 7.30767 0
      vertex 0.272593 5.92945 0
    endloop
  endfacet
  facet normal 0 0 -1
    outer loop
      vertex 5.15589 114.844 0
      vertex 2.34315 117.657 0
      vertex 3.12991 118.347 0
    endloop
  endfacet
  facet normal -0 0 -1
    outer loop
      vertex 3.91356 7.30767 0
      vertex 0.0684404 6.95579 0
      vertex 3.79106 7.92347 0
    endloop
  endfacet
  facet normal 0 0 -1
    outer loop
      vertex 5.15589 114.844 0
      vertex 1.65317 116.87 0
      vertex 2.34315 117.657 0
    endloop
  endfacet
  facet normal 0 0 -1
    outer loop
      vertex 0 8 0
      vertex 3.79106 7.92347 0
      vertex 0.0684404 6.95579 0
    endloop
  endfacet
  facet normal 0 0 -1
    outer loop
      vertex 4.7419 114.372 0
      vertex 1.0718 116 0
      vertex 1.65317 116.87 0
    endloop
  endfacet
  facet normal 0 0 -1
    outer loop
      vertex 3.79106 7.92347 0
      vertex 0 8 0
      vertex 3.75 8.55 0
    endloop
  endfacet
  facet normal 0 0 -1
    outer loop
      vertex 4.39308 113.85 0
      vertex 0.608963 115.061 0
      vertex 1.0718 116 0
    endloop
  endfacet
  facet normal 0 0 -1
    outer loop
      vertex 4.11538 113.287 0
      vertex 0.272593 114.071 0
      vertex 0.608963 115.061 0
    endloop
  endfacet
  facet normal 0 0 -1
    outer loop
      vertex 3.91356 112.692 0
      vertex 0.0684404 113.044 0
      vertex 0.272593 114.071 0
    endloop
  endfacet
  facet normal 0 0 -1
    outer loop
      vertex 8.51764 9.93185 0
      vertex 20 20 0
      vertex 8.76537 9.84776 0
    endloop
  endfacet
  facet normal 0 0 -1
    outer loop
      vertex 15 71 0
      vertex 9.98289 111.739 0
      vertex 10 112 0
    endloop
  endfacet
  facet normal 0 0 -1
    outer loop
      vertex 8.26105 9.98289 0
      vertex 20 20 0
      vertex 8.51764 9.93185 0
    endloop
  endfacet
  facet normal 0 0 -1
    outer loop
      vertex 15 71 0
      vertex 9.93185 111.482 0
      vertex 9.98289 111.739 0
    endloop
  endfacet
  facet normal -0 0 -1
    outer loop
      vertex 20 20 0
      vertex 8.26105 9.98289 0
      vertex 20 22.2 0
    endloop
  endfacet
  facet normal 0 0 -1
    outer loop
      vertex 15 71 0
      vertex 9.84776 111.235 0
      vertex 9.93185 111.482 0
    endloop
  endfacet
  facet normal 0 0 -1
    outer loop
      vertex 8 10 0
      vertex 20 22.2 0
      vertex 8.26105 9.98289 0
    endloop
  endfacet
  facet normal 0 0 -1
    outer loop
      vertex 15 71 0
      vertex 9.73205 111 0
      vertex 9.84776 111.235 0
    endloop
  endfacet
  facet normal 0 0 -1
    outer loop
      vertex 7.73895 9.98289 0
      vertex 20 22.2 0
      vertex 8 10 0
    endloop
  endfacet
  facet normal 0 0 -1
    outer loop
      vertex 15 71 0
      vertex 9.58671 110.782 0
      vertex 9.73205 111 0
    endloop
  endfacet
  facet normal -0 0 -1
    outer loop
      vertex 20 22.2 0
      vertex 7.73895 9.98289 0
      vertex 20 26 0
    endloop
  endfacet
  facet normal 0 0 -1
    outer loop
      vertex 15 71 0
      vertex 9.41421 110.586 0
      vertex 9.58671 110.782 0
    endloop
  endfacet
  facet normal 0 0 -1
    outer loop
      vertex 7.48236 9.93185 0
      vertex 20 26 0
      vertex 7.73895 9.98289 0
    endloop
  endfacet
  facet normal 0 0 -1
    outer loop
      vertex 15 71 0
      vertex 9.21752 110.413 0
      vertex 9.41421 110.586 0
    endloop
  endfacet
  facet normal -0 0 -1
    outer loop
      vertex 20 26 0
      vertex 7.48236 9.93185 0
      vertex 20 28.2 0
    endloop
  endfacet
  facet normal 0 0 -1
    outer loop
      vertex 15 71 0
      vertex 9 110.268 0
      vertex 9.21752 110.413 0
    endloop
  endfacet
  facet normal 0 0 -1
    outer loop
      vertex 7.23463 9.84776 0
      vertex 20 28.2 0
      vertex 7.48236 9.93185 0
    endloop
  endfacet
  facet normal 0 0 -1
    outer loop
      vertex 15 71 0
      vertex 8.76537 110.152 0
      vertex 9 110.268 0
    endloop
  endfacet
  facet normal -0 0 -1
    outer loop
      vertex 20 28.2 0
      vertex 7.23463 9.84776 0
      vertex 20 32 0
    endloop
  endfacet
  facet normal 0 0 -1
    outer loop
      vertex 15 71 0
      vertex 8.51764 110.068 0
      vertex 8.76537 110.152 0
    endloop
  endfacet
  facet normal 0 0 -1
    outer loop
      vertex 7 9.73205 0
      vertex 20 32 0
      vertex 7.23463 9.84776 0
    endloop
  endfacet
  facet normal 0 0 -1
    outer loop
      vertex 15 71 0
      vertex 8.26105 110.017 0
      vertex 8.51764 110.068 0
    endloop
  endfacet
  facet normal -0 0 -1
    outer loop
      vertex 20 32 0
      vertex 7 9.73205 0
      vertex 20 34.2 0
    endloop
  endfacet
  facet normal 0 0 -1
    outer loop
      vertex 15 71 0
      vertex 8 110 0
      vertex 8.26105 110.017 0
    endloop
  endfacet
  facet normal 0 0 -1
    outer loop
      vertex 6.95 9.69864 0
      vertex 20 34.2 0
      vertex 7 9.73205 0
    endloop
  endfacet
  facet normal 0 0 -1
    outer loop
      vertex 15 71 0
      vertex 7.73895 110.017 0
      vertex 8 110 0
    endloop
  endfacet
  facet normal -0 0 -1
    outer loop
      vertex 20 34.2 0
      vertex 6.95 9.69864 0
      vertex 20 38 0
    endloop
  endfacet
  facet normal 0 0 -1
    outer loop
      vertex 15 71 0
      vertex 7.48236 110.068 0
      vertex 7.73895 110.017 0
    endloop
  endfacet
  facet normal -0 0 -1
    outer loop
      vertex 20 38 0
      vertex 6.95 9.69864 0
      vertex 20 40.2 0
    endloop
  endfacet
  facet normal 0 0 -1
    outer loop
      vertex 15 71 0
      vertex 7.23463 110.152 0
      vertex 7.48236 110.068 0
    endloop
  endfacet
  facet normal -0 0 -1
    outer loop
      vertex 20 40.2 0
      vertex 6.95 9.69864 0
      vertex 15 71 0
    endloop
  endfacet
  facet normal 0 0 -1
    outer loop
      vertex 15 71 0
      vertex 7 110.268 0
      vertex 7.23463 110.152 0
    endloop
  endfacet
  facet normal 0 0 -1
    outer loop
      vertex 6.95 110.301 0
      vertex 15 71 0
      vertex 6.95 9.69864 0
    endloop
  endfacet
  facet normal 0 0 -1
    outer loop
      vertex 15 71 0
      vertex 6.95 110.301 0
      vertex 7 110.268 0
    endloop
  endfacet
  facet normal 0 0 -1
    outer loop
      vertex 80 40.2 0
      vertex 55 71 0
      vertex 57.2 71 0
    endloop
  endfacet
  facet normal 0 0 -1
    outer loop
      vertex 55 71 0
      vertex 49.2 71 0
      vertex 55 89 0
    endloop
  endfacet
  facet normal 0 0 -1
    outer loop
      vertex 80 40.2 0
      vertex 49.2 71 0
      vertex 55 71 0
    endloop
  endfacet
  facet normal 0 0 -1
    outer loop
      vertex 20 40.2 0
      vertex 49.2 71 0
      vertex 80 40.2 0
    endloop
  endfacet
  facet normal 0 0 -1
    outer loop
      vertex 47 71 0
      vertex 41.2 71 0
      vertex 47 89 0
    endloop
  endfacet
  facet normal -0 0 -1
    outer loop
      vertex 49.2 71 0
      vertex 20 40.2 0
      vertex 47 71 0
    endloop
  endfacet
  facet normal -0 0 -1
    outer loop
      vertex 47 71 0
      vertex 20 40.2 0
      vertex 41.2 71 0
    endloop
  endfacet
  facet normal 0 0 -1
    outer loop
      vertex 39 71 0
      vertex 33.2 71 0
      vertex 39 89 0
    endloop
  endfacet
  facet normal -0 0 -1
    outer loop
      vertex 41.2 71 0
      vertex 20 40.2 0
      vertex 39 71 0
    endloop
  endfacet
  facet normal -0 0 -1
    outer loop
      vertex 39 71 0
      vertex 20 40.2 0
      vertex 33.2 71 0
    endloop
  endfacet
  facet normal 0 0 -1
    outer loop
      vertex 31 71 0
      vertex 25.2 71 0
      vertex 31 89 0
    endloop
  endfacet
  facet normal -0 0 -1
    outer loop
      vertex 33.2 71 0
      vertex 20 40.2 0
      vertex 31 71 0
    endloop
  endfacet
  facet normal -0 0 -1
    outer loop
      vertex 31 71 0
      vertex 20 40.2 0
      vertex 25.2 71 0
    endloop
  endfacet
  facet normal 0 0 -1
    outer loop
      vertex 17.2 71 0
      vertex 23 71 0
      vertex 20 40.2 0
    endloop
  endfacet
  facet normal -0 0 -1
    outer loop
      vertex 25.2 71 0
      vertex 20 40.2 0
      vertex 23 71 0
    endloop
  endfacet
  facet normal 0 0 -1
    outer loop
      vertex 20 34.2 0
      vertex 80 38 0
      vertex 80 34.2 0
    endloop
  endfacet
  facet normal -0 0 -1
    outer loop
      vertex 80 38 0
      vertex 20 34.2 0
      vertex 20 38 0
    endloop
  endfacet
  facet normal 0 0 -1
    outer loop
      vertex 20 28.2 0
      vertex 80 32 0
      vertex 80 28.2 0
    endloop
  endfacet
  facet normal -0 0 -1
    outer loop
      vertex 80 32 0
      vertex 20 28.2 0
      vertex 20 32 0
    endloop
  endfacet
  facet normal 0 0 -1
    outer loop
      vertex 20 22.2 0
      vertex 80 26 0
      vertex 80 22.2 0
    endloop
  endfacet
  facet normal -0 0 -1
    outer loop
      vertex 80 26 0
      vertex 20 22.2 0
      vertex 20 26 0
    endloop
  endfacet
  facet normal 0 0 -1
    outer loop
      vertex 20 16.2 0
      vertex 80 20 0
      vertex 80 16.2 0
    endloop
  endfacet
  facet normal -0 0 -1
    outer loop
      vertex 80 20 0
      vertex 20 16.2 0
      vertex 20 20 0
    endloop
  endfacet
  facet normal 0 0 -1
    outer loop
      vertex 20 10.2 0
      vertex 80 14 0
      vertex 80 10.2 0
    endloop
  endfacet
  facet normal -0 0 -1
    outer loop
      vertex 80 14 0
      vertex 20 10.2 0
      vertex 20 14 0
    endloop
  endfacet
  facet normal 0 0 -1
    outer loop
      vertex 104 34.2 0
      vertex 164 38 0
      vertex 164 34.2 0
    endloop
  endfacet
  facet normal -0 0 -1
    outer loop
      vertex 164 38 0
      vertex 104 34.2 0
      vertex 104 38 0
    endloop
  endfacet
  facet normal 0 0 -1
    outer loop
      vertex 104 28.2 0
      vertex 164 32 0
      vertex 164 28.2 0
    endloop
  endfacet
  facet normal -0 0 -1
    outer loop
      vertex 164 32 0
      vertex 104 28.2 0
      vertex 104 32 0
    endloop
  endfacet
  facet normal 0 0 -1
    outer loop
      vertex 104 22.2 0
      vertex 164 26 0
      vertex 164 22.2 0
    endloop
  endfacet
  facet normal -0 0 -1
    outer loop
      vertex 164 26 0
      vertex 104 22.2 0
      vertex 104 26 0
    endloop
  endfacet
  facet normal 0 0 -1
    outer loop
      vertex 104 16.2 0
      vertex 164 20 0
      vertex 164 16.2 0
    endloop
  endfacet
  facet normal -0 0 -1
    outer loop
      vertex 164 20 0
      vertex 104 16.2 0
      vertex 104 20 0
    endloop
  endfacet
  facet normal 0 0 -1
    outer loop
      vertex 104 10.2 0
      vertex 164 14 0
      vertex 164 10.2 0
    endloop
  endfacet
  facet normal -0 0 -1
    outer loop
      vertex 164 14 0
      vertex 104 10.2 0
      vertex 104 14 0
    endloop
  endfacet
  facet normal 0 0 -1
    outer loop
      vertex 188 34.2 0
      vertex 248 38 0
      vertex 248 34.2 0
    endloop
  endfacet
  facet normal -0 0 -1
    outer loop
      vertex 248 38 0
      vertex 188 34.2 0
      vertex 188 38 0
    endloop
  endfacet
  facet normal 0 0 -1
    outer loop
      vertex 188 28.2 0
      vertex 248 32 0
      vertex 248 28.2 0
    endloop
  endfacet
  facet normal -0 0 -1
    outer loop
      vertex 248 32 0
      vertex 188 28.2 0
      vertex 188 32 0
    endloop
  endfacet
  facet normal 0 0 -1
    outer loop
      vertex 188 22.2 0
      vertex 248 26 0
      vertex 248 22.2 0
    endloop
  endfacet
  facet normal -0 0 -1
    outer loop
      vertex 248 26 0
      vertex 188 22.2 0
      vertex 188 26 0
    endloop
  endfacet
  facet normal 0 0 -1
    outer loop
      vertex 188 16.2 0
      vertex 248 20 0
      vertex 248 16.2 0
    endloop
  endfacet
  facet normal -0 0 -1
    outer loop
      vertex 248 20 0
      vertex 188 16.2 0
      vertex 188 20 0
    endloop
  endfacet
  facet normal 0 0 -1
    outer loop
      vertex 188 10.2 0
      vertex 248 14 0
      vertex 248 10.2 0
    endloop
  endfacet
  facet normal -0 0 -1
    outer loop
      vertex 248 14 0
      vertex 188 10.2 0
      vertex 188 14 0
    endloop
  endfacet
  facet normal -0 0 -1
    outer loop
      vertex 262 110 0
      vertex 248 40.2 0
      vertex 261.739 110.017 0
    endloop
  endfacet
  facet normal 0 0 -1
    outer loop
      vertex 260.017 7.73895 0
      vertex 248 8 0
      vertex 260 8 0
    endloop
  endfacet
  facet normal 0 0 -1
    outer loop
      vertex 260.068 7.48236 0
      vertex 248 8 0
      vertex 260.017 7.73895 0
    endloop
  endfacet
  facet normal 0 0 -1
    outer loop
      vertex 260.152 7.23463 0
      vertex 248 8 0
      vertex 260.068 7.48236 0
    endloop
  endfacet
  facet normal 0 0 -1
    outer loop
      vertex 260.268 7 0
      vertex 248 8 0
      vertex 260.152 7.23463 0
    endloop
  endfacet
  facet normal 0 0 -1
    outer loop
      vertex 260.301 6.95 0
      vertex 248 8 0
      vertex 260.268 7 0
    endloop
  endfacet
  facet normal 0 0 -1
    outer loop
      vertex 260.301 6.95 0
      vertex 188 8 0
      vertex 248 8 0
    endloop
  endfacet
  facet normal 0 0 -1
    outer loop
      vertex 164 10.2 0
      vertex 188 10.2 0
      vertex 188 8 0
    endloop
  endfacet
  facet normal 0 0 -1
    outer loop
      vertex 188 10.2 0
      vertex 164 10.2 0
      vertex 188 14 0
    endloop
  endfacet
  facet normal 0 0 -1
    outer loop
      vertex 188 14 0
      vertex 164 14 0
      vertex 188 16.2 0
    endloop
  endfacet
  facet normal 0 0 -1
    outer loop
      vertex 164 16.2 0
      vertex 188 16.2 0
      vertex 164 14 0
    endloop
  endfacet
  facet normal 0 0 -1
    outer loop
      vertex 164 20 0
      vertex 188 20 0
      vertex 164 16.2 0
    endloop
  endfacet
  facet normal 0 0 -1
    outer loop
      vertex 188 20 0
      vertex 164 20 0
      vertex 188 22.2 0
    endloop
  endfacet
  facet normal 0 0 -1
    outer loop
      vertex 188 22.2 0
      vertex 164 22.2 0
      vertex 188 26 0
    endloop
  endfacet
  facet normal 0 0 -1
    outer loop
      vertex 164 26 0
      vertex 188 26 0
      vertex 164 22.2 0
    endloop
  endfacet
  facet normal 0 0 -1
    outer loop
      vertex 164 28.2 0
      vertex 188 28.2 0
      vertex 164 26 0
    endloop
  endfacet
  facet normal 0 0 -1
    outer loop
      vertex 188 28.2 0
      vertex 164 28.2 0
      vertex 188 32 0
    endloop
  endfacet
  facet normal 0 0 -1
    outer loop
      vertex 188 32 0
      vertex 164 32 0
      vertex 188 34.2 0
    endloop
  endfacet
  facet normal 0 0 -1
    outer loop
      vertex 164 10.2 0
      vertex 188 8 0
      vertex 164 8 0
    endloop
  endfacet
  facet normal 0 0 -1
    outer loop
      vertex 260.301 6.95 0
      vertex 164 8 0
      vertex 188 8 0
    endloop
  endfacet
  facet normal 0 0 -1
    outer loop
      vertex 260.301 6.95 0
      vertex 104 8 0
      vertex 164 8 0
    endloop
  endfacet
  facet normal 0 0 -1
    outer loop
      vertex 80 10.2 0
      vertex 104 10.2 0
      vertex 104 8 0
    endloop
  endfacet
  facet normal 0 0 -1
    outer loop
      vertex 104 10.2 0
      vertex 80 10.2 0
      vertex 104 14 0
    endloop
  endfacet
  facet normal 0 0 -1
    outer loop
      vertex 104 14 0
      vertex 80 14 0
      vertex 104 16.2 0
    endloop
  endfacet
  facet normal 0 0 -1
    outer loop
      vertex 80 16.2 0
      vertex 104 16.2 0
      vertex 80 14 0
    endloop
  endfacet
  facet normal 0 0 -1
    outer loop
      vertex 80 20 0
      vertex 104 20 0
      vertex 80 16.2 0
    endloop
  endfacet
  facet normal 0 0 -1
    outer loop
      vertex 104 20 0
      vertex 80 20 0
      vertex 104 22.2 0
    endloop
  endfacet
  facet normal 0 0 -1
    outer loop
      vertex 104 22.2 0
      vertex 80 22.2 0
      vertex 104 26 0
    endloop
  endfacet
  facet normal 0 0 -1
    outer loop
      vertex 80 26 0
      vertex 104 26 0
      vertex 80 22.2 0
    endloop
  endfacet
  facet normal 0 0 -1
    outer loop
      vertex 80 28.2 0
      vertex 104 28.2 0
      vertex 80 26 0
    endloop
  endfacet
  facet normal 0 0 -1
    outer loop
      vertex 104 28.2 0
      vertex 80 28.2 0
      vertex 104 32 0
    endloop
  endfacet
  facet normal 0 0 -1
    outer loop
      vertex 104 32 0
      vertex 80 32 0
      vertex 104 34.2 0
    endloop
  endfacet
  facet normal -0 0 -1
    outer loop
      vertex 104 14 0
      vertex 80 10.2 0
      vertex 80 14 0
    endloop
  endfacet
  facet normal 0 0 -1
    outer loop
      vertex 80 10.2 0
      vertex 104 8 0
      vertex 80 8 0
    endloop
  endfacet
  facet normal 0 0 -1
    outer loop
      vertex 260.301 6.95 0
      vertex 80 8 0
      vertex 104 8 0
    endloop
  endfacet
  facet normal 0 0 -1
    outer loop
      vertex 9.69864 6.95 0
      vertex 80 8 0
      vertex 260.301 6.95 0
    endloop
  endfacet
  facet normal 0 0 -1
    outer loop
      vertex 9.98289 8.26105 0
      vertex 20 8 0
      vertex 10 8 0
    endloop
  endfacet
  facet normal 0 0 -1
    outer loop
      vertex 20 8 0
      vertex 9.98289 8.26105 0
      vertex 20 10.2 0
    endloop
  endfacet
  facet normal 0 0 -1
    outer loop
      vertex 9.93185 8.51764 0
      vertex 20 10.2 0
      vertex 9.98289 8.26105 0
    endloop
  endfacet
  facet normal 0 0 -1
    outer loop
      vertex 9.84776 8.76537 0
      vertex 20 10.2 0
      vertex 9.93185 8.51764 0
    endloop
  endfacet
  facet normal 0 0 -1
    outer loop
      vertex 9.73205 9 0
      vertex 20 10.2 0
      vertex 9.84776 8.76537 0
    endloop
  endfacet
  facet normal -0 0 -1
    outer loop
      vertex 20 10.2 0
      vertex 9.73205 9 0
      vertex 20 14 0
    endloop
  endfacet
  facet normal 0 0 -1
    outer loop
      vertex 9.58671 9.21752 0
      vertex 20 14 0
      vertex 9.73205 9 0
    endloop
  endfacet
  facet normal 0 0 -1
    outer loop
      vertex 9.41421 9.41421 0
      vertex 20 14 0
      vertex 9.58671 9.21752 0
    endloop
  endfacet
  facet normal 0 0 -1
    outer loop
      vertex 9.21752 9.58671 0
      vertex 20 14 0
      vertex 9.41421 9.41421 0
    endloop
  endfacet
  facet normal -0 0 -1
    outer loop
      vertex 20 14 0
      vertex 9.21752 9.58671 0
      vertex 20 16.2 0
    endloop
  endfacet
  facet normal 0 0 -1
    outer loop
      vertex 9 9.73205 0
      vertex 20 16.2 0
      vertex 9.21752 9.58671 0
    endloop
  endfacet
  facet normal 0 0 -1
    outer loop
      vertex 20 40.2 0
      vertex 15 71 0
      vertex 17.2 71 0
    endloop
  endfacet
  facet normal -0 0 -1
    outer loop
      vertex 20 16.2 0
      vertex 8.76537 9.84776 0
      vertex 20 20 0
    endloop
  endfacet
  facet normal 0 0 -1
    outer loop
      vertex 8.76537 9.84776 0
      vertex 20 16.2 0
      vertex 9 9.73205 0
    endloop
  endfacet
  facet normal -0 0 -1
    outer loop
      vertex 80 8 0
      vertex 9.69864 6.95 0
      vertex 20 8 0
    endloop
  endfacet
  facet normal -0 0 -1
    outer loop
      vertex 20 8 0
      vertex 9.98289 7.73895 0
      vertex 10 8 0
    endloop
  endfacet
  facet normal 0 0 -1
    outer loop
      vertex 20 8 0
      vertex 9.93185 7.48236 0
      vertex 9.98289 7.73895 0
    endloop
  endfacet
  facet normal 0 0 -1
    outer loop
      vertex 20 8 0
      vertex 9.84776 7.23463 0
      vertex 9.93185 7.48236 0
    endloop
  endfacet
  facet normal 0 0 -1
    outer loop
      vertex 20 8 0
      vertex 9.73205 7 0
      vertex 9.84776 7.23463 0
    endloop
  endfacet
  facet normal 0 0 -1
    outer loop
      vertex 20 8 0
      vertex 9.69864 6.95 0
      vertex 9.73205 7 0
    endloop
  endfacet
  facet normal 0 0 -1
    outer loop
      vertex 262.518 9.93185 0
      vertex 248 32 0
      vertex 262.765 9.84776 0
    endloop
  endfacet
  facet normal 0 0 -1
    outer loop
      vertex 248 34.2 0
      vertex 262.765 9.84776 0
      vertex 248 32 0
    endloop
  endfacet
  facet normal 0 0 -1
    outer loop
      vertex 262.261 9.98289 0
      vertex 248 28.2 0
      vertex 262.518 9.93185 0
    endloop
  endfacet
  facet normal 0 0 -1
    outer loop
      vertex 248 32 0
      vertex 262.518 9.93185 0
      vertex 248 28.2 0
    endloop
  endfacet
  facet normal 0 0 -1
    outer loop
      vertex 262 10 0
      vertex 248 26 0
      vertex 262.261 9.98289 0
    endloop
  endfacet
  facet normal 0 0 -1
    outer loop
      vertex 248 28.2 0
      vertex 262.261 9.98289 0
      vertex 248 26 0
    endloop
  endfacet
  facet normal 0 0 -1
    outer loop
      vertex 261.739 9.98289 0
      vertex 248 22.2 0
      vertex 262 10 0
    endloop
  endfacet
  facet normal 0 0 -1
    outer loop
      vertex 248 26 0
      vertex 262 10 0
      vertex 248 22.2 0
    endloop
  endfacet
  facet normal 0 0 -1
    outer loop
      vertex 261.482 9.93185 0
      vertex 248 20 0
      vertex 261.739 9.98289 0
    endloop
  endfacet
  facet normal 0 0 -1
    outer loop
      vertex 248 22.2 0
      vertex 261.739 9.98289 0
      vertex 248 20 0
    endloop
  endfacet
  facet normal 0 0 -1
    outer loop
      vertex 261.235 9.84776 0
      vertex 248 20 0
      vertex 261.482 9.93185 0
    endloop
  endfacet
  facet normal 0 0 -1
    outer loop
      vertex 262.765 9.84776 0
      vertex 248 34.2 0
      vertex 263 9.73205 0
    endloop
  endfacet
  facet normal 0 0 -1
    outer loop
      vertex 261 9.73205 0
      vertex 248 16.2 0
      vertex 261.235 9.84776 0
    endloop
  endfacet
  facet normal 0 0 -1
    outer loop
      vertex 248 20 0
      vertex 261.235 9.84776 0
      vertex 248 16.2 0
    endloop
  endfacet
  facet normal 0 0 -1
    outer loop
      vertex 260.586 9.41421 0
      vertex 248 16.2 0
      vertex 260.782 9.58671 0
    endloop
  endfacet
  facet normal 0 0 -1
    outer loop
      vertex 260.782 9.58671 0
      vertex 248 16.2 0
      vertex 261 9.73205 0
    endloop
  endfacet
  facet normal 0 0 -1
    outer loop
      vertex 248 16.2 0
      vertex 260.586 9.41421 0
      vertex 248 14 0
    endloop
  endfacet
  facet normal 0 0 -1
    outer loop
      vertex 248 38 0
      vertex 263 9.73205 0
      vertex 248 34.2 0
    endloop
  endfacet
  facet normal 0 0 -1
    outer loop
      vertex 260.413 9.21752 0
      vertex 248 14 0
      vertex 260.586 9.41421 0
    endloop
  endfacet
  facet normal 0 0 -1
    outer loop
      vertex 263 9.73205 0
      vertex 248 38 0
      vertex 263.05 9.69864 0
    endloop
  endfacet
  facet normal 0 0 -1
    outer loop
      vertex 260.268 9 0
      vertex 248 14 0
      vertex 260.413 9.21752 0
    endloop
  endfacet
  facet normal 0 0 -1
    outer loop
      vertex 248 40.2 0
      vertex 263.05 9.69864 0
      vertex 248 38 0
    endloop
  endfacet
  facet normal 0 0 -1
    outer loop
      vertex 248 14 0
      vertex 260.268 9 0
      vertex 248 10.2 0
    endloop
  endfacet
  facet normal 0 0 -1
    outer loop
      vertex 263.05 9.69864 0
      vertex 248 40.2 0
      vertex 263.05 110.301 0
    endloop
  endfacet
  facet normal 0 0 -1
    outer loop
      vertex 260.152 8.76537 0
      vertex 248 10.2 0
      vertex 260.268 9 0
    endloop
  endfacet
  facet normal 0 0 -1
    outer loop
      vertex 263.05 110.301 0
      vertex 248 40.2 0
      vertex 263 110.268 0
    endloop
  endfacet
  facet normal 0 0 -1
    outer loop
      vertex 260.068 8.51764 0
      vertex 248 10.2 0
      vertex 260.152 8.76537 0
    endloop
  endfacet
  facet normal 0 0 -1
    outer loop
      vertex 263 110.268 0
      vertex 248 40.2 0
      vertex 262.765 110.152 0
    endloop
  endfacet
  facet normal 0 0 -1
    outer loop
      vertex 260.017 8.26105 0
      vertex 248 10.2 0
      vertex 260.068 8.51764 0
    endloop
  endfacet
  facet normal 0 0 -1
    outer loop
      vertex 262.765 110.152 0
      vertex 248 40.2 0
      vertex 262.518 110.068 0
    endloop
  endfacet
  facet normal 0 0 -1
    outer loop
      vertex 248 10.2 0
      vertex 260.017 8.26105 0
      vertex 248 8 0
    endloop
  endfacet
  facet normal 0 0 -1
    outer loop
      vertex 262.518 110.068 0
      vertex 248 40.2 0
      vertex 262.261 110.017 0
    endloop
  endfacet
  facet normal 0 0 -1
    outer loop
      vertex 248 8 0
      vertex 260.017 8.26105 0
      vertex 260 8 0
    endloop
  endfacet
  facet normal 0 0 -1
    outer loop
      vertex 262.261 110.017 0
      vertex 248 40.2 0
      vertex 262 110 0
    endloop
  endfacet
  facet normal -0 0 -1
    outer loop
      vertex 261.739 110.017 0
      vertex 248 40.2 0
      vertex 261.482 110.068 0
    endloop
  endfacet
  facet normal -0 0 -1
    outer loop
      vertex 261.482 110.068 0
      vertex 248 40.2 0
      vertex 261.235 110.152 0
    endloop
  endfacet
  facet normal -0 0 -1
    outer loop
      vertex 261.235 110.152 0
      vertex 248 40.2 0
      vertex 261 110.268 0
    endloop
  endfacet
  facet normal -0 0 -1
    outer loop
      vertex 261 110.268 0
      vertex 248 40.2 0
      vertex 260.782 110.413 0
    endloop
  endfacet
  facet normal -0 0 -1
    outer loop
      vertex 260.782 110.413 0
      vertex 248 40.2 0
      vertex 260.586 110.586 0
    endloop
  endfacet
  facet normal -0 0 -1
    outer loop
      vertex 260.586 110.586 0
      vertex 248 40.2 0
      vertex 260.413 110.782 0
    endloop
  endfacet
  facet normal 0 0 -1
    outer loop
      vertex 188 40.2 0
      vertex 260.413 110.782 0
      vertex 248 40.2 0
    endloop
  endfacet
  facet normal 0 0 -1
    outer loop
      vertex 170 100 0
      vertex 260.413 110.782 0
      vertex 188 40.2 0
    endloop
  endfacet
  facet normal -0 0 -1
    outer loop
      vertex 260.413 110.782 0
      vertex 170 100 0
      vertex 260.268 111 0
    endloop
  endfacet
  facet normal -0 0 -1
    outer loop
      vertex 260.268 111 0
      vertex 170 100 0
      vertex 260.152 111.235 0
    endloop
  endfacet
  facet normal -0 0 -1
    outer loop
      vertex 260.152 111.235 0
      vertex 170 100 0
      vertex 260.068 111.482 0
    endloop
  endfacet
  facet normal -0 0 -1
    outer loop
      vertex 260.068 111.482 0
      vertex 170 100 0
      vertex 260.017 111.739 0
    endloop
  endfacet
  facet normal 0 0 -1
    outer loop
      vertex 170 112 0
      vertex 260.017 111.739 0
      vertex 170 100 0
    endloop
  endfacet
  facet normal 0 0 -1
    outer loop
      vertex 260.017 111.739 0
      vertex 170 112 0
      vertex 260 112 0
    endloop
  endfacet
  facet normal 0 0 -1
    outer loop
      vertex 260 112 0
      vertex 170 112 0
      vertex 260.017 112.261 0
    endloop
  endfacet
  facet normal -0 0 -1
    outer loop
      vertex 260.017 112.261 0
      vertex 170 112 0
      vertex 260.068 112.518 0
    endloop
  endfacet
  facet normal -0 0 -1
    outer loop
      vertex 260.068 112.518 0
      vertex 170 112 0
      vertex 260.152 112.765 0
    endloop
  endfacet
  facet normal -0 0 -1
    outer loop
      vertex 260.152 112.765 0
      vertex 170 112 0
      vertex 260.268 113 0
    endloop
  endfacet
  facet normal -0 0 -1
    outer loop
      vertex 260.268 113 0
      vertex 170 112 0
      vertex 260.301 113.05 0
    endloop
  endfacet
  facet normal 0 0 -1
    outer loop
      vertex 100 112 0
      vertex 260.301 113.05 0
      vertex 170 112 0
    endloop
  endfacet
  facet normal 0 0 -1
    outer loop
      vertex 104 16.2 0
      vertex 80 16.2 0
      vertex 104 20 0
    endloop
  endfacet
  facet normal 0 0 -1
    outer loop
      vertex 80 22.2 0
      vertex 104 22.2 0
      vertex 80 20 0
    endloop
  endfacet
  facet normal 0 0 -1
    outer loop
      vertex 104 26 0
      vertex 80 26 0
      vertex 104 28.2 0
    endloop
  endfacet
  facet normal 0 0 -1
    outer loop
      vertex 80 32 0
      vertex 104 32 0
      vertex 80 28.2 0
    endloop
  endfacet
  facet normal 0 0 -1
    outer loop
      vertex 80 34.2 0
      vertex 104 34.2 0
      vertex 80 32 0
    endloop
  endfacet
  facet normal 0 0 -1
    outer loop
      vertex 104 34.2 0
      vertex 80 34.2 0
      vertex 104 38 0
    endloop
  endfacet
  facet normal 0 0 -1
    outer loop
      vertex 80 38 0
      vertex 104 38 0
      vertex 80 34.2 0
    endloop
  endfacet
  facet normal 0 0 -1
    outer loop
      vertex 104 38 0
      vertex 80 38 0
      vertex 104 40.2 0
    endloop
  endfacet
  facet normal -0 0 -1
    outer loop
      vertex 104 40.2 0
      vertex 80 38 0
      vertex 80 40.2 0
    endloop
  endfacet
  facet normal 0 0 -1
    outer loop
      vertex 104 40.2 0
      vertex 80 40.2 0
      vertex 100 100 0
    endloop
  endfacet
  facet normal 0 0 -1
    outer loop
      vertex 57.2 71 0
      vertex 100 100 0
      vertex 80 40.2 0
    endloop
  endfacet
  facet normal 0 0 -1
    outer loop
      vertex 57.2 89 0
      vertex 100 100 0
      vertex 57.2 71 0
    endloop
  endfacet
  facet normal -0 0 -1
    outer loop
      vertex 100 100 0
      vertex 57.2 89 0
      vertex 100 112 0
    endloop
  endfacet
  facet normal 0 0 -1
    outer loop
      vertex 55 89 0
      vertex 100 112 0
      vertex 57.2 89 0
    endloop
  endfacet
  facet normal 0 0 -1
    outer loop
      vertex 49.2 89 0
      vertex 55 89 0
      vertex 49.2 71 0
    endloop
  endfacet
  facet normal 0 0 -1
    outer loop
      vertex 9.73205 113 0
      vertex 55 89 0
      vertex 49.2 89 0
    endloop
  endfacet
  facet normal 0 0 -1
    outer loop
      vertex 9.73205 113 0
      vertex 49.2 89 0
      vertex 47 89 0
    endloop
  endfacet
  facet normal 0 0 -1
    outer loop
      vertex 41.2 89 0
      vertex 47 89 0
      vertex 41.2 71 0
    endloop
  endfacet
  facet normal 0 0 -1
    outer loop
      vertex 9.84776 112.765 0
      vertex 47 89 0
      vertex 41.2 89 0
    endloop
  endfacet
  facet normal 0 0 -1
    outer loop
      vertex 9.93185 112.518 0
      vertex 41.2 89 0
      vertex 39 89 0
    endloop
  endfacet
  facet normal 0 0 -1
    outer loop
      vertex 33.2 89 0
      vertex 39 89 0
      vertex 33.2 71 0
    endloop
  endfacet
  facet normal 0 0 -1
    outer loop
      vertex 9.98289 112.261 0
      vertex 39 89 0
      vertex 33.2 89 0
    endloop
  endfacet
  facet normal 0 0 -1
    outer loop
      vertex 10 112 0
      vertex 33.2 89 0
      vertex 31 89 0
    endloop
  endfacet
  facet normal 0 0 -1
    outer loop
      vertex 25.2 89 0
      vertex 31 89 0
      vertex 25.2 71 0
    endloop
  endfacet
  facet normal 0 0 -1
    outer loop
      vertex 10 112 0
      vertex 31 89 0
      vertex 25.2 89 0
    endloop
  endfacet
  facet normal 0 0 -1
    outer loop
      vertex 10 112 0
      vertex 25.2 89 0
      vertex 23 89 0
    endloop
  endfacet
  facet normal 0 0 -1
    outer loop
      vertex 23 71 0
      vertex 17.2 71 0
      vertex 23 89 0
    endloop
  endfacet
  facet normal 0 0 -1
    outer loop
      vertex 17.2 89 0
      vertex 23 89 0
      vertex 17.2 71 0
    endloop
  endfacet
  facet normal 0 0 -1
    outer loop
      vertex 10 112 0
      vertex 23 89 0
      vertex 17.2 89 0
    endloop
  endfacet
  facet normal 0 0 -1
    outer loop
      vertex 10 112 0
      vertex 17.2 89 0
      vertex 15 89 0
    endloop
  endfacet
  facet normal 0 0 -1
    outer loop
      vertex 15 71 0
      vertex 10 112 0
      vertex 15 89 0
    endloop
  endfacet
  facet normal 0 0 -1
    outer loop
      vertex 33.2 89 0
      vertex 10 112 0
      vertex 9.98289 112.261 0
    endloop
  endfacet
  facet normal 0 0 -1
    outer loop
      vertex 39 89 0
      vertex 9.98289 112.261 0
      vertex 9.93185 112.518 0
    endloop
  endfacet
  facet normal 0 0 -1
    outer loop
      vertex 41.2 89 0
      vertex 9.93185 112.518 0
      vertex 9.84776 112.765 0
    endloop
  endfacet
  facet normal 0 0 -1
    outer loop
      vertex 47 89 0
      vertex 9.84776 112.765 0
      vertex 9.73205 113 0
    endloop
  endfacet
  facet normal 0 0 -1
    outer loop
      vertex 9.69864 113.05 0
      vertex 55 89 0
      vertex 9.73205 113 0
    endloop
  endfacet
  facet normal 0 0 -1
    outer loop
      vertex 55 89 0
      vertex 9.69864 113.05 0
      vertex 100 112 0
    endloop
  endfacet
  facet normal 0 0 -1
    outer loop
      vertex 100 112 0
      vertex 9.69864 113.05 0
      vertex 260.301 113.05 0
    endloop
  endfacet
  facet normal -0 0 -1
    outer loop
      vertex 188 14 0
      vertex 164 10.2 0
      vertex 164 14 0
    endloop
  endfacet
  facet normal 0 0 -1
    outer loop
      vertex 188 16.2 0
      vertex 164 16.2 0
      vertex 188 20 0
    endloop
  endfacet
  facet normal 0 0 -1
    outer loop
      vertex 164 22.2 0
      vertex 188 22.2 0
      vertex 164 20 0
    endloop
  endfacet
  facet normal 0 0 -1
    outer loop
      vertex 188 26 0
      vertex 164 26 0
      vertex 188 28.2 0
    endloop
  endfacet
  facet normal 0 0 -1
    outer loop
      vertex 164 32 0
      vertex 188 32 0
      vertex 164 28.2 0
    endloop
  endfacet
  facet normal 0 0 -1
    outer loop
      vertex 164 34.2 0
      vertex 188 34.2 0
      vertex 164 32 0
    endloop
  endfacet
  facet normal 0 0 -1
    outer loop
      vertex 188 34.2 0
      vertex 164 34.2 0
      vertex 188 38 0
    endloop
  endfacet
  facet normal 0 0 -1
    outer loop
      vertex 164 38 0
      vertex 188 38 0
      vertex 164 34.2 0
    endloop
  endfacet
  facet normal 0 0 -1
    outer loop
      vertex 188 38 0
      vertex 164 38 0
      vertex 188 40.2 0
    endloop
  endfacet
  facet normal -0 0 -1
    outer loop
      vertex 188 40.2 0
      vertex 164 38 0
      vertex 164 40.2 0
    endloop
  endfacet
  facet normal 0 0 -1
    outer loop
      vertex 188 40.2 0
      vertex 164 40.2 0
      vertex 170 100 0
    endloop
  endfacet
  facet normal 0 0 -1
    outer loop
      vertex 100 100 0
      vertex 164 40.2 0
      vertex 104 40.2 0
    endloop
  endfacet
  facet normal 0 0 -1
    outer loop
      vertex 164 40.2 0
      vertex 100 100 0
      vertex 170 100 0
    endloop
  endfacet
  facet normal 0.44224 0.896897 -0
    outer loop
      vertex 266 118.928 0
      vertex 265.061 119.391 4
      vertex 266 118.928 4
    endloop
  endfacet
  facet normal 0.44224 0.896897 0
    outer loop
      vertex 265.061 119.391 4
      vertex 266 118.928 0
      vertex 265.061 119.391 0
    endloop
  endfacet
  facet normal 0.555606 -0.831446 0
    outer loop
      vertex 266 1.0718 0
      vertex 266.87 1.65317 4
      vertex 266 1.0718 4
    endloop
  endfacet
  facet normal 0.555606 -0.831446 0
    outer loop
      vertex 266.87 1.65317 4
      vertex 266 1.0718 0
      vertex 266.87 1.65317 0
    endloop
  endfacet
  facet normal 0.997886 -0.0649834 0
    outer loop
      vertex 269.932 6.95579 4
      vertex 270 8 0
      vertex 270 8 4
    endloop
  endfacet
  facet normal 0.997886 -0.0649834 0
    outer loop
      vertex 270 8 0
      vertex 269.932 6.95579 4
      vertex 269.932 6.95579 0
    endloop
  endfacet
  facet normal 0.659248 0.751925 -0
    outer loop
      vertex 267.657 117.657 0
      vertex 266.87 118.347 4
      vertex 267.657 117.657 4
    endloop
  endfacet
  facet normal 0.659248 0.751925 0
    outer loop
      vertex 266.87 118.347 4
      vertex 267.657 117.657 0
      vertex 266.87 118.347 0
    endloop
  endfacet
  facet normal -0.659351 -0.751835 0
    outer loop
      vertex 2.34315 2.34315 0
      vertex 3.12991 1.65317 4
      vertex 2.34315 2.34315 4
    endloop
  endfacet
  facet normal -0.659351 -0.751835 -0
    outer loop
      vertex 3.12991 1.65317 4
      vertex 2.34315 2.34315 0
      vertex 3.12991 1.65317 0
    endloop
  endfacet
  facet normal -0.0649834 0.997886 0
    outer loop
      vertex 8 120 0
      vertex 6.95579 119.932 4
      vertex 8 120 4
    endloop
  endfacet
  facet normal -0.0649834 0.997886 0
    outer loop
      vertex 6.95579 119.932 4
      vertex 8 120 0
      vertex 6.95579 119.932 0
    endloop
  endfacet
  facet normal 0.997886 0.0649964 0
    outer loop
      vertex 270 112 4
      vertex 269.932 113.044 0
      vertex 269.932 113.044 4
    endloop
  endfacet
  facet normal 0.997886 0.0649964 0
    outer loop
      vertex 269.932 113.044 0
      vertex 270 112 4
      vertex 270 112 0
    endloop
  endfacet
  facet normal -0.442293 -0.896871 0
    outer loop
      vertex 4 1.0718 0
      vertex 4.93853 0.608963 4
      vertex 4 1.0718 4
    endloop
  endfacet
  facet normal -0.442293 -0.896871 -0
    outer loop
      vertex 4.93853 0.608963 4
      vertex 4 1.0718 0
      vertex 4.93853 0.608963 0
    endloop
  endfacet
  facet normal 0.896809 -0.442418 0
    outer loop
      vertex 268.928 4 4
      vertex 269.391 4.93853 0
      vertex 269.391 4.93853 4
    endloop
  endfacet
  facet normal 0.896809 -0.442418 0
    outer loop
      vertex 269.391 4.93853 0
      vertex 268.928 4 4
      vertex 268.928 4 0
    endloop
  endfacet
  facet normal -0.896871 -0.442293 0
    outer loop
      vertex 1.0718 4 0
      vertex 0.608963 4.93853 4
      vertex 0.608963 4.93853 0
    endloop
  endfacet
  facet normal -0.896871 -0.442293 0
    outer loop
      vertex 0.608963 4.93853 4
      vertex 1.0718 4 0
      vertex 1.0718 4 4
    endloop
  endfacet
  facet normal -0.321121 0.947038 0
    outer loop
      vertex 5.92945 119.727 0
      vertex 4.93853 119.391 4
      vertex 5.92945 119.727 4
    endloop
  endfacet
  facet normal -0.321121 0.947038 0
    outer loop
      vertex 4.93853 119.391 4
      vertex 5.92945 119.727 0
      vertex 4.93853 119.391 0
    endloop
  endfacet
  facet normal 0.321706 -0.94684 0
    outer loop
      vertex 264.071 0.272593 0
      vertex 265.061 0.608963 4
      vertex 264.071 0.272593 4
    endloop
  endfacet
  facet normal 0.321706 -0.94684 0
    outer loop
      vertex 265.061 0.608963 4
      vertex 264.071 0.272593 0
      vertex 265.061 0.608963 0
    endloop
  endfacet
  facet normal 0.194971 -0.980809 0
    outer loop
      vertex 263.044 0.0684404 0
      vertex 264.071 0.272593 4
      vertex 263.044 0.0684404 4
    endloop
  endfacet
  facet normal 0.194971 -0.980809 0
    outer loop
      vertex 264.071 0.272593 4
      vertex 263.044 0.0684404 0
      vertex 264.071 0.272593 0
    endloop
  endfacet
  facet normal -0.980809 0.194971 0
    outer loop
      vertex 0.0684404 113.044 0
      vertex 0.272593 114.071 4
      vertex 0.272593 114.071 0
    endloop
  endfacet
  facet normal -0.980809 0.194971 0
    outer loop
      vertex 0.272593 114.071 4
      vertex 0.0684404 113.044 0
      vertex 0.0684404 113.044 4
    endloop
  endfacet
  facet normal -0.997859 -0.0654024 0
    outer loop
      vertex 0.0684404 6.95579 0
      vertex 0 8 4
      vertex 0 8 0
    endloop
  endfacet
  facet normal -0.997859 -0.0654024 0
    outer loop
      vertex 0 8 4
      vertex 0.0684404 6.95579 0
      vertex 0.0684404 6.95579 4
    endloop
  endfacet
  facet normal -0.555758 0.831344 0
    outer loop
      vertex 6.15 115.607 -6
      vertex 5.62794 115.258 0
      vertex 6.15 115.607 0
    endloop
  endfacet
  facet normal -0.555758 0.831344 0
    outer loop
      vertex 5.62794 115.258 0
      vertex 6.15 115.607 -6
      vertex 5.62794 115.258 -6
    endloop
  endfacet
  facet normal -0.751795 0.659397 0
    outer loop
      vertex 4.7419 114.372 -6
      vertex 5.15589 114.844 0
      vertex 5.15589 114.844 -6
    endloop
  endfacet
  facet normal -0.751795 0.659397 0
    outer loop
      vertex 5.15589 114.844 0
      vertex 4.7419 114.372 -6
      vertex 4.7419 114.372 0
    endloop
  endfacet
  facet normal 0.659406 0.751787 -0
    outer loop
      vertex 264.844 114.844 -6
      vertex 264.372 115.258 0
      vertex 264.844 114.844 0
    endloop
  endfacet
  facet normal 0.659406 0.751787 0
    outer loop
      vertex 264.372 115.258 0
      vertex 264.844 114.844 -6
      vertex 264.372 115.258 -6
    endloop
  endfacet
  facet normal 0.321218 -0.947005 0
    outer loop
      vertex 262.692 3.91356 -6
      vertex 263.287 4.11538 0
      vertex 262.692 3.91356 0
    endloop
  endfacet
  facet normal 0.321218 -0.947005 0
    outer loop
      vertex 263.287 4.11538 0
      vertex 262.692 3.91356 -6
      vertex 263.287 4.11538 -6
    endloop
  endfacet
  facet normal -0.980734 0.195349 0
    outer loop
      vertex 3.79106 112.077 -6
      vertex 3.91356 112.692 0
      vertex 3.91356 112.692 -6
    endloop
  endfacet
  facet normal -0.980734 0.195349 0
    outer loop
      vertex 3.91356 112.692 0
      vertex 3.79106 112.077 -6
      vertex 3.79106 112.077 0
    endloop
  endfacet
  facet normal 0.555604 -0.831447 0
    outer loop
      vertex 263.85 4.39308 -6
      vertex 264.372 4.7419 0
      vertex 263.85 4.39308 0
    endloop
  endfacet
  facet normal 0.555604 -0.831447 0
    outer loop
      vertex 264.372 4.7419 0
      vertex 263.85 4.39308 -6
      vertex 264.372 4.7419 -6
    endloop
  endfacet
  facet normal 0.0652514 0.997869 -0
    outer loop
      vertex 262.077 116.209 -6
      vertex 261.45 116.25 0
      vertex 262.077 116.209 0
    endloop
  endfacet
  facet normal 0.0652514 0.997869 0
    outer loop
      vertex 261.45 116.25 0
      vertex 262.077 116.209 -6
      vertex 261.45 116.25 -6
    endloop
  endfacet
  facet normal -0.0653001 0.997866 0
    outer loop
      vertex 8.55 116.25 -6
      vertex 7.92347 116.209 0
      vertex 8.55 116.25 0
    endloop
  endfacet
  facet normal -0.0653001 0.997866 0
    outer loop
      vertex 7.92347 116.209 0
      vertex 8.55 116.25 -6
      vertex 7.92347 116.209 -6
    endloop
  endfacet
  facet normal 0.196116 0.980581 -0
    outer loop
      vertex 262.692 116.086 -6
      vertex 262.077 116.209 0
      vertex 262.692 116.086 0
    endloop
  endfacet
  facet normal 0.196116 0.980581 0
    outer loop
      vertex 262.077 116.209 0
      vertex 262.692 116.086 -6
      vertex 262.077 116.209 -6
    endloop
  endfacet
  facet normal -0.442673 0.896683 0
    outer loop
      vertex 6.71312 115.885 -6
      vertex 6.15 115.607 0
      vertex 6.71312 115.885 0
    endloop
  endfacet
  facet normal -0.442673 0.896683 0
    outer loop
      vertex 6.15 115.607 0
      vertex 6.71312 115.885 -6
      vertex 6.15 115.607 -6
    endloop
  endfacet
  facet normal -0.195871 0.98063 0
    outer loop
      vertex 7.92347 116.209 -6
      vertex 7.30767 116.086 0
      vertex 7.92347 116.209 0
    endloop
  endfacet
  facet normal -0.195871 0.98063 0
    outer loop
      vertex 7.30767 116.086 0
      vertex 7.92347 116.209 -6
      vertex 7.30767 116.086 -6
    endloop
  endfacet
  facet normal 0.320047 0.947402 -0
    outer loop
      vertex 263.287 115.885 -6
      vertex 262.692 116.086 0
      vertex 263.287 115.885 0
    endloop
  endfacet
  facet normal 0.320047 0.947402 0
    outer loop
      vertex 262.692 116.086 0
      vertex 263.287 115.885 -6
      vertex 262.692 116.086 -6
    endloop
  endfacet
  facet normal 1 -0 0
    outer loop
      vertex 266.25 8.55 0
      vertex 266.25 111.45 -6
      vertex 266.25 111.45 0
    endloop
  endfacet
  facet normal 1 0 0
    outer loop
      vertex 266.25 111.45 -6
      vertex 266.25 8.55 0
      vertex 266.25 8.55 -6
    endloop
  endfacet
  facet normal 0 -1 0
    outer loop
      vertex 135 3.75 -6
      vertex 205 3.75 -3
      vertex 135 3.75 -3
    endloop
  endfacet
  facet normal 0 -1 -0
    outer loop
      vertex 205 3.75 -3
      vertex 135 3.75 -6
      vertex 205 3.75 -6
    endloop
  endfacet
  facet normal 0 -1 0
    outer loop
      vertex 55 3.75 -6
      vertex 125 3.75 -3
      vertex 55 3.75 -3
    endloop
  endfacet
  facet normal 0 -1 -0
    outer loop
      vertex 125 3.75 -3
      vertex 55 3.75 -6
      vertex 125 3.75 -6
    endloop
  endfacet
  facet normal 0 -1 0
    outer loop
      vertex 55 3.75 -3
      vertex 8.55 3.75 0
      vertex 45 3.75 -3
    endloop
  endfacet
  facet normal 0 -1 0
    outer loop
      vertex 8.55 3.75 -6
      vertex 45 3.75 -3
      vertex 8.55 3.75 0
    endloop
  endfacet
  facet normal 0 -1 -0
    outer loop
      vertex 45 3.75 -3
      vertex 8.55 3.75 -6
      vertex 45 3.75 -6
    endloop
  endfacet
  facet normal 0 -1 0
    outer loop
      vertex 125 3.75 -3
      vertex 8.55 3.75 0
      vertex 55 3.75 -3
    endloop
  endfacet
  facet normal 0 -1 0
    outer loop
      vertex 8.55 3.75 0
      vertex 125 3.75 -3
      vertex 261.45 3.75 0
    endloop
  endfacet
  facet normal 0 -1 0
    outer loop
      vertex 135 3.75 -3
      vertex 261.45 3.75 0
      vertex 125 3.75 -3
    endloop
  endfacet
  facet normal 0 -1 0
    outer loop
      vertex 205 3.75 -3
      vertex 261.45 3.75 0
      vertex 135 3.75 -3
    endloop
  endfacet
  facet normal 0 -1 0
    outer loop
      vertex 215 3.75 -3
      vertex 261.45 3.75 0
      vertex 205 3.75 -3
    endloop
  endfacet
  facet normal 0 -1 0
    outer loop
      vertex 261.45 3.75 -6
      vertex 215 3.75 -3
      vertex 215 3.75 -6
    endloop
  endfacet
  facet normal 0 -1 0
    outer loop
      vertex 215 3.75 -3
      vertex 261.45 3.75 -6
      vertex 261.45 3.75 0
    endloop
  endfacet
  facet normal -0.0653953 -0.997859 0
    outer loop
      vertex 7.92347 3.79106 -6
      vertex 8.55 3.75 0
      vertex 7.92347 3.79106 0
    endloop
  endfacet
  facet normal -0.0653953 -0.997859 -0
    outer loop
      vertex 8.55 3.75 0
      vertex 7.92347 3.79106 -6
      vertex 8.55 3.75 -6
    endloop
  endfacet
  facet normal -0.442289 -0.896873 0
    outer loop
      vertex 6.15 4.39308 -6
      vertex 6.71312 4.11538 0
      vertex 6.15 4.39308 0
    endloop
  endfacet
  facet normal -0.442289 -0.896873 -0
    outer loop
      vertex 6.71312 4.11538 0
      vertex 6.15 4.39308 -6
      vertex 6.71312 4.11538 -6
    endloop
  endfacet
  facet normal 0.947402 0.320047 0
    outer loop
      vertex 266.086 112.692 0
      vertex 265.885 113.287 -6
      vertex 265.885 113.287 0
    endloop
  endfacet
  facet normal 0.947402 0.320047 0
    outer loop
      vertex 265.885 113.287 -6
      vertex 266.086 112.692 0
      vertex 266.086 112.692 -6
    endloop
  endfacet
  facet normal 0.195349 -0.980734 0
    outer loop
      vertex 262.077 3.79106 -6
      vertex 262.692 3.91356 0
      vertex 262.077 3.79106 0
    endloop
  endfacet
  facet normal 0.195349 -0.980734 0
    outer loop
      vertex 262.692 3.91356 0
      vertex 262.077 3.79106 -6
      vertex 262.692 3.91356 -6
    endloop
  endfacet
  facet normal 0.0653465 -0.997863 0
    outer loop
      vertex 261.45 3.75 -6
      vertex 262.077 3.79106 0
      vertex 261.45 3.75 0
    endloop
  endfacet
  facet normal 0.0653465 -0.997863 0
    outer loop
      vertex 262.077 3.79106 0
      vertex 261.45 3.75 -6
      vertex 262.077 3.79106 -6
    endloop
  endfacet
  facet normal -0.320264 0.947328 0
    outer loop
      vertex 7.30767 116.086 -6
      vertex 6.71312 115.885 0
      vertex 7.30767 116.086 0
    endloop
  endfacet
  facet normal -0.320264 0.947328 0
    outer loop
      vertex 6.71312 115.885 0
      vertex 7.30767 116.086 -6
      vertex 6.71312 115.885 -6
    endloop
  endfacet
  facet normal -1 0 0
    outer loop
      vertex 3.75 8.55 -6
      vertex 3.75 111.45 0
      vertex 3.75 111.45 -6
    endloop
  endfacet
  facet normal -1 -0 0
    outer loop
      vertex 3.75 111.45 0
      vertex 3.75 8.55 -6
      vertex 3.75 8.55 0
    endloop
  endfacet
  facet normal 0.997866 -0.0653001 0
    outer loop
      vertex 266.209 7.92347 0
      vertex 266.25 8.55 -6
      vertex 266.25 8.55 0
    endloop
  endfacet
  facet normal 0.997866 -0.0653001 0
    outer loop
      vertex 266.25 8.55 -6
      vertex 266.209 7.92347 0
      vertex 266.209 7.92347 -6
    endloop
  endfacet
  facet normal 0.896646 0.442749 0
    outer loop
      vertex 265.885 113.287 0
      vertex 265.607 113.85 -6
      vertex 265.607 113.85 0
    endloop
  endfacet
  facet normal 0.896646 0.442749 0
    outer loop
      vertex 265.607 113.85 -6
      vertex 265.885 113.287 0
      vertex 265.885 113.287 -6
    endloop
  endfacet
  facet normal -0.831447 0.555604 0
    outer loop
      vertex 4.39308 113.85 -6
      vertex 4.7419 114.372 0
      vertex 4.7419 114.372 -6
    endloop
  endfacet
  facet normal -0.831447 0.555604 0
    outer loop
      vertex 4.7419 114.372 0
      vertex 4.39308 113.85 -6
      vertex 4.39308 113.85 0
    endloop
  endfacet
  facet normal 0.831315 0.555802 0
    outer loop
      vertex 265.607 113.85 0
      vertex 265.258 114.372 -6
      vertex 265.258 114.372 0
    endloop
  endfacet
  facet normal 0.831315 0.555802 0
    outer loop
      vertex 265.258 114.372 -6
      vertex 265.607 113.85 0
      vertex 265.607 113.85 -6
    endloop
  endfacet
  facet normal 0 1 -0
    outer loop
      vertex 125 116.25 -6
      vertex 55 116.25 -3
      vertex 125 116.25 -3
    endloop
  endfacet
  facet normal 0 1 0
    outer loop
      vertex 55 116.25 -3
      vertex 125 116.25 -6
      vertex 55 116.25 -6
    endloop
  endfacet
  facet normal 0 1 -0
    outer loop
      vertex 205 116.25 -6
      vertex 135 116.25 -3
      vertex 205 116.25 -3
    endloop
  endfacet
  facet normal 0 1 0
    outer loop
      vertex 135 116.25 -3
      vertex 205 116.25 -6
      vertex 135 116.25 -6
    endloop
  endfacet
  facet normal 0 1 0
    outer loop
      vertex 205 116.25 -3
      vertex 261.45 116.25 0
      vertex 215 116.25 -3
    endloop
  endfacet
  facet normal 0 1 -0
    outer loop
      vertex 261.45 116.25 -6
      vertex 215 116.25 -3
      vertex 261.45 116.25 0
    endloop
  endfacet
  facet normal 0 1 0
    outer loop
      vertex 215 116.25 -3
      vertex 261.45 116.25 -6
      vertex 215 116.25 -6
    endloop
  endfacet
  facet normal 0 1 0
    outer loop
      vertex 135 116.25 -3
      vertex 261.45 116.25 0
      vertex 205 116.25 -3
    endloop
  endfacet
  facet normal 0 1 0
    outer loop
      vertex 261.45 116.25 0
      vertex 135 116.25 -3
      vertex 8.55 116.25 0
    endloop
  endfacet
  facet normal 0 1 -0
    outer loop
      vertex 125 116.25 -3
      vertex 8.55 116.25 0
      vertex 135 116.25 -3
    endloop
  endfacet
  facet normal 0 1 -0
    outer loop
      vertex 55 116.25 -3
      vertex 8.55 116.25 0
      vertex 125 116.25 -3
    endloop
  endfacet
  facet normal 0 1 -0
    outer loop
      vertex 45 116.25 -3
      vertex 8.55 116.25 0
      vertex 55 116.25 -3
    endloop
  endfacet
  facet normal 0 1 0
    outer loop
      vertex 8.55 116.25 -6
      vertex 45 116.25 -3
      vertex 45 116.25 -6
    endloop
  endfacet
  facet normal 0 1 0
    outer loop
      vertex 45 116.25 -3
      vertex 8.55 116.25 -6
      vertex 8.55 116.25 0
    endloop
  endfacet
  facet normal 0.751787 0.659406 0
    outer loop
      vertex 265.258 114.372 0
      vertex 264.844 114.844 -6
      vertex 264.844 114.844 0
    endloop
  endfacet
  facet normal 0.751787 0.659406 0
    outer loop
      vertex 264.844 114.844 -6
      vertex 265.258 114.372 0
      vertex 265.258 114.372 -6
    endloop
  endfacet
  facet normal -0.896835 0.442364 0
    outer loop
      vertex 4.11538 113.287 -6
      vertex 4.39308 113.85 0
      vertex 4.39308 113.85 -6
    endloop
  endfacet
  facet normal -0.896835 0.442364 0
    outer loop
      vertex 4.39308 113.85 0
      vertex 4.11538 113.287 -6
      vertex 4.11538 113.287 0
    endloop
  endfacet
  facet normal 0.555802 0.831315 -0
    outer loop
      vertex 264.372 115.258 -6
      vertex 263.85 115.607 0
      vertex 264.372 115.258 0
    endloop
  endfacet
  facet normal 0.555802 0.831315 0
    outer loop
      vertex 263.85 115.607 0
      vertex 264.372 115.258 -6
      vertex 263.85 115.607 -6
    endloop
  endfacet
  facet normal 0.442364 -0.896835 0
    outer loop
      vertex 263.287 4.11538 -6
      vertex 263.85 4.39308 0
      vertex 263.287 4.11538 0
    endloop
  endfacet
  facet normal 0.442364 -0.896835 0
    outer loop
      vertex 263.85 4.39308 0
      vertex 263.287 4.11538 -6
      vertex 263.85 4.39308 -6
    endloop
  endfacet
  facet normal -0.659358 -0.751829 0
    outer loop
      vertex 5.15589 5.15589 -6
      vertex 5.62794 4.7419 0
      vertex 5.15589 5.15589 0
    endloop
  endfacet
  facet normal -0.659358 -0.751829 -0
    outer loop
      vertex 5.62794 4.7419 0
      vertex 5.15589 5.15589 -6
      vertex 5.62794 4.7419 -6
    endloop
  endfacet
  facet normal 0.980581 0.196116 0
    outer loop
      vertex 266.209 112.077 0
      vertex 266.086 112.692 -6
      vertex 266.086 112.692 0
    endloop
  endfacet
  facet normal 0.980581 0.196116 0
    outer loop
      vertex 266.086 112.692 -6
      vertex 266.209 112.077 0
      vertex 266.209 112.077 -6
    endloop
  endfacet
  facet normal 0.997869 0.0652514 0
    outer loop
      vertex 266.25 111.45 0
      vertex 266.209 112.077 -6
      vertex 266.209 112.077 0
    endloop
  endfacet
  facet normal 0.997869 0.0652514 0
    outer loop
      vertex 266.209 112.077 -6
      vertex 266.25 111.45 0
      vertex 266.25 111.45 -6
    endloop
  endfacet
  facet normal -0.997859 -0.0653953 0
    outer loop
      vertex 3.79106 7.92347 -6
      vertex 3.75 8.55 0
      vertex 3.75 8.55 -6
    endloop
  endfacet
  facet normal -0.997859 -0.0653953 0
    outer loop
      vertex 3.75 8.55 0
      vertex 3.79106 7.92347 -6
      vertex 3.79106 7.92347 0
    endloop
  endfacet
  facet normal 0 0 -1
    outer loop
      vertex 125 3.75 -6
      vertex 55 3.75 -6
      vertex 125 6 -6
    endloop
  endfacet
  facet normal 0 0 -1
    outer loop
      vertex 205 3.75 -6
      vertex 135 3.75 -6
      vertex 205 6 -6
    endloop
  endfacet
  facet normal 0 0 -1
    outer loop
      vertex 260.301 113.05 -6
      vertex 205 114 -6
      vertex 215 114 -6
    endloop
  endfacet
  facet normal 0 0 -1
    outer loop
      vertex 205 114 -6
      vertex 135 114 -6
      vertex 205 116.25 -6
    endloop
  endfacet
  facet normal 0 0 -1
    outer loop
      vertex 260.301 113.05 -6
      vertex 135 114 -6
      vertex 205 114 -6
    endloop
  endfacet
  facet normal 0 0 -1
    outer loop
      vertex 260.301 113.05 -6
      vertex 125 114 -6
      vertex 135 114 -6
    endloop
  endfacet
  facet normal 0 0 -1
    outer loop
      vertex 125 114 -6
      vertex 55 114 -6
      vertex 125 116.25 -6
    endloop
  endfacet
  facet normal 0 0 -1
    outer loop
      vertex 9.69864 113.05 -6
      vertex 125 114 -6
      vertex 260.301 113.05 -6
    endloop
  endfacet
  facet normal -0 0 -1
    outer loop
      vertex 125 114 -6
      vertex 9.69864 113.05 -6
      vertex 55 114 -6
    endloop
  endfacet
  facet normal -0 0 -1
    outer loop
      vertex 55 114 -6
      vertex 9.69864 113.05 -6
      vertex 45 114 -6
    endloop
  endfacet
  facet normal 0 0 -1
    outer loop
      vertex 9.69864 113.05 -6
      vertex 45 116.25 -6
      vertex 45 114 -6
    endloop
  endfacet
  facet normal 0 0 -1
    outer loop
      vertex 8.55 116.25 -6
      vertex 9.69864 113.05 -6
      vertex 9.58671 113.218 -6
    endloop
  endfacet
  facet normal 0 0 -1
    outer loop
      vertex 8.55 116.25 -6
      vertex 9.58671 113.218 -6
      vertex 9.41421 113.414 -6
    endloop
  endfacet
  facet normal 0 0 -1
    outer loop
      vertex 8.55 116.25 -6
      vertex 9.41421 113.414 -6
      vertex 9.21752 113.587 -6
    endloop
  endfacet
  facet normal 0 0 -1
    outer loop
      vertex 8.55 116.25 -6
      vertex 9.21752 113.587 -6
      vertex 9 113.732 -6
    endloop
  endfacet
  facet normal 0 0 -1
    outer loop
      vertex 8.55 116.25 -6
      vertex 9 113.732 -6
      vertex 8.76537 113.848 -6
    endloop
  endfacet
  facet normal 0 0 -1
    outer loop
      vertex 9.69864 113.05 -6
      vertex 8.55 116.25 -6
      vertex 45 116.25 -6
    endloop
  endfacet
  facet normal 0 0 -1
    outer loop
      vertex 8.51764 113.932 -6
      vertex 8.55 116.25 -6
      vertex 8.76537 113.848 -6
    endloop
  endfacet
  facet normal 0 0 -1
    outer loop
      vertex 8.26105 113.983 -6
      vertex 8.55 116.25 -6
      vertex 8.51764 113.932 -6
    endloop
  endfacet
  facet normal 0 0 -1
    outer loop
      vertex 7.92347 116.209 -6
      vertex 8.26105 113.983 -6
      vertex 8 114 -6
    endloop
  endfacet
  facet normal 0 0 -1
    outer loop
      vertex 8.26105 113.983 -6
      vertex 7.92347 116.209 -6
      vertex 8.55 116.25 -6
    endloop
  endfacet
  facet normal 0 0 -1
    outer loop
      vertex 7.30767 116.086 -6
      vertex 8 114 -6
      vertex 7.73895 113.983 -6
    endloop
  endfacet
  facet normal 0 0 -1
    outer loop
      vertex 7.30767 116.086 -6
      vertex 7.73895 113.983 -6
      vertex 7.48236 113.932 -6
    endloop
  endfacet
  facet normal 0 0 -1
    outer loop
      vertex 8 114 -6
      vertex 7.30767 116.086 -6
      vertex 7.92347 116.209 -6
    endloop
  endfacet
  facet normal 0 0 -1
    outer loop
      vertex 6.71312 115.885 -6
      vertex 7.48236 113.932 -6
      vertex 7.23463 113.848 -6
    endloop
  endfacet
  facet normal 0 0 -1
    outer loop
      vertex 6.15 115.607 -6
      vertex 7.23463 113.848 -6
      vertex 7 113.732 -6
    endloop
  endfacet
  facet normal 0 0 -1
    outer loop
      vertex 5.62794 115.258 -6
      vertex 7 113.732 -6
      vertex 6.78248 113.587 -6
    endloop
  endfacet
  facet normal 0 0 -1
    outer loop
      vertex 7.48236 113.932 -6
      vertex 6.71312 115.885 -6
      vertex 7.30767 116.086 -6
    endloop
  endfacet
  facet normal 0 0 -1
    outer loop
      vertex 5.62794 115.258 -6
      vertex 6.78248 113.587 -6
      vertex 6.58579 113.414 -6
    endloop
  endfacet
  facet normal 0 0 -1
    outer loop
      vertex 5.62794 115.258 -6
      vertex 6.58579 113.414 -6
      vertex 6.41329 113.218 -6
    endloop
  endfacet
  facet normal 0 0 -1
    outer loop
      vertex 5.62794 115.258 -6
      vertex 6.41329 113.218 -6
      vertex 6.26795 113 -6
    endloop
  endfacet
  facet normal 0 0 -1
    outer loop
      vertex 5.62794 115.258 -6
      vertex 6.26795 113 -6
      vertex 6.15224 112.765 -6
    endloop
  endfacet
  facet normal 0 0 -1
    outer loop
      vertex 7.23463 113.848 -6
      vertex 6.15 115.607 -6
      vertex 6.71312 115.885 -6
    endloop
  endfacet
  facet normal 0 0 -1
    outer loop
      vertex 5.62794 115.258 -6
      vertex 6.15224 112.765 -6
      vertex 6.06815 112.518 -6
    endloop
  endfacet
  facet normal 0 0 -1
    outer loop
      vertex 5.62794 115.258 -6
      vertex 6.06815 112.518 -6
      vertex 6.01711 112.261 -6
    endloop
  endfacet
  facet normal 0 0 -1
    outer loop
      vertex 5.62794 115.258 -6
      vertex 6.01711 112.261 -6
      vertex 6 112 -6
    endloop
  endfacet
  facet normal 0 0 -1
    outer loop
      vertex 7 113.732 -6
      vertex 5.62794 115.258 -6
      vertex 6.15 115.607 -6
    endloop
  endfacet
  facet normal 0 0 -1
    outer loop
      vertex 6.01711 111.739 -6
      vertex 5.62794 115.258 -6
      vertex 6 112 -6
    endloop
  endfacet
  facet normal 0 0 -1
    outer loop
      vertex 3.75 8.55 -6
      vertex 5.62794 4.7419 -6
      vertex 5.15589 5.15589 -6
    endloop
  endfacet
  facet normal -0 0 -1
    outer loop
      vertex 6.06815 111.482 -6
      vertex 3.75 111.45 -6
      vertex 6.01711 111.739 -6
    endloop
  endfacet
  facet normal 0 0 -1
    outer loop
      vertex 3.75 8.55 -6
      vertex 5.15589 5.15589 -6
      vertex 4.7419 5.62794 -6
    endloop
  endfacet
  facet normal 0 -0 -1
    outer loop
      vertex 3.79106 112.077 -6
      vertex 6.01711 111.739 -6
      vertex 3.75 111.45 -6
    endloop
  endfacet
  facet normal 0 0 -1
    outer loop
      vertex 3.75 8.55 -6
      vertex 4.7419 5.62794 -6
      vertex 4.39308 6.15 -6
    endloop
  endfacet
  facet normal 0 0 -1
    outer loop
      vertex 6.01711 111.739 -6
      vertex 5.15589 114.844 -6
      vertex 5.62794 115.258 -6
    endloop
  endfacet
  facet normal 0 0 -1
    outer loop
      vertex 3.75 8.55 -6
      vertex 4.39308 6.15 -6
      vertex 4.11538 6.71312 -6
    endloop
  endfacet
  facet normal 0 0 -1
    outer loop
      vertex 6.01711 111.739 -6
      vertex 4.7419 114.372 -6
      vertex 5.15589 114.844 -6
    endloop
  endfacet
  facet normal 0 0 -1
    outer loop
      vertex 3.75 8.55 -6
      vertex 4.11538 6.71312 -6
      vertex 3.91356 7.30767 -6
    endloop
  endfacet
  facet normal 0 0 -1
    outer loop
      vertex 6.01711 111.739 -6
      vertex 4.39308 113.85 -6
      vertex 4.7419 114.372 -6
    endloop
  endfacet
  facet normal 0 0 -1
    outer loop
      vertex 3.75 8.55 -6
      vertex 3.91356 7.30767 -6
      vertex 3.79106 7.92347 -6
    endloop
  endfacet
  facet normal 0 0 -1
    outer loop
      vertex 6.01711 111.739 -6
      vertex 4.11538 113.287 -6
      vertex 4.39308 113.85 -6
    endloop
  endfacet
  facet normal 0 0 -1
    outer loop
      vertex 6.01711 111.739 -6
      vertex 3.91356 112.692 -6
      vertex 4.11538 113.287 -6
    endloop
  endfacet
  facet normal 0 0 -1
    outer loop
      vertex 6.01711 111.739 -6
      vertex 3.79106 112.077 -6
      vertex 3.91356 112.692 -6
    endloop
  endfacet
  facet normal 0 0 -1
    outer loop
      vertex 263.848 8.76537 -6
      vertex 266.25 8.55 -6
      vertex 263.932 8.51764 -6
    endloop
  endfacet
  facet normal 0 0 -1
    outer loop
      vertex 266.25 111.45 -6
      vertex 263.983 111.739 -6
      vertex 264 112 -6
    endloop
  endfacet
  facet normal 0 0 -1
    outer loop
      vertex 263.732 9 -6
      vertex 266.25 8.55 -6
      vertex 263.848 8.76537 -6
    endloop
  endfacet
  facet normal 0 0 -1
    outer loop
      vertex 266.25 111.45 -6
      vertex 263.932 111.482 -6
      vertex 263.983 111.739 -6
    endloop
  endfacet
  facet normal 0 0 -1
    outer loop
      vertex 263.587 9.21752 -6
      vertex 266.25 8.55 -6
      vertex 263.732 9 -6
    endloop
  endfacet
  facet normal -0 0 -1
    outer loop
      vertex 266.25 111.45 -6
      vertex 263.848 111.235 -6
      vertex 263.932 111.482 -6
    endloop
  endfacet
  facet normal 0 0 -1
    outer loop
      vertex 263.414 9.41421 -6
      vertex 266.25 8.55 -6
      vertex 263.587 9.21752 -6
    endloop
  endfacet
  facet normal 0 0 -1
    outer loop
      vertex 266.25 111.45 -6
      vertex 263.732 111 -6
      vertex 263.848 111.235 -6
    endloop
  endfacet
  facet normal 0 0 -1
    outer loop
      vertex 263.218 9.58671 -6
      vertex 266.25 8.55 -6
      vertex 263.414 9.41421 -6
    endloop
  endfacet
  facet normal 0 0 -1
    outer loop
      vertex 266.25 111.45 -6
      vertex 263.587 110.782 -6
      vertex 263.732 111 -6
    endloop
  endfacet
  facet normal 0 0 -1
    outer loop
      vertex 263.05 9.69864 -6
      vertex 266.25 8.55 -6
      vertex 263.218 9.58671 -6
    endloop
  endfacet
  facet normal 0 0 -1
    outer loop
      vertex 266.25 111.45 -6
      vertex 263.414 110.586 -6
      vertex 263.587 110.782 -6
    endloop
  endfacet
  facet normal 0 0 -1
    outer loop
      vertex 266.25 8.55 -6
      vertex 263.05 9.69864 -6
      vertex 266.25 111.45 -6
    endloop
  endfacet
  facet normal 0 0 -1
    outer loop
      vertex 266.25 111.45 -6
      vertex 263.218 110.413 -6
      vertex 263.414 110.586 -6
    endloop
  endfacet
  facet normal 0 0 -1
    outer loop
      vertex 263.05 110.301 -6
      vertex 266.25 111.45 -6
      vertex 263.05 9.69864 -6
    endloop
  endfacet
  facet normal 0 0 -1
    outer loop
      vertex 266.25 111.45 -6
      vertex 263.05 110.301 -6
      vertex 263.218 110.413 -6
    endloop
  endfacet
  facet normal 0 0 -1
    outer loop
      vertex 263.983 8.26105 -6
      vertex 266.209 7.92347 -6
      vertex 264 8 -6
    endloop
  endfacet
  facet normal 0 0 -1
    outer loop
      vertex 266.209 7.92347 -6
      vertex 263.983 8.26105 -6
      vertex 266.25 8.55 -6
    endloop
  endfacet
  facet normal 0 0 -1
    outer loop
      vertex 264 8 -6
      vertex 266.209 7.92347 -6
      vertex 266.086 7.30767 -6
    endloop
  endfacet
  facet normal 0 0 -1
    outer loop
      vertex 263.932 8.51764 -6
      vertex 266.25 8.55 -6
      vertex 263.983 8.26105 -6
    endloop
  endfacet
  facet normal 0 0 -1
    outer loop
      vertex 263.932 7.48236 -6
      vertex 266.086 7.30767 -6
      vertex 265.885 6.71312 -6
    endloop
  endfacet
  facet normal 0 0 -1
    outer loop
      vertex 266.25 111.45 -6
      vertex 264 112 -6
      vertex 266.209 112.077 -6
    endloop
  endfacet
  facet normal 0 0 -1
    outer loop
      vertex 263.848 7.23463 -6
      vertex 265.885 6.71312 -6
      vertex 265.607 6.15 -6
    endloop
  endfacet
  facet normal -0 0 -1
    outer loop
      vertex 266.209 112.077 -6
      vertex 264 112 -6
      vertex 266.086 112.692 -6
    endloop
  endfacet
  facet normal 0 0 -1
    outer loop
      vertex 263.732 7 -6
      vertex 265.607 6.15 -6
      vertex 265.258 5.62794 -6
    endloop
  endfacet
  facet normal 0 0 -1
    outer loop
      vertex 263.983 112.261 -6
      vertex 266.086 112.692 -6
      vertex 264 112 -6
    endloop
  endfacet
  facet normal 0 0 -1
    outer loop
      vertex 263.587 6.78248 -6
      vertex 265.258 5.62794 -6
      vertex 264.844 5.15589 -6
    endloop
  endfacet
  facet normal 0 0 -1
    outer loop
      vertex 263.932 112.518 -6
      vertex 266.086 112.692 -6
      vertex 263.983 112.261 -6
    endloop
  endfacet
  facet normal 0 0 -1
    outer loop
      vertex 263.218 6.41329 -6
      vertex 264.844 5.15589 -6
      vertex 264.372 4.7419 -6
    endloop
  endfacet
  facet normal -0 0 -1
    outer loop
      vertex 266.086 112.692 -6
      vertex 263.932 112.518 -6
      vertex 265.885 113.287 -6
    endloop
  endfacet
  facet normal 0 0 -1
    outer loop
      vertex 263.848 112.765 -6
      vertex 265.885 113.287 -6
      vertex 263.932 112.518 -6
    endloop
  endfacet
  facet normal 0 0 -1
    outer loop
      vertex 266.086 7.30767 -6
      vertex 263.983 7.73895 -6
      vertex 264 8 -6
    endloop
  endfacet
  facet normal 0 0 -1
    outer loop
      vertex 266.086 7.30767 -6
      vertex 263.932 7.48236 -6
      vertex 263.983 7.73895 -6
    endloop
  endfacet
  facet normal 0 0 -1
    outer loop
      vertex 263 6.26795 -6
      vertex 264.372 4.7419 -6
      vertex 263.85 4.39308 -6
    endloop
  endfacet
  facet normal 0 0 -1
    outer loop
      vertex 265.885 6.71312 -6
      vertex 263.848 7.23463 -6
      vertex 263.932 7.48236 -6
    endloop
  endfacet
  facet normal 0 0 -1
    outer loop
      vertex 265.607 6.15 -6
      vertex 263.732 7 -6
      vertex 263.848 7.23463 -6
    endloop
  endfacet
  facet normal 0 0 -1
    outer loop
      vertex 265.258 5.62794 -6
      vertex 263.587 6.78248 -6
      vertex 263.732 7 -6
    endloop
  endfacet
  facet normal 0 0 -1
    outer loop
      vertex 264.844 5.15589 -6
      vertex 263.414 6.58579 -6
      vertex 263.587 6.78248 -6
    endloop
  endfacet
  facet normal 0 0 -1
    outer loop
      vertex 262.765 6.15224 -6
      vertex 263.85 4.39308 -6
      vertex 263.287 4.11538 -6
    endloop
  endfacet
  facet normal 0 0 -1
    outer loop
      vertex 264.844 5.15589 -6
      vertex 263.218 6.41329 -6
      vertex 263.414 6.58579 -6
    endloop
  endfacet
  facet normal 0 0 -1
    outer loop
      vertex 264.372 4.7419 -6
      vertex 263 6.26795 -6
      vertex 263.218 6.41329 -6
    endloop
  endfacet
  facet normal 0 0 -1
    outer loop
      vertex 263.85 4.39308 -6
      vertex 262.765 6.15224 -6
      vertex 263 6.26795 -6
    endloop
  endfacet
  facet normal 0 0 -1
    outer loop
      vertex 262.518 6.06815 -6
      vertex 263.287 4.11538 -6
      vertex 262.692 3.91356 -6
    endloop
  endfacet
  facet normal 0 0 -1
    outer loop
      vertex 263.287 4.11538 -6
      vertex 262.518 6.06815 -6
      vertex 262.765 6.15224 -6
    endloop
  endfacet
  facet normal 0 0 -1
    outer loop
      vertex 262.692 3.91356 -6
      vertex 262.261 6.01711 -6
      vertex 262.518 6.06815 -6
    endloop
  endfacet
  facet normal 0 0 -1
    outer loop
      vertex 262 6 -6
      vertex 262.692 3.91356 -6
      vertex 262.077 3.79106 -6
    endloop
  endfacet
  facet normal 0 0 -1
    outer loop
      vertex 262.692 3.91356 -6
      vertex 262 6 -6
      vertex 262.261 6.01711 -6
    endloop
  endfacet
  facet normal 0 0 -1
    outer loop
      vertex 262.077 3.79106 -6
      vertex 261.739 6.01711 -6
      vertex 262 6 -6
    endloop
  endfacet
  facet normal 0 0 -1
    outer loop
      vertex 261.45 3.75 -6
      vertex 261.739 6.01711 -6
      vertex 262.077 3.79106 -6
    endloop
  endfacet
  facet normal -0 0 -1
    outer loop
      vertex 261.739 6.01711 -6
      vertex 261.45 3.75 -6
      vertex 261.482 6.06815 -6
    endloop
  endfacet
  facet normal 0 0 -1
    outer loop
      vertex 261.45 3.75 -6
      vertex 261.235 6.15224 -6
      vertex 261.482 6.06815 -6
    endloop
  endfacet
  facet normal 0 0 -1
    outer loop
      vertex 261.45 3.75 -6
      vertex 261 6.26795 -6
      vertex 261.235 6.15224 -6
    endloop
  endfacet
  facet normal 0 0 -1
    outer loop
      vertex 261.45 3.75 -6
      vertex 260.782 6.41329 -6
      vertex 261 6.26795 -6
    endloop
  endfacet
  facet normal 0 0 -1
    outer loop
      vertex 261.45 3.75 -6
      vertex 260.586 6.58579 -6
      vertex 260.782 6.41329 -6
    endloop
  endfacet
  facet normal 0 0 -1
    outer loop
      vertex 261.45 3.75 -6
      vertex 260.413 6.78248 -6
      vertex 260.586 6.58579 -6
    endloop
  endfacet
  facet normal 0 0 -1
    outer loop
      vertex 261.45 3.75 -6
      vertex 260.301 6.95 -6
      vertex 260.413 6.78248 -6
    endloop
  endfacet
  facet normal 0 0 -1
    outer loop
      vertex 215 3.75 -6
      vertex 260.301 6.95 -6
      vertex 261.45 3.75 -6
    endloop
  endfacet
  facet normal 0 0 -1
    outer loop
      vertex 215 6 -6
      vertex 260.301 6.95 -6
      vertex 215 3.75 -6
    endloop
  endfacet
  facet normal 0 0 -1
    outer loop
      vertex 205 6 -6
      vertex 260.301 6.95 -6
      vertex 215 6 -6
    endloop
  endfacet
  facet normal 0 0 -1
    outer loop
      vertex 135 6 -6
      vertex 205 6 -6
      vertex 135 3.75 -6
    endloop
  endfacet
  facet normal 0 0 -1
    outer loop
      vertex 135 6 -6
      vertex 260.301 6.95 -6
      vertex 205 6 -6
    endloop
  endfacet
  facet normal 0 0 -1
    outer loop
      vertex 125 6 -6
      vertex 260.301 6.95 -6
      vertex 135 6 -6
    endloop
  endfacet
  facet normal 0 0 -1
    outer loop
      vertex 55 6 -6
      vertex 125 6 -6
      vertex 55 3.75 -6
    endloop
  endfacet
  facet normal 0 0 -1
    outer loop
      vertex 9.69864 6.95 -6
      vertex 125 6 -6
      vertex 55 6 -6
    endloop
  endfacet
  facet normal 0 0 -1
    outer loop
      vertex 9.69864 6.95 -6
      vertex 55 6 -6
      vertex 45 6 -6
    endloop
  endfacet
  facet normal 0 0 -1
    outer loop
      vertex 125 6 -6
      vertex 9.69864 6.95 -6
      vertex 260.301 6.95 -6
    endloop
  endfacet
  facet normal -0 0 -1
    outer loop
      vertex 265.885 113.287 -6
      vertex 263.848 112.765 -6
      vertex 265.607 113.85 -6
    endloop
  endfacet
  facet normal 0 0 -1
    outer loop
      vertex 263.732 113 -6
      vertex 265.607 113.85 -6
      vertex 263.848 112.765 -6
    endloop
  endfacet
  facet normal -0 0 -1
    outer loop
      vertex 265.607 113.85 -6
      vertex 263.732 113 -6
      vertex 265.258 114.372 -6
    endloop
  endfacet
  facet normal 0 0 -1
    outer loop
      vertex 263.587 113.218 -6
      vertex 265.258 114.372 -6
      vertex 263.732 113 -6
    endloop
  endfacet
  facet normal -0 0 -1
    outer loop
      vertex 265.258 114.372 -6
      vertex 263.587 113.218 -6
      vertex 264.844 114.844 -6
    endloop
  endfacet
  facet normal 0 0 -1
    outer loop
      vertex 263.414 113.414 -6
      vertex 264.844 114.844 -6
      vertex 263.587 113.218 -6
    endloop
  endfacet
  facet normal 0 0 -1
    outer loop
      vertex 263.218 113.587 -6
      vertex 264.844 114.844 -6
      vertex 263.414 113.414 -6
    endloop
  endfacet
  facet normal -0 0 -1
    outer loop
      vertex 264.844 114.844 -6
      vertex 263.218 113.587 -6
      vertex 264.372 115.258 -6
    endloop
  endfacet
  facet normal 0 0 -1
    outer loop
      vertex 263 113.732 -6
      vertex 264.372 115.258 -6
      vertex 263.218 113.587 -6
    endloop
  endfacet
  facet normal -0 0 -1
    outer loop
      vertex 264.372 115.258 -6
      vertex 263 113.732 -6
      vertex 263.85 115.607 -6
    endloop
  endfacet
  facet normal 0 0 -1
    outer loop
      vertex 262.765 113.848 -6
      vertex 263.85 115.607 -6
      vertex 263 113.732 -6
    endloop
  endfacet
  facet normal -0 0 -1
    outer loop
      vertex 263.85 115.607 -6
      vertex 262.765 113.848 -6
      vertex 263.287 115.885 -6
    endloop
  endfacet
  facet normal 0 0 -1
    outer loop
      vertex 262.518 113.932 -6
      vertex 263.287 115.885 -6
      vertex 262.765 113.848 -6
    endloop
  endfacet
  facet normal -0 0 -1
    outer loop
      vertex 263.287 115.885 -6
      vertex 262.518 113.932 -6
      vertex 262.692 116.086 -6
    endloop
  endfacet
  facet normal 0 0 -1
    outer loop
      vertex 262.261 113.983 -6
      vertex 262.692 116.086 -6
      vertex 262.518 113.932 -6
    endloop
  endfacet
  facet normal 0 0 -1
    outer loop
      vertex 262 114 -6
      vertex 262.692 116.086 -6
      vertex 262.261 113.983 -6
    endloop
  endfacet
  facet normal -0 0 -1
    outer loop
      vertex 262.692 116.086 -6
      vertex 262 114 -6
      vertex 262.077 116.209 -6
    endloop
  endfacet
  facet normal 0 0 -1
    outer loop
      vertex 261.739 113.983 -6
      vertex 262.077 116.209 -6
      vertex 262 114 -6
    endloop
  endfacet
  facet normal 0 0 -1
    outer loop
      vertex 261.45 116.25 -6
      vertex 261.739 113.983 -6
      vertex 261.482 113.932 -6
    endloop
  endfacet
  facet normal 0 0 -1
    outer loop
      vertex 261.739 113.983 -6
      vertex 261.45 116.25 -6
      vertex 262.077 116.209 -6
    endloop
  endfacet
  facet normal 0 0 -1
    outer loop
      vertex 261.235 113.848 -6
      vertex 261.45 116.25 -6
      vertex 261.482 113.932 -6
    endloop
  endfacet
  facet normal 0 0 -1
    outer loop
      vertex 261 113.732 -6
      vertex 261.45 116.25 -6
      vertex 261.235 113.848 -6
    endloop
  endfacet
  facet normal 0 0 -1
    outer loop
      vertex 260.782 113.587 -6
      vertex 261.45 116.25 -6
      vertex 261 113.732 -6
    endloop
  endfacet
  facet normal 0 0 -1
    outer loop
      vertex 260.586 113.414 -6
      vertex 261.45 116.25 -6
      vertex 260.782 113.587 -6
    endloop
  endfacet
  facet normal 0 0 -1
    outer loop
      vertex 260.413 113.218 -6
      vertex 261.45 116.25 -6
      vertex 260.586 113.414 -6
    endloop
  endfacet
  facet normal 0 0 -1
    outer loop
      vertex 260.301 113.05 -6
      vertex 261.45 116.25 -6
      vertex 260.413 113.218 -6
    endloop
  endfacet
  facet normal 0 0 -1
    outer loop
      vertex 215 116.25 -6
      vertex 260.301 113.05 -6
      vertex 215 114 -6
    endloop
  endfacet
  facet normal 0 0 -1
    outer loop
      vertex 260.301 113.05 -6
      vertex 215 116.25 -6
      vertex 261.45 116.25 -6
    endloop
  endfacet
  facet normal -0 0 -1
    outer loop
      vertex 205 116.25 -6
      vertex 135 114 -6
      vertex 135 116.25 -6
    endloop
  endfacet
  facet normal 0 0 -1
    outer loop
      vertex 45 3.75 -6
      vertex 9.69864 6.95 -6
      vertex 45 6 -6
    endloop
  endfacet
  facet normal 0 0 -1
    outer loop
      vertex 8.55 3.75 -6
      vertex 9.69864 6.95 -6
      vertex 45 3.75 -6
    endloop
  endfacet
  facet normal 0 0 -1
    outer loop
      vertex 9.69864 6.95 -6
      vertex 8.55 3.75 -6
      vertex 9.58671 6.78248 -6
    endloop
  endfacet
  facet normal 0 0 -1
    outer loop
      vertex 9.58671 6.78248 -6
      vertex 8.55 3.75 -6
      vertex 9.41421 6.58579 -6
    endloop
  endfacet
  facet normal 0 0 -1
    outer loop
      vertex 9.41421 6.58579 -6
      vertex 8.55 3.75 -6
      vertex 9.21752 6.41329 -6
    endloop
  endfacet
  facet normal 0 0 -1
    outer loop
      vertex 9.21752 6.41329 -6
      vertex 8.55 3.75 -6
      vertex 9 6.26795 -6
    endloop
  endfacet
  facet normal 0 0 -1
    outer loop
      vertex 9 6.26795 -6
      vertex 8.55 3.75 -6
      vertex 8.76537 6.15224 -6
    endloop
  endfacet
  facet normal 0 0 -1
    outer loop
      vertex 8.55 3.75 -6
      vertex 8.51764 6.06815 -6
      vertex 8.76537 6.15224 -6
    endloop
  endfacet
  facet normal 0 0 -1
    outer loop
      vertex 8.55 3.75 -6
      vertex 8.26105 6.01711 -6
      vertex 8.51764 6.06815 -6
    endloop
  endfacet
  facet normal 0 0 -1
    outer loop
      vertex 7.92347 3.79106 -6
      vertex 8.26105 6.01711 -6
      vertex 8.55 3.75 -6
    endloop
  endfacet
  facet normal 0 0 -1
    outer loop
      vertex 8.26105 6.01711 -6
      vertex 7.92347 3.79106 -6
      vertex 8 6 -6
    endloop
  endfacet
  facet normal 0 0 -1
    outer loop
      vertex 7.30767 3.91356 -6
      vertex 8 6 -6
      vertex 7.92347 3.79106 -6
    endloop
  endfacet
  facet normal -0 0 -1
    outer loop
      vertex 8 6 -6
      vertex 7.30767 3.91356 -6
      vertex 7.73895 6.01711 -6
    endloop
  endfacet
  facet normal -0 0 -1
    outer loop
      vertex 7.73895 6.01711 -6
      vertex 7.30767 3.91356 -6
      vertex 7.48236 6.06815 -6
    endloop
  endfacet
  facet normal 0 0 -1
    outer loop
      vertex 6.71312 4.11538 -6
      vertex 7.48236 6.06815 -6
      vertex 7.30767 3.91356 -6
    endloop
  endfacet
  facet normal -0 0 -1
    outer loop
      vertex 7.48236 6.06815 -6
      vertex 6.71312 4.11538 -6
      vertex 7.23463 6.15224 -6
    endloop
  endfacet
  facet normal 0 0 -1
    outer loop
      vertex 6.15 4.39308 -6
      vertex 7.23463 6.15224 -6
      vertex 6.71312 4.11538 -6
    endloop
  endfacet
  facet normal -0 0 -1
    outer loop
      vertex 7.23463 6.15224 -6
      vertex 6.15 4.39308 -6
      vertex 7 6.26795 -6
    endloop
  endfacet
  facet normal 0 0 -1
    outer loop
      vertex 5.62794 4.7419 -6
      vertex 7 6.26795 -6
      vertex 6.15 4.39308 -6
    endloop
  endfacet
  facet normal -0 0 -1
    outer loop
      vertex 7 6.26795 -6
      vertex 5.62794 4.7419 -6
      vertex 6.78248 6.41329 -6
    endloop
  endfacet
  facet normal -0 0 -1
    outer loop
      vertex 6.78248 6.41329 -6
      vertex 5.62794 4.7419 -6
      vertex 6.58579 6.58579 -6
    endloop
  endfacet
  facet normal -0 0 -1
    outer loop
      vertex 6.58579 6.58579 -6
      vertex 5.62794 4.7419 -6
      vertex 6.41329 6.78248 -6
    endloop
  endfacet
  facet normal -0 0 -1
    outer loop
      vertex 6.41329 6.78248 -6
      vertex 5.62794 4.7419 -6
      vertex 6.26795 7 -6
    endloop
  endfacet
  facet normal -0 0 -1
    outer loop
      vertex 6.26795 7 -6
      vertex 5.62794 4.7419 -6
      vertex 6.15224 7.23463 -6
    endloop
  endfacet
  facet normal 0 0 -1
    outer loop
      vertex 3.75 8.55 -6
      vertex 6.15224 7.23463 -6
      vertex 5.62794 4.7419 -6
    endloop
  endfacet
  facet normal 0 0 -1
    outer loop
      vertex 6.15224 7.23463 -6
      vertex 3.75 8.55 -6
      vertex 6.06815 7.48236 -6
    endloop
  endfacet
  facet normal 0 0 -1
    outer loop
      vertex 6.15224 111.235 -6
      vertex 3.75 111.45 -6
      vertex 6.06815 111.482 -6
    endloop
  endfacet
  facet normal 0 0 -1
    outer loop
      vertex 6.06815 7.48236 -6
      vertex 3.75 8.55 -6
      vertex 6.01711 7.73895 -6
    endloop
  endfacet
  facet normal -0 0 -1
    outer loop
      vertex 125 116.25 -6
      vertex 55 114 -6
      vertex 55 116.25 -6
    endloop
  endfacet
  facet normal 0 0 -1
    outer loop
      vertex 3.75 8.55 -6
      vertex 6.95 9.69864 -6
      vertex 6.78248 9.58671 -6
    endloop
  endfacet
  facet normal -0 0 -1
    outer loop
      vertex 6.95 9.69864 -6
      vertex 3.75 8.55 -6
      vertex 6.95 110.301 -6
    endloop
  endfacet
  facet normal 0 0 -1
    outer loop
      vertex 3.75 8.55 -6
      vertex 6.78248 9.58671 -6
      vertex 6.58579 9.41421 -6
    endloop
  endfacet
  facet normal 0 0 -1
    outer loop
      vertex 3.75 111.45 -6
      vertex 6.95 110.301 -6
      vertex 3.75 8.55 -6
    endloop
  endfacet
  facet normal 0 0 -1
    outer loop
      vertex 3.75 8.55 -6
      vertex 6.58579 9.41421 -6
      vertex 6.41329 9.21752 -6
    endloop
  endfacet
  facet normal 0 0 -1
    outer loop
      vertex 6.95 110.301 -6
      vertex 3.75 111.45 -6
      vertex 6.78248 110.413 -6
    endloop
  endfacet
  facet normal 0 0 -1
    outer loop
      vertex 3.75 8.55 -6
      vertex 6.41329 9.21752 -6
      vertex 6.26795 9 -6
    endloop
  endfacet
  facet normal 0 0 -1
    outer loop
      vertex 6.78248 110.413 -6
      vertex 3.75 111.45 -6
      vertex 6.58579 110.586 -6
    endloop
  endfacet
  facet normal 0 0 -1
    outer loop
      vertex 3.75 8.55 -6
      vertex 6.26795 9 -6
      vertex 6.15224 8.76537 -6
    endloop
  endfacet
  facet normal 0 0 -1
    outer loop
      vertex 6.58579 110.586 -6
      vertex 3.75 111.45 -6
      vertex 6.41329 110.782 -6
    endloop
  endfacet
  facet normal 0 0 -1
    outer loop
      vertex 3.75 8.55 -6
      vertex 6.15224 8.76537 -6
      vertex 6.06815 8.51764 -6
    endloop
  endfacet
  facet normal 0 0 -1
    outer loop
      vertex 6.41329 110.782 -6
      vertex 3.75 111.45 -6
      vertex 6.26795 111 -6
    endloop
  endfacet
  facet normal 0 0 -1
    outer loop
      vertex 3.75 8.55 -6
      vertex 6.06815 8.51764 -6
      vertex 6.01711 8.26105 -6
    endloop
  endfacet
  facet normal 0 0 -1
    outer loop
      vertex 6.26795 111 -6
      vertex 3.75 111.45 -6
      vertex 6.15224 111.235 -6
    endloop
  endfacet
  facet normal 0 0 -1
    outer loop
      vertex 6.01711 7.73895 -6
      vertex 3.75 8.55 -6
      vertex 6 8 -6
    endloop
  endfacet
  facet normal 0 0 -1
    outer loop
      vertex 6 8 -6
      vertex 3.75 8.55 -6
      vertex 6.01711 8.26105 -6
    endloop
  endfacet
  facet normal 0.442749 0.896646 -0
    outer loop
      vertex 263.85 115.607 -6
      vertex 263.287 115.885 0
      vertex 263.85 115.607 0
    endloop
  endfacet
  facet normal 0.442749 0.896646 0
    outer loop
      vertex 263.287 115.885 0
      vertex 263.85 115.607 -6
      vertex 263.287 115.885 -6
    endloop
  endfacet
  facet normal -0.997863 0.0653465 0
    outer loop
      vertex 3.75 111.45 -6
      vertex 3.79106 112.077 0
      vertex 3.79106 112.077 -6
    endloop
  endfacet
  facet normal -0.997863 0.0653465 0
    outer loop
      vertex 3.79106 112.077 0
      vertex 3.75 111.45 -6
      vertex 3.75 111.45 0
    endloop
  endfacet
  facet normal -0.896873 -0.442289 0
    outer loop
      vertex 4.39308 6.15 -6
      vertex 4.11538 6.71312 0
      vertex 4.11538 6.71312 -6
    endloop
  endfacet
  facet normal -0.896873 -0.442289 0
    outer loop
      vertex 4.11538 6.71312 0
      vertex 4.39308 6.15 -6
      vertex 4.39308 6.15 0
    endloop
  endfacet
  facet normal -0.321436 -0.946931 0
    outer loop
      vertex 6.71312 4.11538 -6
      vertex 7.30767 3.91356 0
      vertex 6.71312 4.11538 0
    endloop
  endfacet
  facet normal -0.321436 -0.946931 -0
    outer loop
      vertex 7.30767 3.91356 0
      vertex 6.71312 4.11538 -6
      vertex 7.30767 3.91356 -6
    endloop
  endfacet
  facet normal -0.195105 -0.980782 0
    outer loop
      vertex 7.30767 3.91356 -6
      vertex 7.92347 3.79106 0
      vertex 7.30767 3.91356 0
    endloop
  endfacet
  facet normal -0.195105 -0.980782 -0
    outer loop
      vertex 7.92347 3.79106 0
      vertex 7.30767 3.91356 -6
      vertex 7.92347 3.79106 -6
    endloop
  endfacet
  facet normal 0.947328 -0.320264 0
    outer loop
      vertex 265.885 6.71312 0
      vertex 266.086 7.30767 -6
      vertex 266.086 7.30767 0
    endloop
  endfacet
  facet normal 0.947328 -0.320264 0
    outer loop
      vertex 266.086 7.30767 -6
      vertex 265.885 6.71312 0
      vertex 265.885 6.71312 -6
    endloop
  endfacet
  facet normal -0.980782 -0.195105 0
    outer loop
      vertex 3.91356 7.30767 -6
      vertex 3.79106 7.92347 0
      vertex 3.79106 7.92347 -6
    endloop
  endfacet
  facet normal -0.980782 -0.195105 0
    outer loop
      vertex 3.79106 7.92347 0
      vertex 3.91356 7.30767 -6
      vertex 3.91356 7.30767 0
    endloop
  endfacet
  facet normal -0.55556 -0.831476 0
    outer loop
      vertex 5.62794 4.7419 -6
      vertex 6.15 4.39308 0
      vertex 5.62794 4.7419 0
    endloop
  endfacet
  facet normal -0.55556 -0.831476 -0
    outer loop
      vertex 6.15 4.39308 0
      vertex 5.62794 4.7419 -6
      vertex 6.15 4.39308 -6
    endloop
  endfacet
  facet normal -0.946931 -0.321436 0
    outer loop
      vertex 4.11538 6.71312 -6
      vertex 3.91356 7.30767 0
      vertex 3.91356 7.30767 -6
    endloop
  endfacet
  facet normal -0.946931 -0.321436 0
    outer loop
      vertex 3.91356 7.30767 0
      vertex 4.11538 6.71312 -6
      vertex 4.11538 6.71312 0
    endloop
  endfacet
  facet normal -0.751829 -0.659358 0
    outer loop
      vertex 5.15589 5.15589 -6
      vertex 4.7419 5.62794 0
      vertex 4.7419 5.62794 -6
    endloop
  endfacet
  facet normal -0.751829 -0.659358 0
    outer loop
      vertex 4.7419 5.62794 0
      vertex 5.15589 5.15589 -6
      vertex 5.15589 5.15589 0
    endloop
  endfacet
  facet normal 0.896683 -0.442673 0
    outer loop
      vertex 265.607 6.15 0
      vertex 265.885 6.71312 -6
      vertex 265.885 6.71312 0
    endloop
  endfacet
  facet normal 0.896683 -0.442673 0
    outer loop
      vertex 265.885 6.71312 -6
      vertex 265.607 6.15 0
      vertex 265.607 6.15 -6
    endloop
  endfacet
  facet normal -0.947005 0.321218 0
    outer loop
      vertex 3.91356 112.692 -6
      vertex 4.11538 113.287 0
      vertex 4.11538 113.287 -6
    endloop
  endfacet
  facet normal -0.947005 0.321218 0
    outer loop
      vertex 4.11538 113.287 0
      vertex 3.91356 112.692 -6
      vertex 3.91356 112.692 0
    endloop
  endfacet
  facet normal -0.659367 0.751821 0
    outer loop
      vertex 5.62794 115.258 -6
      vertex 5.15589 114.844 0
      vertex 5.62794 115.258 0
    endloop
  endfacet
  facet normal -0.659367 0.751821 0
    outer loop
      vertex 5.15589 114.844 0
      vertex 5.62794 115.258 -6
      vertex 5.15589 114.844 -6
    endloop
  endfacet
  facet normal 0.751821 -0.659367 0
    outer loop
      vertex 264.844 5.15589 0
      vertex 265.258 5.62794 -6
      vertex 265.258 5.62794 0
    endloop
  endfacet
  facet normal 0.751821 -0.659367 0
    outer loop
      vertex 265.258 5.62794 -6
      vertex 264.844 5.15589 0
      vertex 264.844 5.15589 -6
    endloop
  endfacet
  facet normal 0.98063 -0.195871 0
    outer loop
      vertex 266.086 7.30767 0
      vertex 266.209 7.92347 -6
      vertex 266.209 7.92347 0
    endloop
  endfacet
  facet normal 0.98063 -0.195871 0
    outer loop
      vertex 266.209 7.92347 -6
      vertex 266.086 7.30767 0
      vertex 266.086 7.30767 -6
    endloop
  endfacet
  facet normal 0.659397 -0.751795 0
    outer loop
      vertex 264.372 4.7419 -6
      vertex 264.844 5.15589 0
      vertex 264.372 4.7419 0
    endloop
  endfacet
  facet normal 0.659397 -0.751795 0
    outer loop
      vertex 264.844 5.15589 0
      vertex 264.372 4.7419 -6
      vertex 264.844 5.15589 -6
    endloop
  endfacet
  facet normal -0.831476 -0.55556 0
    outer loop
      vertex 4.7419 5.62794 -6
      vertex 4.39308 6.15 0
      vertex 4.39308 6.15 -6
    endloop
  endfacet
  facet normal -0.831476 -0.55556 0
    outer loop
      vertex 4.39308 6.15 0
      vertex 4.7419 5.62794 -6
      vertex 4.7419 5.62794 0
    endloop
  endfacet
  facet normal 0.831344 -0.555758 0
    outer loop
      vertex 265.258 5.62794 0
      vertex 265.607 6.15 -6
      vertex 265.607 6.15 0
    endloop
  endfacet
  facet normal 0.831344 -0.555758 0
    outer loop
      vertex 265.607 6.15 -6
      vertex 265.258 5.62794 0
      vertex 265.258 5.62794 -6
    endloop
  endfacet
  facet normal 0 1 -0
    outer loop
      vertex 260.301 6.95 -6
      vertex 9.69864 6.95 0
      vertex 260.301 6.95 0
    endloop
  endfacet
  facet normal 0 1 0
    outer loop
      vertex 9.69864 6.95 0
      vertex 260.301 6.95 -6
      vertex 9.69864 6.95 -6
    endloop
  endfacet
  facet normal -1 0 0
    outer loop
      vertex 263.05 9.69864 -6
      vertex 263.05 110.301 0
      vertex 263.05 110.301 -6
    endloop
  endfacet
  facet normal -1 -0 0
    outer loop
      vertex 263.05 110.301 0
      vertex 263.05 9.69864 -6
      vertex 263.05 9.69864 0
    endloop
  endfacet
  facet normal 1 -0 0
    outer loop
      vertex 6.95 9.69864 0
      vertex 6.95 110.301 -6
      vertex 6.95 110.301 0
    endloop
  endfacet
  facet normal 1 0 0
    outer loop
      vertex 6.95 110.301 -6
      vertex 6.95 9.69864 0
      vertex 6.95 9.69864 -6
    endloop
  endfacet
  facet normal 0 -1 0
    outer loop
      vertex 9.69864 113.05 -6
      vertex 260.301 113.05 0
      vertex 9.69864 113.05 0
    endloop
  endfacet
  facet normal 0 -1 -0
    outer loop
      vertex 260.301 113.05 0
      vertex 9.69864 113.05 -6
      vertex 260.301 113.05 -6
    endloop
  endfacet
  facet normal 1 0 0
    outer loop
      vertex 55 3.75 -3
      vertex 55 2 -3
      vertex 55 3.75 -6
    endloop
  endfacet
  facet normal 1 -0 0
    outer loop
      vertex 55 3.75 -6
      vertex 55 6 -9
      vertex 55 6 -6
    endloop
  endfacet
  facet normal 1 0 0
    outer loop
      vertex 55 3.75 -6
      vertex 55 2 -9
      vertex 55 6 -9
    endloop
  endfacet
  facet normal 1 0 0
    outer loop
      vertex 55 2 -9
      vertex 55 3.75 -6
      vertex 55 2 -3
    endloop
  endfacet
  facet normal -0 0 1
    outer loop
      vertex 45 3.75 -3
      vertex 55 2 -3
      vertex 55 3.75 -3
    endloop
  endfacet
  facet normal 0 0 1
    outer loop
      vertex 55 2 -3
      vertex 45 3.75 -3
      vertex 45 2 -3
    endloop
  endfacet
  facet normal 0 0 -1
    outer loop
      vertex 45 2 -9
      vertex 55 6 -9
      vertex 55 2 -9
    endloop
  endfacet
  facet normal -0 0 -1
    outer loop
      vertex 55 6 -9
      vertex 45 2 -9
      vertex 45 6 -9
    endloop
  endfacet
  facet normal -1 0 0
    outer loop
      vertex 45 6 -9
      vertex 45 3.75 -6
      vertex 45 6 -6
    endloop
  endfacet
  facet normal -1 0 0
    outer loop
      vertex 45 2 -9
      vertex 45 3.75 -6
      vertex 45 6 -9
    endloop
  endfacet
  facet normal -1 0 0
    outer loop
      vertex 45 2 -3
      vertex 45 3.75 -6
      vertex 45 2 -9
    endloop
  endfacet
  facet normal -1 0 0
    outer loop
      vertex 45 3.75 -6
      vertex 45 2 -3
      vertex 45 3.75 -3
    endloop
  endfacet
  facet normal 0 1 -0
    outer loop
      vertex 55 6 -9
      vertex 45 6 -6
      vertex 55 6 -6
    endloop
  endfacet
  facet normal 0 1 0
    outer loop
      vertex 45 6 -6
      vertex 55 6 -9
      vertex 45 6 -9
    endloop
  endfacet
  facet normal 0 -1 0
    outer loop
      vertex 45 2 -9
      vertex 55 2 -3
      vertex 45 2 -3
    endloop
  endfacet
  facet normal 0 -1 -0
    outer loop
      vertex 55 2 -3
      vertex 45 2 -9
      vertex 55 2 -9
    endloop
  endfacet
  facet normal 1 0 0
    outer loop
      vertex 55 116.25 -6
      vertex 55 118 -3
      vertex 55 116.25 -3
    endloop
  endfacet
  facet normal 1 0 0
    outer loop
      vertex 55 118 -3
      vertex 55 116.25 -6
      vertex 55 118 -9
    endloop
  endfacet
  facet normal 1 0 0
    outer loop
      vertex 55 114 -9
      vertex 55 116.25 -6
      vertex 55 114 -6
    endloop
  endfacet
  facet normal 1 0 0
    outer loop
      vertex 55 116.25 -6
      vertex 55 114 -9
      vertex 55 118 -9
    endloop
  endfacet
  facet normal -0 0 1
    outer loop
      vertex 45 118 -3
      vertex 55 116.25 -3
      vertex 55 118 -3
    endloop
  endfacet
  facet normal 0 0 1
    outer loop
      vertex 55 116.25 -3
      vertex 45 118 -3
      vertex 45 116.25 -3
    endloop
  endfacet
  facet normal 0 0 -1
    outer loop
      vertex 45 114 -9
      vertex 55 118 -9
      vertex 55 114 -9
    endloop
  endfacet
  facet normal -0 0 -1
    outer loop
      vertex 55 118 -9
      vertex 45 114 -9
      vertex 45 118 -9
    endloop
  endfacet
  facet normal -1 0 0
    outer loop
      vertex 45 118 -9
      vertex 45 116.25 -6
      vertex 45 118 -3
    endloop
  endfacet
  facet normal -1 0 0
    outer loop
      vertex 45 114 -9
      vertex 45 116.25 -6
      vertex 45 118 -9
    endloop
  endfacet
  facet normal -1 -0 0
    outer loop
      vertex 45 116.25 -6
      vertex 45 114 -9
      vertex 45 114 -6
    endloop
  endfacet
  facet normal -1 -0 0
    outer loop
      vertex 45 118 -3
      vertex 45 116.25 -6
      vertex 45 116.25 -3
    endloop
  endfacet
  facet normal 0 1 -0
    outer loop
      vertex 55 118 -9
      vertex 45 118 -3
      vertex 55 118 -3
    endloop
  endfacet
  facet normal 0 1 0
    outer loop
      vertex 45 118 -3
      vertex 55 118 -9
      vertex 45 118 -9
    endloop
  endfacet
  facet normal 0 -1 0
    outer loop
      vertex 45 114 -9
      vertex 55 114 -6
      vertex 45 114 -6
    endloop
  endfacet
  facet normal 0 -1 -0
    outer loop
      vertex 55 114 -6
      vertex 45 114 -9
      vertex 55 114 -9
    endloop
  endfacet
  facet normal 1 0 0
    outer loop
      vertex 135 3.75 -3
      vertex 135 2 -3
      vertex 135 3.75 -6
    endloop
  endfacet
  facet normal 1 -0 0
    outer loop
      vertex 135 3.75 -6
      vertex 135 6 -9
      vertex 135 6 -6
    endloop
  endfacet
  facet normal 1 0 0
    outer loop
      vertex 135 3.75 -6
      vertex 135 2 -9
      vertex 135 6 -9
    endloop
  endfacet
  facet normal 1 0 0
    outer loop
      vertex 135 2 -9
      vertex 135 3.75 -6
      vertex 135 2 -3
    endloop
  endfacet
  facet normal -0 0 1
    outer loop
      vertex 125 3.75 -3
      vertex 135 2 -3
      vertex 135 3.75 -3
    endloop
  endfacet
  facet normal 0 0 1
    outer loop
      vertex 135 2 -3
      vertex 125 3.75 -3
      vertex 125 2 -3
    endloop
  endfacet
  facet normal 0 0 -1
    outer loop
      vertex 125 2 -9
      vertex 135 6 -9
      vertex 135 2 -9
    endloop
  endfacet
  facet normal -0 0 -1
    outer loop
      vertex 135 6 -9
      vertex 125 2 -9
      vertex 125 6 -9
    endloop
  endfacet
  facet normal -1 0 0
    outer loop
      vertex 125 6 -9
      vertex 125 3.75 -6
      vertex 125 6 -6
    endloop
  endfacet
  facet normal -1 0 0
    outer loop
      vertex 125 2 -9
      vertex 125 3.75 -6
      vertex 125 6 -9
    endloop
  endfacet
  facet normal -1 0 0
    outer loop
      vertex 125 2 -3
      vertex 125 3.75 -6
      vertex 125 2 -9
    endloop
  endfacet
  facet normal -1 0 0
    outer loop
      vertex 125 3.75 -6
      vertex 125 2 -3
      vertex 125 3.75 -3
    endloop
  endfacet
  facet normal 0 1 -0
    outer loop
      vertex 135 6 -9
      vertex 125 6 -6
      vertex 135 6 -6
    endloop
  endfacet
  facet normal 0 1 0
    outer loop
      vertex 125 6 -6
      vertex 135 6 -9
      vertex 125 6 -9
    endloop
  endfacet
  facet normal 0 -1 0
    outer loop
      vertex 125 2 -9
      vertex 135 2 -3
      vertex 125 2 -3
    endloop
  endfacet
  facet normal 0 -1 -0
    outer loop
      vertex 135 2 -3
      vertex 125 2 -9
      vertex 135 2 -9
    endloop
  endfacet
  facet normal 1 0 0
    outer loop
      vertex 135 116.25 -6
      vertex 135 118 -3
      vertex 135 116.25 -3
    endloop
  endfacet
  facet normal 1 0 0
    outer loop
      vertex 135 118 -3
      vertex 135 116.25 -6
      vertex 135 118 -9
    endloop
  endfacet
  facet normal 1 0 0
    outer loop
      vertex 135 114 -9
      vertex 135 116.25 -6
      vertex 135 114 -6
    endloop
  endfacet
  facet normal 1 0 0
    outer loop
      vertex 135 116.25 -6
      vertex 135 114 -9
      vertex 135 118 -9
    endloop
  endfacet
  facet normal -0 0 1
    outer loop
      vertex 125 118 -3
      vertex 135 116.25 -3
      vertex 135 118 -3
    endloop
  endfacet
  facet normal 0 0 1
    outer loop
      vertex 135 116.25 -3
      vertex 125 118 -3
      vertex 125 116.25 -3
    endloop
  endfacet
  facet normal 0 0 -1
    outer loop
      vertex 125 114 -9
      vertex 135 118 -9
      vertex 135 114 -9
    endloop
  endfacet
  facet normal -0 0 -1
    outer loop
      vertex 135 118 -9
      vertex 125 114 -9
      vertex 125 118 -9
    endloop
  endfacet
  facet normal -1 0 0
    outer loop
      vertex 125 118 -9
      vertex 125 116.25 -6
      vertex 125 118 -3
    endloop
  endfacet
  facet normal -1 0 0
    outer loop
      vertex 125 114 -9
      vertex 125 116.25 -6
      vertex 125 118 -9
    endloop
  endfacet
  facet normal -1 -0 0
    outer loop
      vertex 125 116.25 -6
      vertex 125 114 -9
      vertex 125 114 -6
    endloop
  endfacet
  facet normal -1 -0 0
    outer loop
      vertex 125 118 -3
      vertex 125 116.25 -6
      vertex 125 116.25 -3
    endloop
  endfacet
  facet normal 0 1 -0
    outer loop
      vertex 135 118 -9
      vertex 125 118 -3
      vertex 135 118 -3
    endloop
  endfacet
  facet normal 0 1 0
    outer loop
      vertex 125 118 -3
      vertex 135 118 -9
      vertex 125 118 -9
    endloop
  endfacet
  facet normal 0 -1 0
    outer loop
      vertex 125 114 -9
      vertex 135 114 -6
      vertex 125 114 -6
    endloop
  endfacet
  facet normal 0 -1 -0
    outer loop
      vertex 135 114 -6
      vertex 125 114 -9
      vertex 135 114 -9
    endloop
  endfacet
  facet normal 1 0 0
    outer loop
      vertex 215 3.75 -3
      vertex 215 2 -3
      vertex 215 3.75 -6
    endloop
  endfacet
  facet normal 1 -0 0
    outer loop
      vertex 215 3.75 -6
      vertex 215 6 -9
      vertex 215 6 -6
    endloop
  endfacet
  facet normal 1 0 0
    outer loop
      vertex 215 3.75 -6
      vertex 215 2 -9
      vertex 215 6 -9
    endloop
  endfacet
  facet normal 1 0 0
    outer loop
      vertex 215 2 -9
      vertex 215 3.75 -6
      vertex 215 2 -3
    endloop
  endfacet
  facet normal -0 0 1
    outer loop
      vertex 205 3.75 -3
      vertex 215 2 -3
      vertex 215 3.75 -3
    endloop
  endfacet
  facet normal 0 0 1
    outer loop
      vertex 215 2 -3
      vertex 205 3.75 -3
      vertex 205 2 -3
    endloop
  endfacet
  facet normal 0 0 -1
    outer loop
      vertex 205 2 -9
      vertex 215 6 -9
      vertex 215 2 -9
    endloop
  endfacet
  facet normal -0 0 -1
    outer loop
      vertex 215 6 -9
      vertex 205 2 -9
      vertex 205 6 -9
    endloop
  endfacet
  facet normal -1 0 0
    outer loop
      vertex 205 6 -9
      vertex 205 3.75 -6
      vertex 205 6 -6
    endloop
  endfacet
  facet normal -1 0 0
    outer loop
      vertex 205 2 -9
      vertex 205 3.75 -6
      vertex 205 6 -9
    endloop
  endfacet
  facet normal -1 0 0
    outer loop
      vertex 205 2 -3
      vertex 205 3.75 -6
      vertex 205 2 -9
    endloop
  endfacet
  facet normal -1 0 0
    outer loop
      vertex 205 3.75 -6
      vertex 205 2 -3
      vertex 205 3.75 -3
    endloop
  endfacet
  facet normal 0 1 -0
    outer loop
      vertex 215 6 -9
      vertex 205 6 -6
      vertex 215 6 -6
    endloop
  endfacet
  facet normal 0 1 0
    outer loop
      vertex 205 6 -6
      vertex 215 6 -9
      vertex 205 6 -9
    endloop
  endfacet
  facet normal 0 -1 0
    outer loop
      vertex 205 2 -9
      vertex 215 2 -3
      vertex 205 2 -3
    endloop
  endfacet
  facet normal 0 -1 -0
    outer loop
      vertex 215 2 -3
      vertex 205 2 -9
      vertex 215 2 -9
    endloop
  endfacet
  facet normal 1 0 0
    outer loop
      vertex 215 116.25 -6
      vertex 215 118 -3
      vertex 215 116.25 -3
    endloop
  endfacet
  facet normal 1 0 0
    outer loop
      vertex 215 118 -3
      vertex 215 116.25 -6
      vertex 215 118 -9
    endloop
  endfacet
  facet normal 1 0 0
    outer loop
      vertex 215 114 -9
      vertex 215 116.25 -6
      vertex 215 114 -6
    endloop
  endfacet
  facet normal 1 0 0
    outer loop
      vertex 215 116.25 -6
      vertex 215 114 -9
      vertex 215 118 -9
    endloop
  endfacet
  facet normal -0 0 1
    outer loop
      vertex 205 118 -3
      vertex 215 116.25 -3
      vertex 215 118 -3
    endloop
  endfacet
  facet normal 0 0 1
    outer loop
      vertex 215 116.25 -3
      vertex 205 118 -3
      vertex 205 116.25 -3
    endloop
  endfacet
  facet normal 0 0 -1
    outer loop
      vertex 205 114 -9
      vertex 215 118 -9
      vertex 215 114 -9
    endloop
  endfacet
  facet normal -0 0 -1
    outer loop
      vertex 215 118 -9
      vertex 205 114 -9
      vertex 205 118 -9
    endloop
  endfacet
  facet normal -1 0 0
    outer loop
      vertex 205 118 -9
      vertex 205 116.25 -6
      vertex 205 118 -3
    endloop
  endfacet
  facet normal -1 0 0
    outer loop
      vertex 205 114 -9
      vertex 205 116.25 -6
      vertex 205 118 -9
    endloop
  endfacet
  facet normal -1 -0 0
    outer loop
      vertex 205 116.25 -6
      vertex 205 114 -9
      vertex 205 114 -6
    endloop
  endfacet
  facet normal -1 -0 0
    outer loop
      vertex 205 118 -3
      vertex 205 116.25 -6
      vertex 205 116.25 -3
    endloop
  endfacet
  facet normal 0 1 -0
    outer loop
      vertex 215 118 -9
      vertex 205 118 -3
      vertex 215 118 -3
    endloop
  endfacet
  facet normal 0 1 0
    outer loop
      vertex 205 118 -3
      vertex 215 118 -9
      vertex 205 118 -9
    endloop
  endfacet
  facet normal 0 -1 0
    outer loop
      vertex 205 114 -9
      vertex 215 114 -6
      vertex 205 114 -6
    endloop
  endfacet
  facet normal 0 -1 -0
    outer loop
      vertex 215 114 -6
      vertex 205 114 -9
      vertex 215 114 -9
    endloop
  endfacet
  facet normal -0.980784 0.195094 0
    outer loop
      vertex 9.93185 7.48236 0
      vertex 9.98289 7.73895 4
      vertex 9.98289 7.73895 0
    endloop
  endfacet
  facet normal -0.980784 0.195094 0
    outer loop
      vertex 9.98289 7.73895 4
      vertex 9.93185 7.48236 0
      vertex 9.93185 7.48236 4
    endloop
  endfacet
  facet normal -0.195094 0.980784 0
    outer loop
      vertex 8.51764 6.06815 -6
      vertex 8.26105 6.01711 4
      vertex 8.51764 6.06815 4
    endloop
  endfacet
  facet normal -0.195094 0.980784 0
    outer loop
      vertex 8.26105 6.01711 4
      vertex 8.51764 6.06815 -6
      vertex 8.26105 6.01711 -6
    endloop
  endfacet
  facet normal -0.980784 -0.195094 0
    outer loop
      vertex 9.98289 8.26105 0
      vertex 9.93185 8.51764 4
      vertex 9.93185 8.51764 0
    endloop
  endfacet
  facet normal -0.980784 -0.195094 0
    outer loop
      vertex 9.93185 8.51764 4
      vertex 9.98289 8.26105 0
      vertex 9.98289 8.26105 4
    endloop
  endfacet
  facet normal -0.997859 -0.0654027 0
    outer loop
      vertex 10 8 0
      vertex 9.98289 8.26105 4
      vertex 9.98289 8.26105 0
    endloop
  endfacet
  facet normal -0.997859 -0.0654027 0
    outer loop
      vertex 9.98289 8.26105 4
      vertex 10 8 0
      vertex 10 8 4
    endloop
  endfacet
  facet normal 0.555564 0.831474 -0
    outer loop
      vertex 7 6.26795 -6
      vertex 6.78248 6.41329 4
      vertex 7 6.26795 4
    endloop
  endfacet
  facet normal 0.555564 0.831474 0
    outer loop
      vertex 6.78248 6.41329 4
      vertex 7 6.26795 -6
      vertex 6.78248 6.41329 -6
    endloop
  endfacet
  facet normal 0.896868 -0.442299 0
    outer loop
      vertex 6.15224 8.76537 4
      vertex 6.26795 9 -6
      vertex 6.26795 9 4
    endloop
  endfacet
  facet normal 0.896868 -0.442299 0
    outer loop
      vertex 6.26795 9 -6
      vertex 6.15224 8.76537 4
      vertex 6.15224 8.76537 -6
    endloop
  endfacet
  facet normal 0.751826 0.659362 0
    outer loop
      vertex 6.58579 6.58579 4
      vertex 6.41329 6.78248 -6
      vertex 6.41329 6.78248 4
    endloop
  endfacet
  facet normal 0.751826 0.659362 0
    outer loop
      vertex 6.41329 6.78248 -6
      vertex 6.58579 6.58579 4
      vertex 6.58579 6.58579 -6
    endloop
  endfacet
  facet normal 0.321429 0.946934 -0
    outer loop
      vertex 7.48236 6.06815 -6
      vertex 7.23463 6.15224 4
      vertex 7.48236 6.06815 4
    endloop
  endfacet
  facet normal 0.321429 0.946934 0
    outer loop
      vertex 7.23463 6.15224 4
      vertex 7.48236 6.06815 -6
      vertex 7.23463 6.15224 -6
    endloop
  endfacet
  facet normal 0.659362 0.751826 -0
    outer loop
      vertex 6.78248 6.41329 -6
      vertex 6.58579 6.58579 4
      vertex 6.78248 6.41329 4
    endloop
  endfacet
  facet normal 0.659362 0.751826 0
    outer loop
      vertex 6.58579 6.58579 4
      vertex 6.78248 6.41329 -6
      vertex 6.58579 6.58579 -6
    endloop
  endfacet
  facet normal 0.751826 -0.659362 0
    outer loop
      vertex 6.41329 9.21752 4
      vertex 6.58579 9.41421 -6
      vertex 6.58579 9.41421 4
    endloop
  endfacet
  facet normal 0.751826 -0.659362 0
    outer loop
      vertex 6.58579 9.41421 -6
      vertex 6.41329 9.21752 4
      vertex 6.41329 9.21752 -6
    endloop
  endfacet
  facet normal 0.555564 -0.831474 3.27972e-07
    outer loop
      vertex 6.78248 9.58671 4
      vertex 6.95 9.69864 0
      vertex 7 9.73205 4
    endloop
  endfacet
  facet normal 0.555559 -0.831477 0
    outer loop
      vertex 6.78248 9.58671 -6
      vertex 6.95 9.69864 0
      vertex 6.78248 9.58671 4
    endloop
  endfacet
  facet normal 0.555559 -0.831477 0
    outer loop
      vertex 6.95 9.69864 0
      vertex 6.78248 9.58671 -6
      vertex 6.95 9.69864 -6
    endloop
  endfacet
  facet normal 0.555583 -0.831461 0
    outer loop
      vertex 7 9.73205 4
      vertex 6.95 9.69864 0
      vertex 7 9.73205 0
    endloop
  endfacet
  facet normal -0.751826 0.659362 0
    outer loop
      vertex 9.41421 6.58579 -6
      vertex 9.58671 6.78248 4
      vertex 9.58671 6.78248 -6
    endloop
  endfacet
  facet normal -0.751826 0.659362 0
    outer loop
      vertex 9.58671 6.78248 4
      vertex 9.41421 6.58579 -6
      vertex 9.41421 6.58579 4
    endloop
  endfacet
  facet normal 0.896868 0.442299 0
    outer loop
      vertex 6.26795 7 4
      vertex 6.15224 7.23463 -6
      vertex 6.15224 7.23463 4
    endloop
  endfacet
  facet normal 0.896868 0.442299 0
    outer loop
      vertex 6.15224 7.23463 -6
      vertex 6.26795 7 4
      vertex 6.26795 7 -6
    endloop
  endfacet
  facet normal 0.659362 -0.751826 0
    outer loop
      vertex 6.58579 9.41421 -6
      vertex 6.78248 9.58671 4
      vertex 6.58579 9.41421 4
    endloop
  endfacet
  facet normal 0.659362 -0.751826 0
    outer loop
      vertex 6.78248 9.58671 4
      vertex 6.58579 9.41421 -6
      vertex 6.78248 9.58671 -6
    endloop
  endfacet
  facet normal -0.442299 -0.896868 0
    outer loop
      vertex 8.76537 9.84776 0
      vertex 9 9.73205 4
      vertex 8.76537 9.84776 4
    endloop
  endfacet
  facet normal -0.442299 -0.896868 -0
    outer loop
      vertex 9 9.73205 4
      vertex 8.76537 9.84776 0
      vertex 9 9.73205 0
    endloop
  endfacet
  facet normal -0.946934 0.321429 0
    outer loop
      vertex 9.84776 7.23463 0
      vertex 9.93185 7.48236 4
      vertex 9.93185 7.48236 0
    endloop
  endfacet
  facet normal -0.946934 0.321429 0
    outer loop
      vertex 9.93185 7.48236 4
      vertex 9.84776 7.23463 0
      vertex 9.84776 7.23463 4
    endloop
  endfacet
  facet normal -0.659362 -0.751826 0
    outer loop
      vertex 9.21752 9.58671 0
      vertex 9.41421 9.41421 4
      vertex 9.21752 9.58671 4
    endloop
  endfacet
  facet normal -0.659362 -0.751826 -0
    outer loop
      vertex 9.41421 9.41421 4
      vertex 9.21752 9.58671 0
      vertex 9.41421 9.41421 0
    endloop
  endfacet
  facet normal -0.659362 0.751826 0
    outer loop
      vertex 9.41421 6.58579 -6
      vertex 9.21752 6.41329 4
      vertex 9.41421 6.58579 4
    endloop
  endfacet
  facet normal -0.659362 0.751826 0
    outer loop
      vertex 9.21752 6.41329 4
      vertex 9.41421 6.58579 -6
      vertex 9.21752 6.41329 -6
    endloop
  endfacet
  facet normal -0.0654027 0.997859 0
    outer loop
      vertex 8.26105 6.01711 -6
      vertex 8 6 4
      vertex 8.26105 6.01711 4
    endloop
  endfacet
  facet normal -0.0654027 0.997859 0
    outer loop
      vertex 8 6 4
      vertex 8.26105 6.01711 -6
      vertex 8 6 -6
    endloop
  endfacet
  facet normal 0.946934 -0.321429 0
    outer loop
      vertex 6.06815 8.51764 4
      vertex 6.15224 8.76537 -6
      vertex 6.15224 8.76537 4
    endloop
  endfacet
  facet normal 0.946934 -0.321429 0
    outer loop
      vertex 6.15224 8.76537 -6
      vertex 6.06815 8.51764 4
      vertex 6.06815 8.51764 -6
    endloop
  endfacet
  facet normal 0.0654027 -0.997859 0
    outer loop
      vertex 7.73895 9.98289 0
      vertex 8 10 4
      vertex 7.73895 9.98289 4
    endloop
  endfacet
  facet normal 0.0654027 -0.997859 0
    outer loop
      vertex 8 10 4
      vertex 7.73895 9.98289 0
      vertex 8 10 0
    endloop
  endfacet
  facet normal 0.980784 0.195094 0
    outer loop
      vertex 6.06815 7.48236 4
      vertex 6.01711 7.73895 -6
      vertex 6.01711 7.73895 4
    endloop
  endfacet
  facet normal 0.980784 0.195094 0
    outer loop
      vertex 6.01711 7.73895 -6
      vertex 6.06815 7.48236 4
      vertex 6.06815 7.48236 -6
    endloop
  endfacet
  facet normal 0.980784 -0.195094 0
    outer loop
      vertex 6.01711 8.26105 4
      vertex 6.06815 8.51764 -6
      vertex 6.06815 8.51764 4
    endloop
  endfacet
  facet normal 0.980784 -0.195094 0
    outer loop
      vertex 6.06815 8.51764 -6
      vertex 6.01711 8.26105 4
      vertex 6.01711 8.26105 -6
    endloop
  endfacet
  facet normal -0.751826 -0.659362 0
    outer loop
      vertex 9.58671 9.21752 0
      vertex 9.41421 9.41421 4
      vertex 9.41421 9.41421 0
    endloop
  endfacet
  facet normal -0.751826 -0.659362 0
    outer loop
      vertex 9.41421 9.41421 4
      vertex 9.58671 9.21752 0
      vertex 9.58671 9.21752 4
    endloop
  endfacet
  facet normal 0.0654027 0.997859 -0
    outer loop
      vertex 8 6 -6
      vertex 7.73895 6.01711 4
      vertex 8 6 4
    endloop
  endfacet
  facet normal 0.0654027 0.997859 0
    outer loop
      vertex 7.73895 6.01711 4
      vertex 8 6 -6
      vertex 7.73895 6.01711 -6
    endloop
  endfacet
  facet normal -0.0654027 -0.997859 0
    outer loop
      vertex 8 10 0
      vertex 8.26105 9.98289 4
      vertex 8 10 4
    endloop
  endfacet
  facet normal -0.0654027 -0.997859 -0
    outer loop
      vertex 8.26105 9.98289 4
      vertex 8 10 0
      vertex 8.26105 9.98289 0
    endloop
  endfacet
  facet normal 0.946934 0.321429 0
    outer loop
      vertex 6.15224 7.23463 4
      vertex 6.06815 7.48236 -6
      vertex 6.06815 7.48236 4
    endloop
  endfacet
  facet normal 0.946934 0.321429 0
    outer loop
      vertex 6.06815 7.48236 -6
      vertex 6.15224 7.23463 4
      vertex 6.15224 7.23463 -6
    endloop
  endfacet
  facet normal -0.831474 -0.555564 0
    outer loop
      vertex 9.73205 9 0
      vertex 9.58671 9.21752 4
      vertex 9.58671 9.21752 0
    endloop
  endfacet
  facet normal -0.831474 -0.555564 0
    outer loop
      vertex 9.58671 9.21752 4
      vertex 9.73205 9 0
      vertex 9.73205 9 4
    endloop
  endfacet
  facet normal 0.321429 -0.946934 0
    outer loop
      vertex 7.23463 9.84776 0
      vertex 7.48236 9.93185 4
      vertex 7.23463 9.84776 4
    endloop
  endfacet
  facet normal 0.321429 -0.946934 0
    outer loop
      vertex 7.48236 9.93185 4
      vertex 7.23463 9.84776 0
      vertex 7.48236 9.93185 0
    endloop
  endfacet
  facet normal -0.997859 0.0654027 0
    outer loop
      vertex 9.98289 7.73895 0
      vertex 10 8 4
      vertex 10 8 0
    endloop
  endfacet
  facet normal -0.997859 0.0654027 0
    outer loop
      vertex 10 8 4
      vertex 9.98289 7.73895 0
      vertex 9.98289 7.73895 4
    endloop
  endfacet
  facet normal 0.997859 -0.0654027 0
    outer loop
      vertex 6 8 4
      vertex 6.01711 8.26105 -6
      vertex 6.01711 8.26105 4
    endloop
  endfacet
  facet normal 0.997859 -0.0654027 0
    outer loop
      vertex 6.01711 8.26105 -6
      vertex 6 8 4
      vertex 6 8 -6
    endloop
  endfacet
  facet normal -0.555564 -0.831474 0
    outer loop
      vertex 9 9.73205 0
      vertex 9.21752 9.58671 4
      vertex 9 9.73205 4
    endloop
  endfacet
  facet normal -0.555564 -0.831474 -0
    outer loop
      vertex 9.21752 9.58671 4
      vertex 9 9.73205 0
      vertex 9.21752 9.58671 0
    endloop
  endfacet
  facet normal -0.442299 0.896868 0
    outer loop
      vertex 9 6.26795 -6
      vertex 8.76537 6.15224 4
      vertex 9 6.26795 4
    endloop
  endfacet
  facet normal -0.442299 0.896868 0
    outer loop
      vertex 8.76537 6.15224 4
      vertex 9 6.26795 -6
      vertex 8.76537 6.15224 -6
    endloop
  endfacet
  facet normal -0.896868 0.442299 0
    outer loop
      vertex 9.73205 7 0
      vertex 9.84776 7.23463 4
      vertex 9.84776 7.23463 0
    endloop
  endfacet
  facet normal -0.896868 0.442299 0
    outer loop
      vertex 9.84776 7.23463 4
      vertex 9.73205 7 0
      vertex 9.73205 7 4
    endloop
  endfacet
  facet normal -0.831477 0.555559 0
    outer loop
      vertex 9.69864 6.95 -6
      vertex 9.58671 6.78248 -6
      vertex 9.69864 6.95 0
    endloop
  endfacet
  facet normal -0.831461 0.555583 0
    outer loop
      vertex 9.69864 6.95 0
      vertex 9.73205 7 4
      vertex 9.73205 7 0
    endloop
  endfacet
  facet normal -0.831477 0.555559 0
    outer loop
      vertex 9.58671 6.78248 4
      vertex 9.69864 6.95 0
      vertex 9.58671 6.78248 -6
    endloop
  endfacet
  facet normal -0.831474 0.555564 3.27972e-07
    outer loop
      vertex 9.69864 6.95 0
      vertex 9.58671 6.78248 4
      vertex 9.73205 7 4
    endloop
  endfacet
  facet normal 0.195094 -0.980784 0
    outer loop
      vertex 7.48236 9.93185 0
      vertex 7.73895 9.98289 4
      vertex 7.48236 9.93185 4
    endloop
  endfacet
  facet normal 0.195094 -0.980784 0
    outer loop
      vertex 7.73895 9.98289 4
      vertex 7.48236 9.93185 0
      vertex 7.73895 9.98289 0
    endloop
  endfacet
  facet normal 0.442299 -0.896868 0
    outer loop
      vertex 7 9.73205 0
      vertex 7.23463 9.84776 4
      vertex 7 9.73205 4
    endloop
  endfacet
  facet normal 0.442299 -0.896868 0
    outer loop
      vertex 7.23463 9.84776 4
      vertex 7 9.73205 0
      vertex 7.23463 9.84776 0
    endloop
  endfacet
  facet normal 0.831474 0.555564 0
    outer loop
      vertex 6.41329 6.78248 4
      vertex 6.26795 7 -6
      vertex 6.26795 7 4
    endloop
  endfacet
  facet normal 0.831474 0.555564 0
    outer loop
      vertex 6.26795 7 -6
      vertex 6.41329 6.78248 4
      vertex 6.41329 6.78248 -6
    endloop
  endfacet
  facet normal -0.195094 -0.980784 0
    outer loop
      vertex 8.26105 9.98289 0
      vertex 8.51764 9.93185 4
      vertex 8.26105 9.98289 4
    endloop
  endfacet
  facet normal -0.195094 -0.980784 -0
    outer loop
      vertex 8.51764 9.93185 4
      vertex 8.26105 9.98289 0
      vertex 8.51764 9.93185 0
    endloop
  endfacet
  facet normal -0.555564 0.831474 0
    outer loop
      vertex 9.21752 6.41329 -6
      vertex 9 6.26795 4
      vertex 9.21752 6.41329 4
    endloop
  endfacet
  facet normal -0.555564 0.831474 0
    outer loop
      vertex 9 6.26795 4
      vertex 9.21752 6.41329 -6
      vertex 9 6.26795 -6
    endloop
  endfacet
  facet normal -0.321429 -0.946934 0
    outer loop
      vertex 8.51764 9.93185 0
      vertex 8.76537 9.84776 4
      vertex 8.51764 9.93185 4
    endloop
  endfacet
  facet normal -0.321429 -0.946934 -0
    outer loop
      vertex 8.76537 9.84776 4
      vertex 8.51764 9.93185 0
      vertex 8.76537 9.84776 0
    endloop
  endfacet
  facet normal 0.997859 0.0654027 0
    outer loop
      vertex 6.01711 7.73895 4
      vertex 6 8 -6
      vertex 6 8 4
    endloop
  endfacet
  facet normal 0.997859 0.0654027 0
    outer loop
      vertex 6 8 -6
      vertex 6.01711 7.73895 4
      vertex 6.01711 7.73895 -6
    endloop
  endfacet
  facet normal -0.896868 -0.442299 0
    outer loop
      vertex 9.84776 8.76537 0
      vertex 9.73205 9 4
      vertex 9.73205 9 0
    endloop
  endfacet
  facet normal -0.896868 -0.442299 0
    outer loop
      vertex 9.73205 9 4
      vertex 9.84776 8.76537 0
      vertex 9.84776 8.76537 4
    endloop
  endfacet
  facet normal 0.195094 0.980784 -0
    outer loop
      vertex 7.73895 6.01711 -6
      vertex 7.48236 6.06815 4
      vertex 7.73895 6.01711 4
    endloop
  endfacet
  facet normal 0.195094 0.980784 0
    outer loop
      vertex 7.48236 6.06815 4
      vertex 7.73895 6.01711 -6
      vertex 7.48236 6.06815 -6
    endloop
  endfacet
  facet normal -0.946934 -0.321429 0
    outer loop
      vertex 9.93185 8.51764 0
      vertex 9.84776 8.76537 4
      vertex 9.84776 8.76537 0
    endloop
  endfacet
  facet normal -0.946934 -0.321429 0
    outer loop
      vertex 9.84776 8.76537 4
      vertex 9.93185 8.51764 0
      vertex 9.93185 8.51764 4
    endloop
  endfacet
  facet normal -0.321429 0.946934 0
    outer loop
      vertex 8.76537 6.15224 -6
      vertex 8.51764 6.06815 4
      vertex 8.76537 6.15224 4
    endloop
  endfacet
  facet normal -0.321429 0.946934 0
    outer loop
      vertex 8.51764 6.06815 4
      vertex 8.76537 6.15224 -6
      vertex 8.51764 6.06815 -6
    endloop
  endfacet
  facet normal 0.831474 -0.555564 0
    outer loop
      vertex 6.26795 9 4
      vertex 6.41329 9.21752 -6
      vertex 6.41329 9.21752 4
    endloop
  endfacet
  facet normal 0.831474 -0.555564 0
    outer loop
      vertex 6.41329 9.21752 -6
      vertex 6.26795 9 4
      vertex 6.26795 9 -6
    endloop
  endfacet
  facet normal 0.442299 0.896868 -0
    outer loop
      vertex 7.23463 6.15224 -6
      vertex 7 6.26795 4
      vertex 7.23463 6.15224 4
    endloop
  endfacet
  facet normal 0.442299 0.896868 0
    outer loop
      vertex 7 6.26795 4
      vertex 7.23463 6.15224 -6
      vertex 7 6.26795 -6
    endloop
  endfacet
  facet normal -0.980814 0.194947 0
    outer loop
      vertex 263.932 7.48236 -6
      vertex 263.983 7.73895 4
      vertex 263.983 7.73895 -6
    endloop
  endfacet
  facet normal -0.980814 0.194947 0
    outer loop
      vertex 263.983 7.73895 4
      vertex 263.932 7.48236 -6
      vertex 263.932 7.48236 4
    endloop
  endfacet
  facet normal -0.194795 0.980844 0
    outer loop
      vertex 262.518 6.06815 -6
      vertex 262.261 6.01711 4
      vertex 262.518 6.06815 4
    endloop
  endfacet
  facet normal -0.194795 0.980844 0
    outer loop
      vertex 262.261 6.01711 4
      vertex 262.518 6.06815 -6
      vertex 262.261 6.01711 -6
    endloop
  endfacet
  facet normal -0.980814 -0.194947 0
    outer loop
      vertex 263.983 8.26105 -6
      vertex 263.932 8.51764 4
      vertex 263.932 8.51764 -6
    endloop
  endfacet
  facet normal -0.980814 -0.194947 0
    outer loop
      vertex 263.932 8.51764 4
      vertex 263.983 8.26105 -6
      vertex 263.983 8.26105 4
    endloop
  endfacet
  facet normal -0.997886 -0.064984 0
    outer loop
      vertex 264 8 -6
      vertex 263.983 8.26105 4
      vertex 263.983 8.26105 -6
    endloop
  endfacet
  facet normal -0.997886 -0.064984 0
    outer loop
      vertex 263.983 8.26105 4
      vertex 264 8 -6
      vertex 264 8 4
    endloop
  endfacet
  facet normal 0.554718 0.832039 -0
    outer loop
      vertex 261 6.26795 -6
      vertex 260.782 6.41329 4
      vertex 261 6.26795 4
    endloop
  endfacet
  facet normal 0.554718 0.832039 0
    outer loop
      vertex 260.782 6.41329 4
      vertex 261 6.26795 -6
      vertex 260.782 6.41329 -6
    endloop
  endfacet
  facet normal 0.896428 -0.44319 0
    outer loop
      vertex 260.152 8.76537 4
      vertex 260.268 9 0
      vertex 260.268 9 4
    endloop
  endfacet
  facet normal 0.896428 -0.44319 0
    outer loop
      vertex 260.268 9 0
      vertex 260.152 8.76537 4
      vertex 260.152 8.76537 0
    endloop
  endfacet
  facet normal 0.750879 0.66044 0
    outer loop
      vertex 260.586 6.58579 4
      vertex 260.413 6.78248 -6
      vertex 260.413 6.78248 4
    endloop
  endfacet
  facet normal 0.750879 0.66044 0
    outer loop
      vertex 260.413 6.78248 -6
      vertex 260.586 6.58579 4
      vertex 260.586 6.58579 -6
    endloop
  endfacet
  facet normal 0.322281 0.946644 -0
    outer loop
      vertex 261.482 6.06815 -6
      vertex 261.235 6.15224 4
      vertex 261.482 6.06815 4
    endloop
  endfacet
  facet normal 0.322281 0.946644 0
    outer loop
      vertex 261.235 6.15224 4
      vertex 261.482 6.06815 -6
      vertex 261.235 6.15224 -6
    endloop
  endfacet
  facet normal 0.750879 -0.66044 0
    outer loop
      vertex 260.413 9.21752 4
      vertex 260.586 9.41421 0
      vertex 260.586 9.41421 4
    endloop
  endfacet
  facet normal 0.750879 -0.66044 0
    outer loop
      vertex 260.586 9.41421 0
      vertex 260.413 9.21752 4
      vertex 260.413 9.21752 0
    endloop
  endfacet
  facet normal 0.554718 -0.832039 0
    outer loop
      vertex 260.782 9.58671 0
      vertex 261 9.73205 4
      vertex 260.782 9.58671 4
    endloop
  endfacet
  facet normal 0.554718 -0.832039 0
    outer loop
      vertex 261 9.73205 4
      vertex 260.782 9.58671 0
      vertex 261 9.73205 0
    endloop
  endfacet
  facet normal -0.750879 0.66044 0
    outer loop
      vertex 263.414 6.58579 -6
      vertex 263.587 6.78248 4
      vertex 263.587 6.78248 -6
    endloop
  endfacet
  facet normal -0.750879 0.66044 0
    outer loop
      vertex 263.587 6.78248 4
      vertex 263.414 6.58579 -6
      vertex 263.414 6.58579 4
    endloop
  endfacet
  facet normal 0.896428 0.44319 0
    outer loop
      vertex 260.268 7 4
      vertex 260.152 7.23463 0
      vertex 260.152 7.23463 4
    endloop
  endfacet
  facet normal 0.896428 0.44319 0
    outer loop
      vertex 260.152 7.23463 0
      vertex 260.268 7 4
      vertex 260.268 7 0
    endloop
  endfacet
  facet normal 0.660671 -0.750676 0
    outer loop
      vertex 260.586 9.41421 0
      vertex 260.782 9.58671 4
      vertex 260.586 9.41421 4
    endloop
  endfacet
  facet normal 0.660671 -0.750676 0
    outer loop
      vertex 260.782 9.58671 4
      vertex 260.586 9.41421 0
      vertex 260.782 9.58671 0
    endloop
  endfacet
  facet normal -0.441738 -0.897144 0
    outer loop
      vertex 262.765 9.84776 0
      vertex 263 9.73205 4
      vertex 262.765 9.84776 4
    endloop
  endfacet
  facet normal -0.441738 -0.897144 -0
    outer loop
      vertex 263 9.73205 4
      vertex 262.765 9.84776 0
      vertex 263 9.73205 0
    endloop
  endfacet
  facet normal -0.947038 0.321121 0
    outer loop
      vertex 263.848 7.23463 -6
      vertex 263.932 7.48236 4
      vertex 263.932 7.48236 -6
    endloop
  endfacet
  facet normal -0.947038 0.321121 0
    outer loop
      vertex 263.932 7.48236 4
      vertex 263.848 7.23463 -6
      vertex 263.848 7.23463 4
    endloop
  endfacet
  facet normal -0.660671 -0.750676 0
    outer loop
      vertex 263.218 9.58671 -6
      vertex 263.414 9.41421 4
      vertex 263.218 9.58671 4
    endloop
  endfacet
  facet normal -0.660671 -0.750676 -0
    outer loop
      vertex 263.414 9.41421 4
      vertex 263.218 9.58671 -6
      vertex 263.414 9.41421 -6
    endloop
  endfacet
  facet normal -0.660671 0.750676 0
    outer loop
      vertex 263.414 6.58579 -6
      vertex 263.218 6.41329 4
      vertex 263.414 6.58579 4
    endloop
  endfacet
  facet normal -0.660671 0.750676 0
    outer loop
      vertex 263.218 6.41329 4
      vertex 263.414 6.58579 -6
      vertex 263.218 6.41329 -6
    endloop
  endfacet
  facet normal -0.0654151 0.997858 0
    outer loop
      vertex 262.261 6.01711 -6
      vertex 262 6 4
      vertex 262.261 6.01711 4
    endloop
  endfacet
  facet normal -0.0654151 0.997858 0
    outer loop
      vertex 262 6 4
      vertex 262.261 6.01711 -6
      vertex 262 6 -6
    endloop
  endfacet
  facet normal 0.947038 -0.321121 0
    outer loop
      vertex 260.068 8.51764 4
      vertex 260.152 8.76537 0
      vertex 260.152 8.76537 4
    endloop
  endfacet
  facet normal 0.947038 -0.321121 0
    outer loop
      vertex 260.152 8.76537 0
      vertex 260.068 8.51764 4
      vertex 260.068 8.51764 0
    endloop
  endfacet
  facet normal 0.0654151 -0.997858 0
    outer loop
      vertex 261.739 9.98289 0
      vertex 262 10 4
      vertex 261.739 9.98289 4
    endloop
  endfacet
  facet normal 0.0654151 -0.997858 0
    outer loop
      vertex 262 10 4
      vertex 261.739 9.98289 0
      vertex 262 10 0
    endloop
  endfacet
  facet normal 0.980814 0.194947 0
    outer loop
      vertex 260.068 7.48236 4
      vertex 260.017 7.73895 0
      vertex 260.017 7.73895 4
    endloop
  endfacet
  facet normal 0.980814 0.194947 0
    outer loop
      vertex 260.017 7.73895 0
      vertex 260.068 7.48236 4
      vertex 260.068 7.48236 0
    endloop
  endfacet
  facet normal 0.980814 -0.194947 0
    outer loop
      vertex 260.017 8.26105 4
      vertex 260.068 8.51764 0
      vertex 260.068 8.51764 4
    endloop
  endfacet
  facet normal 0.980814 -0.194947 0
    outer loop
      vertex 260.068 8.51764 0
      vertex 260.017 8.26105 4
      vertex 260.017 8.26105 0
    endloop
  endfacet
  facet normal -0.750879 -0.66044 0
    outer loop
      vertex 263.587 9.21752 -6
      vertex 263.414 9.41421 4
      vertex 263.414 9.41421 -6
    endloop
  endfacet
  facet normal -0.750879 -0.66044 0
    outer loop
      vertex 263.414 9.41421 4
      vertex 263.587 9.21752 -6
      vertex 263.587 9.21752 4
    endloop
  endfacet
  facet normal -0.0654151 -0.997858 0
    outer loop
      vertex 262 10 0
      vertex 262.261 9.98289 4
      vertex 262 10 4
    endloop
  endfacet
  facet normal -0.0654151 -0.997858 -0
    outer loop
      vertex 262.261 9.98289 4
      vertex 262 10 0
      vertex 262.261 9.98289 0
    endloop
  endfacet
  facet normal 0.947038 0.321121 0
    outer loop
      vertex 260.152 7.23463 4
      vertex 260.068 7.48236 0
      vertex 260.068 7.48236 4
    endloop
  endfacet
  facet normal 0.947038 0.321121 0
    outer loop
      vertex 260.068 7.48236 0
      vertex 260.152 7.23463 4
      vertex 260.152 7.23463 0
    endloop
  endfacet
  facet normal -0.832074 -0.554665 0
    outer loop
      vertex 263.732 9 -6
      vertex 263.587 9.21752 4
      vertex 263.587 9.21752 -6
    endloop
  endfacet
  facet normal -0.832074 -0.554665 0
    outer loop
      vertex 263.587 9.21752 4
      vertex 263.732 9 -6
      vertex 263.732 9 4
    endloop
  endfacet
  facet normal -0.555583 -0.831461 0
    outer loop
      vertex 263.05 9.69864 0
      vertex 263 9.73205 4
      vertex 263 9.73205 0
    endloop
  endfacet
  facet normal -0.554718 -0.832039 1.56293e-05
    outer loop
      vertex 263 9.73205 4
      vertex 263.05 9.69864 0
      vertex 263.218 9.58671 4
    endloop
  endfacet
  facet normal -0.55446 -0.83221 0
    outer loop
      vertex 263.218 9.58671 -6
      vertex 263.05 9.69864 0
      vertex 263.05 9.69864 -6
    endloop
  endfacet
  facet normal -0.55446 -0.83221 0
    outer loop
      vertex 263.05 9.69864 0
      vertex 263.218 9.58671 -6
      vertex 263.218 9.58671 4
    endloop
  endfacet
  facet normal 0.322281 -0.946644 0
    outer loop
      vertex 261.235 9.84776 0
      vertex 261.482 9.93185 4
      vertex 261.235 9.84776 4
    endloop
  endfacet
  facet normal 0.322281 -0.946644 0
    outer loop
      vertex 261.482 9.93185 4
      vertex 261.235 9.84776 0
      vertex 261.482 9.93185 0
    endloop
  endfacet
  facet normal -0.997886 0.064984 0
    outer loop
      vertex 263.983 7.73895 -6
      vertex 264 8 4
      vertex 264 8 -6
    endloop
  endfacet
  facet normal -0.997886 0.064984 0
    outer loop
      vertex 264 8 4
      vertex 263.983 7.73895 -6
      vertex 263.983 7.73895 4
    endloop
  endfacet
  facet normal 0.997886 -0.064984 0
    outer loop
      vertex 260 8 4
      vertex 260.017 8.26105 0
      vertex 260.017 8.26105 4
    endloop
  endfacet
  facet normal 0.997886 -0.064984 0
    outer loop
      vertex 260.017 8.26105 0
      vertex 260 8 4
      vertex 260 8 0
    endloop
  endfacet
  facet normal -0.441738 0.897144 0
    outer loop
      vertex 263 6.26795 -6
      vertex 262.765 6.15224 4
      vertex 263 6.26795 4
    endloop
  endfacet
  facet normal -0.441738 0.897144 0
    outer loop
      vertex 262.765 6.15224 4
      vertex 263 6.26795 -6
      vertex 262.765 6.15224 -6
    endloop
  endfacet
  facet normal -0.896428 0.44319 0
    outer loop
      vertex 263.732 7 -6
      vertex 263.848 7.23463 4
      vertex 263.848 7.23463 -6
    endloop
  endfacet
  facet normal -0.896428 0.44319 0
    outer loop
      vertex 263.848 7.23463 4
      vertex 263.732 7 -6
      vertex 263.732 7 4
    endloop
  endfacet
  facet normal -0.832074 0.554665 0
    outer loop
      vertex 263.587 6.78248 -6
      vertex 263.732 7 4
      vertex 263.732 7 -6
    endloop
  endfacet
  facet normal -0.832074 0.554665 0
    outer loop
      vertex 263.732 7 4
      vertex 263.587 6.78248 -6
      vertex 263.587 6.78248 4
    endloop
  endfacet
  facet normal 0.194795 -0.980844 0
    outer loop
      vertex 261.482 9.93185 0
      vertex 261.739 9.98289 4
      vertex 261.482 9.93185 4
    endloop
  endfacet
  facet normal 0.194795 -0.980844 0
    outer loop
      vertex 261.739 9.98289 4
      vertex 261.482 9.93185 0
      vertex 261.739 9.98289 0
    endloop
  endfacet
  facet normal 0.441738 -0.897144 0
    outer loop
      vertex 261 9.73205 0
      vertex 261.235 9.84776 4
      vertex 261 9.73205 4
    endloop
  endfacet
  facet normal 0.441738 -0.897144 0
    outer loop
      vertex 261.235 9.84776 4
      vertex 261 9.73205 0
      vertex 261.235 9.84776 0
    endloop
  endfacet
  facet normal 0.834609 0.550842 0
    outer loop
      vertex 260.268 7 4
      vertex 260.301 6.95 0
      vertex 260.268 7 0
    endloop
  endfacet
  facet normal 0.832074 0.554665 -6.87019e-05
    outer loop
      vertex 260.413 6.78248 4
      vertex 260.301 6.95 0
      vertex 260.268 7 4
    endloop
  endfacet
  facet normal 0.831317 0.555799 -0
    outer loop
      vertex 260.413 6.78248 -6
      vertex 260.301 6.95 0
      vertex 260.413 6.78248 4
    endloop
  endfacet
  facet normal 0.831317 0.555799 0
    outer loop
      vertex 260.301 6.95 0
      vertex 260.413 6.78248 -6
      vertex 260.301 6.95 -6
    endloop
  endfacet
  facet normal -0.194795 -0.980844 0
    outer loop
      vertex 262.261 9.98289 0
      vertex 262.518 9.93185 4
      vertex 262.261 9.98289 4
    endloop
  endfacet
  facet normal -0.194795 -0.980844 -0
    outer loop
      vertex 262.518 9.93185 4
      vertex 262.261 9.98289 0
      vertex 262.518 9.93185 0
    endloop
  endfacet
  facet normal -0.554718 0.832039 0
    outer loop
      vertex 263.218 6.41329 -6
      vertex 263 6.26795 4
      vertex 263.218 6.41329 4
    endloop
  endfacet
  facet normal -0.554718 0.832039 0
    outer loop
      vertex 263 6.26795 4
      vertex 263.218 6.41329 -6
      vertex 263 6.26795 -6
    endloop
  endfacet
  facet normal -0.322281 -0.946644 0
    outer loop
      vertex 262.518 9.93185 0
      vertex 262.765 9.84776 4
      vertex 262.518 9.93185 4
    endloop
  endfacet
  facet normal -0.322281 -0.946644 -0
    outer loop
      vertex 262.765 9.84776 4
      vertex 262.518 9.93185 0
      vertex 262.765 9.84776 0
    endloop
  endfacet
  facet normal 0.997886 0.064984 0
    outer loop
      vertex 260.017 7.73895 4
      vertex 260 8 0
      vertex 260 8 4
    endloop
  endfacet
  facet normal 0.997886 0.064984 0
    outer loop
      vertex 260 8 0
      vertex 260.017 7.73895 4
      vertex 260.017 7.73895 0
    endloop
  endfacet
  facet normal -0.896428 -0.44319 0
    outer loop
      vertex 263.848 8.76537 -6
      vertex 263.732 9 4
      vertex 263.732 9 -6
    endloop
  endfacet
  facet normal -0.896428 -0.44319 0
    outer loop
      vertex 263.732 9 4
      vertex 263.848 8.76537 -6
      vertex 263.848 8.76537 4
    endloop
  endfacet
  facet normal -0.947038 -0.321121 0
    outer loop
      vertex 263.932 8.51764 -6
      vertex 263.848 8.76537 4
      vertex 263.848 8.76537 -6
    endloop
  endfacet
  facet normal -0.947038 -0.321121 0
    outer loop
      vertex 263.848 8.76537 4
      vertex 263.932 8.51764 -6
      vertex 263.932 8.51764 4
    endloop
  endfacet
  facet normal -0.322281 0.946644 0
    outer loop
      vertex 262.765 6.15224 -6
      vertex 262.518 6.06815 4
      vertex 262.765 6.15224 4
    endloop
  endfacet
  facet normal -0.322281 0.946644 0
    outer loop
      vertex 262.518 6.06815 4
      vertex 262.765 6.15224 -6
      vertex 262.518 6.06815 -6
    endloop
  endfacet
  facet normal 0.194795 0.980844 -0
    outer loop
      vertex 261.739 6.01711 -6
      vertex 261.482 6.06815 4
      vertex 261.739 6.01711 4
    endloop
  endfacet
  facet normal 0.194795 0.980844 0
    outer loop
      vertex 261.482 6.06815 4
      vertex 261.739 6.01711 -6
      vertex 261.482 6.06815 -6
    endloop
  endfacet
  facet normal 0.660671 0.750676 -0
    outer loop
      vertex 260.782 6.41329 -6
      vertex 260.586 6.58579 4
      vertex 260.782 6.41329 4
    endloop
  endfacet
  facet normal 0.660671 0.750676 0
    outer loop
      vertex 260.586 6.58579 4
      vertex 260.782 6.41329 -6
      vertex 260.586 6.58579 -6
    endloop
  endfacet
  facet normal 0.832074 -0.554665 0
    outer loop
      vertex 260.268 9 4
      vertex 260.413 9.21752 0
      vertex 260.413 9.21752 4
    endloop
  endfacet
  facet normal 0.832074 -0.554665 0
    outer loop
      vertex 260.413 9.21752 0
      vertex 260.268 9 4
      vertex 260.268 9 0
    endloop
  endfacet
  facet normal 0.0654151 0.997858 -0
    outer loop
      vertex 262 6 -6
      vertex 261.739 6.01711 4
      vertex 262 6 4
    endloop
  endfacet
  facet normal 0.0654151 0.997858 0
    outer loop
      vertex 261.739 6.01711 4
      vertex 262 6 -6
      vertex 261.739 6.01711 -6
    endloop
  endfacet
  facet normal 0.441738 0.897144 -0
    outer loop
      vertex 261.235 6.15224 -6
      vertex 261 6.26795 4
      vertex 261.235 6.15224 4
    endloop
  endfacet
  facet normal 0.441738 0.897144 0
    outer loop
      vertex 261 6.26795 4
      vertex 261.235 6.15224 -6
      vertex 261 6.26795 -6
    endloop
  endfacet
  facet normal -0.980844 0.194795 0
    outer loop
      vertex 9.93185 111.482 0
      vertex 9.98289 111.739 4
      vertex 9.98289 111.739 0
    endloop
  endfacet
  facet normal -0.980844 0.194795 0
    outer loop
      vertex 9.98289 111.739 4
      vertex 9.93185 111.482 0
      vertex 9.93185 111.482 4
    endloop
  endfacet
  facet normal -0.194947 0.980814 0
    outer loop
      vertex 8.51764 110.068 0
      vertex 8.26105 110.017 4
      vertex 8.51764 110.068 4
    endloop
  endfacet
  facet normal -0.194947 0.980814 0
    outer loop
      vertex 8.26105 110.017 4
      vertex 8.51764 110.068 0
      vertex 8.26105 110.017 0
    endloop
  endfacet
  facet normal -0.980844 -0.194795 0
    outer loop
      vertex 9.98289 112.261 0
      vertex 9.93185 112.518 4
      vertex 9.93185 112.518 0
    endloop
  endfacet
  facet normal -0.980844 -0.194795 0
    outer loop
      vertex 9.93185 112.518 4
      vertex 9.98289 112.261 0
      vertex 9.98289 112.261 4
    endloop
  endfacet
  facet normal -0.997858 -0.0654151 0
    outer loop
      vertex 10 112 0
      vertex 9.98289 112.261 4
      vertex 9.98289 112.261 0
    endloop
  endfacet
  facet normal -0.997858 -0.0654151 0
    outer loop
      vertex 9.98289 112.261 4
      vertex 10 112 0
      vertex 10 112 4
    endloop
  endfacet
  facet normal 0.550842 0.834609 0
    outer loop
      vertex 6.95 110.301 0
      vertex 7 110.268 4
      vertex 7 110.268 0
    endloop
  endfacet
  facet normal 0.554665 0.832074 -6.87019e-05
    outer loop
      vertex 7 110.268 4
      vertex 6.95 110.301 0
      vertex 6.78248 110.413 4
    endloop
  endfacet
  facet normal 0.555799 0.831317 0
    outer loop
      vertex 6.78248 110.413 -6
      vertex 6.95 110.301 0
      vertex 6.95 110.301 -6
    endloop
  endfacet
  facet normal 0.555799 0.831317 0
    outer loop
      vertex 6.95 110.301 0
      vertex 6.78248 110.413 -6
      vertex 6.78248 110.413 4
    endloop
  endfacet
  facet normal 0.897144 -0.441738 0
    outer loop
      vertex 6.15224 112.765 4
      vertex 6.26795 113 -6
      vertex 6.26795 113 4
    endloop
  endfacet
  facet normal 0.897144 -0.441738 0
    outer loop
      vertex 6.26795 113 -6
      vertex 6.15224 112.765 4
      vertex 6.15224 112.765 -6
    endloop
  endfacet
  facet normal 0.750676 0.660671 0
    outer loop
      vertex 6.58579 110.586 4
      vertex 6.41329 110.782 -6
      vertex 6.41329 110.782 4
    endloop
  endfacet
  facet normal 0.750676 0.660671 0
    outer loop
      vertex 6.41329 110.782 -6
      vertex 6.58579 110.586 4
      vertex 6.58579 110.586 -6
    endloop
  endfacet
  facet normal 0.321121 0.947038 -0
    outer loop
      vertex 7.48236 110.068 0
      vertex 7.23463 110.152 4
      vertex 7.48236 110.068 4
    endloop
  endfacet
  facet normal 0.321121 0.947038 0
    outer loop
      vertex 7.23463 110.152 4
      vertex 7.48236 110.068 0
      vertex 7.23463 110.152 0
    endloop
  endfacet
  facet normal 0.750676 -0.660671 0
    outer loop
      vertex 6.41329 113.218 4
      vertex 6.58579 113.414 -6
      vertex 6.58579 113.414 4
    endloop
  endfacet
  facet normal 0.750676 -0.660671 0
    outer loop
      vertex 6.58579 113.414 -6
      vertex 6.41329 113.218 4
      vertex 6.41329 113.218 -6
    endloop
  endfacet
  facet normal 0.554665 -0.832074 0
    outer loop
      vertex 6.78248 113.587 -6
      vertex 7 113.732 4
      vertex 6.78248 113.587 4
    endloop
  endfacet
  facet normal 0.554665 -0.832074 0
    outer loop
      vertex 7 113.732 4
      vertex 6.78248 113.587 -6
      vertex 7 113.732 -6
    endloop
  endfacet
  facet normal -0.750676 0.660671 0
    outer loop
      vertex 9.41421 110.586 0
      vertex 9.58671 110.782 4
      vertex 9.58671 110.782 0
    endloop
  endfacet
  facet normal -0.750676 0.660671 0
    outer loop
      vertex 9.58671 110.782 4
      vertex 9.41421 110.586 0
      vertex 9.41421 110.586 4
    endloop
  endfacet
  facet normal 0.897144 0.441738 0
    outer loop
      vertex 6.26795 111 4
      vertex 6.15224 111.235 -6
      vertex 6.15224 111.235 4
    endloop
  endfacet
  facet normal 0.897144 0.441738 0
    outer loop
      vertex 6.15224 111.235 -6
      vertex 6.26795 111 4
      vertex 6.26795 111 -6
    endloop
  endfacet
  facet normal 0.66044 -0.750879 0
    outer loop
      vertex 6.58579 113.414 -6
      vertex 6.78248 113.587 4
      vertex 6.58579 113.414 4
    endloop
  endfacet
  facet normal 0.66044 -0.750879 0
    outer loop
      vertex 6.78248 113.587 4
      vertex 6.58579 113.414 -6
      vertex 6.78248 113.587 -6
    endloop
  endfacet
  facet normal -0.44319 -0.896428 0
    outer loop
      vertex 8.76537 113.848 -6
      vertex 9 113.732 4
      vertex 8.76537 113.848 4
    endloop
  endfacet
  facet normal -0.44319 -0.896428 -0
    outer loop
      vertex 9 113.732 4
      vertex 8.76537 113.848 -6
      vertex 9 113.732 -6
    endloop
  endfacet
  facet normal -0.946644 0.322281 0
    outer loop
      vertex 9.84776 111.235 0
      vertex 9.93185 111.482 4
      vertex 9.93185 111.482 0
    endloop
  endfacet
  facet normal -0.946644 0.322281 0
    outer loop
      vertex 9.93185 111.482 4
      vertex 9.84776 111.235 0
      vertex 9.84776 111.235 4
    endloop
  endfacet
  facet normal -0.66044 -0.750879 0
    outer loop
      vertex 9.21752 113.587 -6
      vertex 9.41421 113.414 4
      vertex 9.21752 113.587 4
    endloop
  endfacet
  facet normal -0.66044 -0.750879 -0
    outer loop
      vertex 9.41421 113.414 4
      vertex 9.21752 113.587 -6
      vertex 9.41421 113.414 -6
    endloop
  endfacet
  facet normal -0.66044 0.750879 0
    outer loop
      vertex 9.41421 110.586 0
      vertex 9.21752 110.413 4
      vertex 9.41421 110.586 4
    endloop
  endfacet
  facet normal -0.66044 0.750879 0
    outer loop
      vertex 9.21752 110.413 4
      vertex 9.41421 110.586 0
      vertex 9.21752 110.413 0
    endloop
  endfacet
  facet normal -0.064984 0.997886 0
    outer loop
      vertex 8.26105 110.017 0
      vertex 8 110 4
      vertex 8.26105 110.017 4
    endloop
  endfacet
  facet normal -0.064984 0.997886 0
    outer loop
      vertex 8 110 4
      vertex 8.26105 110.017 0
      vertex 8 110 0
    endloop
  endfacet
  facet normal 0.946644 -0.322281 0
    outer loop
      vertex 6.06815 112.518 4
      vertex 6.15224 112.765 -6
      vertex 6.15224 112.765 4
    endloop
  endfacet
  facet normal 0.946644 -0.322281 0
    outer loop
      vertex 6.15224 112.765 -6
      vertex 6.06815 112.518 4
      vertex 6.06815 112.518 -6
    endloop
  endfacet
  facet normal 0.064984 -0.997886 0
    outer loop
      vertex 7.73895 113.983 -6
      vertex 8 114 4
      vertex 7.73895 113.983 4
    endloop
  endfacet
  facet normal 0.064984 -0.997886 0
    outer loop
      vertex 8 114 4
      vertex 7.73895 113.983 -6
      vertex 8 114 -6
    endloop
  endfacet
  facet normal 0.980844 0.194795 0
    outer loop
      vertex 6.06815 111.482 4
      vertex 6.01711 111.739 -6
      vertex 6.01711 111.739 4
    endloop
  endfacet
  facet normal 0.980844 0.194795 0
    outer loop
      vertex 6.01711 111.739 -6
      vertex 6.06815 111.482 4
      vertex 6.06815 111.482 -6
    endloop
  endfacet
  facet normal 0.980844 -0.194795 0
    outer loop
      vertex 6.01711 112.261 4
      vertex 6.06815 112.518 -6
      vertex 6.06815 112.518 4
    endloop
  endfacet
  facet normal 0.980844 -0.194795 0
    outer loop
      vertex 6.06815 112.518 -6
      vertex 6.01711 112.261 4
      vertex 6.01711 112.261 -6
    endloop
  endfacet
  facet normal -0.750676 -0.660671 0
    outer loop
      vertex 9.58671 113.218 -6
      vertex 9.41421 113.414 4
      vertex 9.41421 113.414 -6
    endloop
  endfacet
  facet normal -0.750676 -0.660671 0
    outer loop
      vertex 9.41421 113.414 4
      vertex 9.58671 113.218 -6
      vertex 9.58671 113.218 4
    endloop
  endfacet
  facet normal 0.064984 0.997886 -0
    outer loop
      vertex 8 110 0
      vertex 7.73895 110.017 4
      vertex 8 110 4
    endloop
  endfacet
  facet normal 0.064984 0.997886 0
    outer loop
      vertex 7.73895 110.017 4
      vertex 8 110 0
      vertex 7.73895 110.017 0
    endloop
  endfacet
  facet normal -0.064984 -0.997886 0
    outer loop
      vertex 8 114 -6
      vertex 8.26105 113.983 4
      vertex 8 114 4
    endloop
  endfacet
  facet normal -0.064984 -0.997886 -0
    outer loop
      vertex 8.26105 113.983 4
      vertex 8 114 -6
      vertex 8.26105 113.983 -6
    endloop
  endfacet
  facet normal 0.946644 0.322281 0
    outer loop
      vertex 6.15224 111.235 4
      vertex 6.06815 111.482 -6
      vertex 6.06815 111.482 4
    endloop
  endfacet
  facet normal 0.946644 0.322281 0
    outer loop
      vertex 6.06815 111.482 -6
      vertex 6.15224 111.235 4
      vertex 6.15224 111.235 -6
    endloop
  endfacet
  facet normal -0.83221 -0.55446 -0
    outer loop
      vertex 9.69864 113.05 0
      vertex 9.58671 113.218 -6
      vertex 9.69864 113.05 -6
    endloop
  endfacet
  facet normal -0.83221 -0.55446 0
    outer loop
      vertex 9.58671 113.218 -6
      vertex 9.69864 113.05 0
      vertex 9.58671 113.218 4
    endloop
  endfacet
  facet normal -0.831461 -0.555583 -0
    outer loop
      vertex 9.73205 113 4
      vertex 9.69864 113.05 0
      vertex 9.73205 113 0
    endloop
  endfacet
  facet normal -0.832039 -0.554718 1.56293e-05
    outer loop
      vertex 9.69864 113.05 0
      vertex 9.73205 113 4
      vertex 9.58671 113.218 4
    endloop
  endfacet
  facet normal 0.321121 -0.947038 0
    outer loop
      vertex 7.23463 113.848 -6
      vertex 7.48236 113.932 4
      vertex 7.23463 113.848 4
    endloop
  endfacet
  facet normal 0.321121 -0.947038 0
    outer loop
      vertex 7.48236 113.932 4
      vertex 7.23463 113.848 -6
      vertex 7.48236 113.932 -6
    endloop
  endfacet
  facet normal -0.997858 0.0654151 0
    outer loop
      vertex 9.98289 111.739 0
      vertex 10 112 4
      vertex 10 112 0
    endloop
  endfacet
  facet normal -0.997858 0.0654151 0
    outer loop
      vertex 10 112 4
      vertex 9.98289 111.739 0
      vertex 9.98289 111.739 4
    endloop
  endfacet
  facet normal 0.997858 -0.0654151 0
    outer loop
      vertex 6 112 4
      vertex 6.01711 112.261 -6
      vertex 6.01711 112.261 4
    endloop
  endfacet
  facet normal 0.997858 -0.0654151 0
    outer loop
      vertex 6.01711 112.261 -6
      vertex 6 112 4
      vertex 6 112 -6
    endloop
  endfacet
  facet normal -0.554665 -0.832074 0
    outer loop
      vertex 9 113.732 -6
      vertex 9.21752 113.587 4
      vertex 9 113.732 4
    endloop
  endfacet
  facet normal -0.554665 -0.832074 -0
    outer loop
      vertex 9.21752 113.587 4
      vertex 9 113.732 -6
      vertex 9.21752 113.587 -6
    endloop
  endfacet
  facet normal -0.44319 0.896428 0
    outer loop
      vertex 9 110.268 0
      vertex 8.76537 110.152 4
      vertex 9 110.268 4
    endloop
  endfacet
  facet normal -0.44319 0.896428 0
    outer loop
      vertex 8.76537 110.152 4
      vertex 9 110.268 0
      vertex 8.76537 110.152 0
    endloop
  endfacet
  facet normal -0.897144 0.441738 0
    outer loop
      vertex 9.73205 111 0
      vertex 9.84776 111.235 4
      vertex 9.84776 111.235 0
    endloop
  endfacet
  facet normal -0.897144 0.441738 0
    outer loop
      vertex 9.84776 111.235 4
      vertex 9.73205 111 0
      vertex 9.73205 111 4
    endloop
  endfacet
  facet normal -0.832039 0.554718 0
    outer loop
      vertex 9.58671 110.782 0
      vertex 9.73205 111 4
      vertex 9.73205 111 0
    endloop
  endfacet
  facet normal -0.832039 0.554718 0
    outer loop
      vertex 9.73205 111 4
      vertex 9.58671 110.782 0
      vertex 9.58671 110.782 4
    endloop
  endfacet
  facet normal 0.194947 -0.980814 0
    outer loop
      vertex 7.48236 113.932 -6
      vertex 7.73895 113.983 4
      vertex 7.48236 113.932 4
    endloop
  endfacet
  facet normal 0.194947 -0.980814 0
    outer loop
      vertex 7.73895 113.983 4
      vertex 7.48236 113.932 -6
      vertex 7.73895 113.983 -6
    endloop
  endfacet
  facet normal 0.44319 -0.896428 0
    outer loop
      vertex 7 113.732 -6
      vertex 7.23463 113.848 4
      vertex 7 113.732 4
    endloop
  endfacet
  facet normal 0.44319 -0.896428 0
    outer loop
      vertex 7.23463 113.848 4
      vertex 7 113.732 -6
      vertex 7.23463 113.848 -6
    endloop
  endfacet
  facet normal 0.832039 0.554718 0
    outer loop
      vertex 6.41329 110.782 4
      vertex 6.26795 111 -6
      vertex 6.26795 111 4
    endloop
  endfacet
  facet normal 0.832039 0.554718 0
    outer loop
      vertex 6.26795 111 -6
      vertex 6.41329 110.782 4
      vertex 6.41329 110.782 -6
    endloop
  endfacet
  facet normal -0.194947 -0.980814 0
    outer loop
      vertex 8.26105 113.983 -6
      vertex 8.51764 113.932 4
      vertex 8.26105 113.983 4
    endloop
  endfacet
  facet normal -0.194947 -0.980814 -0
    outer loop
      vertex 8.51764 113.932 4
      vertex 8.26105 113.983 -6
      vertex 8.51764 113.932 -6
    endloop
  endfacet
  facet normal -0.554665 0.832074 0
    outer loop
      vertex 9.21752 110.413 0
      vertex 9 110.268 4
      vertex 9.21752 110.413 4
    endloop
  endfacet
  facet normal -0.554665 0.832074 0
    outer loop
      vertex 9 110.268 4
      vertex 9.21752 110.413 0
      vertex 9 110.268 0
    endloop
  endfacet
  facet normal -0.321121 -0.947038 0
    outer loop
      vertex 8.51764 113.932 -6
      vertex 8.76537 113.848 4
      vertex 8.51764 113.932 4
    endloop
  endfacet
  facet normal -0.321121 -0.947038 -0
    outer loop
      vertex 8.76537 113.848 4
      vertex 8.51764 113.932 -6
      vertex 8.76537 113.848 -6
    endloop
  endfacet
  facet normal 0.997858 0.0654151 0
    outer loop
      vertex 6.01711 111.739 4
      vertex 6 112 -6
      vertex 6 112 4
    endloop
  endfacet
  facet normal 0.997858 0.0654151 0
    outer loop
      vertex 6 112 -6
      vertex 6.01711 111.739 4
      vertex 6.01711 111.739 -6
    endloop
  endfacet
  facet normal -0.897144 -0.441738 0
    outer loop
      vertex 9.84776 112.765 0
      vertex 9.73205 113 4
      vertex 9.73205 113 0
    endloop
  endfacet
  facet normal -0.897144 -0.441738 0
    outer loop
      vertex 9.73205 113 4
      vertex 9.84776 112.765 0
      vertex 9.84776 112.765 4
    endloop
  endfacet
  facet normal -0.946644 -0.322281 0
    outer loop
      vertex 9.93185 112.518 0
      vertex 9.84776 112.765 4
      vertex 9.84776 112.765 0
    endloop
  endfacet
  facet normal -0.946644 -0.322281 0
    outer loop
      vertex 9.84776 112.765 4
      vertex 9.93185 112.518 0
      vertex 9.93185 112.518 4
    endloop
  endfacet
  facet normal -0.321121 0.947038 0
    outer loop
      vertex 8.76537 110.152 0
      vertex 8.51764 110.068 4
      vertex 8.76537 110.152 4
    endloop
  endfacet
  facet normal -0.321121 0.947038 0
    outer loop
      vertex 8.51764 110.068 4
      vertex 8.76537 110.152 0
      vertex 8.51764 110.068 0
    endloop
  endfacet
  facet normal 0.194947 0.980814 -0
    outer loop
      vertex 7.73895 110.017 0
      vertex 7.48236 110.068 4
      vertex 7.73895 110.017 4
    endloop
  endfacet
  facet normal 0.194947 0.980814 0
    outer loop
      vertex 7.48236 110.068 4
      vertex 7.73895 110.017 0
      vertex 7.48236 110.068 0
    endloop
  endfacet
  facet normal 0.66044 0.750879 -0
    outer loop
      vertex 6.78248 110.413 -6
      vertex 6.58579 110.586 4
      vertex 6.78248 110.413 4
    endloop
  endfacet
  facet normal 0.66044 0.750879 0
    outer loop
      vertex 6.58579 110.586 4
      vertex 6.78248 110.413 -6
      vertex 6.58579 110.586 -6
    endloop
  endfacet
  facet normal 0.832039 -0.554718 0
    outer loop
      vertex 6.26795 113 4
      vertex 6.41329 113.218 -6
      vertex 6.41329 113.218 4
    endloop
  endfacet
  facet normal 0.832039 -0.554718 0
    outer loop
      vertex 6.41329 113.218 -6
      vertex 6.26795 113 4
      vertex 6.26795 113 -6
    endloop
  endfacet
  facet normal 0.44319 0.896428 -0
    outer loop
      vertex 7.23463 110.152 0
      vertex 7 110.268 4
      vertex 7.23463 110.152 4
    endloop
  endfacet
  facet normal 0.44319 0.896428 0
    outer loop
      vertex 7 110.268 4
      vertex 7.23463 110.152 0
      vertex 7 110.268 0
    endloop
  endfacet
  facet normal -0.980873 0.194648 0
    outer loop
      vertex 263.932 111.482 -6
      vertex 263.983 111.739 4
      vertex 263.983 111.739 -6
    endloop
  endfacet
  facet normal -0.980873 0.194648 0
    outer loop
      vertex 263.983 111.739 4
      vertex 263.932 111.482 -6
      vertex 263.932 111.482 4
    endloop
  endfacet
  facet normal -0.194648 0.980873 0
    outer loop
      vertex 262.518 110.068 0
      vertex 262.261 110.017 4
      vertex 262.518 110.068 4
    endloop
  endfacet
  facet normal -0.194648 0.980873 0
    outer loop
      vertex 262.261 110.017 4
      vertex 262.518 110.068 0
      vertex 262.261 110.017 0
    endloop
  endfacet
  facet normal -0.980873 -0.194648 0
    outer loop
      vertex 263.983 112.261 -6
      vertex 263.932 112.518 4
      vertex 263.932 112.518 -6
    endloop
  endfacet
  facet normal -0.980873 -0.194648 0
    outer loop
      vertex 263.932 112.518 4
      vertex 263.983 112.261 -6
      vertex 263.983 112.261 4
    endloop
  endfacet
  facet normal -0.997886 -0.0649964 0
    outer loop
      vertex 264 112 -6
      vertex 263.983 112.261 4
      vertex 263.983 112.261 -6
    endloop
  endfacet
  facet normal -0.997886 -0.0649964 0
    outer loop
      vertex 263.983 112.261 4
      vertex 264 112 -6
      vertex 264 112 4
    endloop
  endfacet
  facet normal 0.553818 0.832637 -0
    outer loop
      vertex 261 110.268 0
      vertex 260.782 110.413 4
      vertex 261 110.268 4
    endloop
  endfacet
  facet normal 0.553818 0.832637 0
    outer loop
      vertex 260.782 110.413 4
      vertex 261 110.268 0
      vertex 260.782 110.413 0
    endloop
  endfacet
  facet normal 0.896705 -0.442629 0
    outer loop
      vertex 260.152 112.765 4
      vertex 260.268 113 0
      vertex 260.268 113 4
    endloop
  endfacet
  facet normal 0.896705 -0.442629 0
    outer loop
      vertex 260.268 113 0
      vertex 260.152 112.765 4
      vertex 260.152 112.765 0
    endloop
  endfacet
  facet normal 0.749726 0.661748 0
    outer loop
      vertex 260.586 110.586 4
      vertex 260.413 110.782 0
      vertex 260.413 110.782 4
    endloop
  endfacet
  facet normal 0.749726 0.661748 0
    outer loop
      vertex 260.413 110.782 0
      vertex 260.586 110.586 4
      vertex 260.586 110.586 0
    endloop
  endfacet
  facet normal 0.321971 0.946749 -0
    outer loop
      vertex 261.482 110.068 0
      vertex 261.235 110.152 4
      vertex 261.482 110.068 4
    endloop
  endfacet
  facet normal 0.321971 0.946749 0
    outer loop
      vertex 261.235 110.152 4
      vertex 261.482 110.068 0
      vertex 261.235 110.152 0
    endloop
  endfacet
  facet normal 0.749726 -0.661748 0
    outer loop
      vertex 260.413 113.218 4
      vertex 260.586 113.414 -6
      vertex 260.586 113.414 4
    endloop
  endfacet
  facet normal 0.749726 -0.661748 0
    outer loop
      vertex 260.586 113.414 -6
      vertex 260.413 113.218 4
      vertex 260.413 113.218 -6
    endloop
  endfacet
  facet normal 0.553818 -0.832637 0
    outer loop
      vertex 260.782 113.587 -6
      vertex 261 113.732 4
      vertex 260.782 113.587 4
    endloop
  endfacet
  facet normal 0.553818 -0.832637 0
    outer loop
      vertex 261 113.732 4
      vertex 260.782 113.587 -6
      vertex 261 113.732 -6
    endloop
  endfacet
  facet normal -0.749726 0.661748 0
    outer loop
      vertex 263.414 110.586 -6
      vertex 263.587 110.782 4
      vertex 263.587 110.782 -6
    endloop
  endfacet
  facet normal -0.749726 0.661748 0
    outer loop
      vertex 263.587 110.782 4
      vertex 263.414 110.586 -6
      vertex 263.414 110.586 4
    endloop
  endfacet
  facet normal 0.896705 0.442629 0
    outer loop
      vertex 260.268 111 4
      vertex 260.152 111.235 0
      vertex 260.152 111.235 4
    endloop
  endfacet
  facet normal 0.896705 0.442629 0
    outer loop
      vertex 260.152 111.235 0
      vertex 260.268 111 4
      vertex 260.268 111 0
    endloop
  endfacet
  facet normal 0.661748 -0.749726 0
    outer loop
      vertex 260.586 113.414 -6
      vertex 260.782 113.587 4
      vertex 260.586 113.414 4
    endloop
  endfacet
  facet normal 0.661748 -0.749726 0
    outer loop
      vertex 260.782 113.587 4
      vertex 260.586 113.414 -6
      vertex 260.782 113.587 -6
    endloop
  endfacet
  facet normal -0.442629 -0.896705 0
    outer loop
      vertex 262.765 113.848 -6
      vertex 263 113.732 4
      vertex 262.765 113.848 4
    endloop
  endfacet
  facet normal -0.442629 -0.896705 -0
    outer loop
      vertex 263 113.732 4
      vertex 262.765 113.848 -6
      vertex 263 113.732 -6
    endloop
  endfacet
  facet normal -0.946749 0.321971 0
    outer loop
      vertex 263.848 111.235 -6
      vertex 263.932 111.482 4
      vertex 263.932 111.482 -6
    endloop
  endfacet
  facet normal -0.946749 0.321971 0
    outer loop
      vertex 263.932 111.482 4
      vertex 263.848 111.235 -6
      vertex 263.848 111.235 4
    endloop
  endfacet
  facet normal -0.661748 -0.749726 0
    outer loop
      vertex 263.218 113.587 -6
      vertex 263.414 113.414 4
      vertex 263.218 113.587 4
    endloop
  endfacet
  facet normal -0.661748 -0.749726 -0
    outer loop
      vertex 263.414 113.414 4
      vertex 263.218 113.587 -6
      vertex 263.414 113.414 -6
    endloop
  endfacet
  facet normal -0.661748 0.749726 0
    outer loop
      vertex 263.414 110.586 -6
      vertex 263.218 110.413 4
      vertex 263.414 110.586 4
    endloop
  endfacet
  facet normal -0.661748 0.749726 0
    outer loop
      vertex 263.218 110.413 4
      vertex 263.414 110.586 -6
      vertex 263.218 110.413 -6
    endloop
  endfacet
  facet normal -0.0649964 0.997886 0
    outer loop
      vertex 262.261 110.017 0
      vertex 262 110 4
      vertex 262.261 110.017 4
    endloop
  endfacet
  facet normal -0.0649964 0.997886 0
    outer loop
      vertex 262 110 4
      vertex 262.261 110.017 0
      vertex 262 110 0
    endloop
  endfacet
  facet normal -0.832637 0.553818 0
    outer loop
      vertex 263.587 110.782 -6
      vertex 263.732 111 4
      vertex 263.732 111 -6
    endloop
  endfacet
  facet normal -0.832637 0.553818 0
    outer loop
      vertex 263.732 111 4
      vertex 263.587 110.782 -6
      vertex 263.587 110.782 4
    endloop
  endfacet
  facet normal 0.946749 -0.321971 0
    outer loop
      vertex 260.068 112.518 4
      vertex 260.152 112.765 0
      vertex 260.152 112.765 4
    endloop
  endfacet
  facet normal 0.946749 -0.321971 0
    outer loop
      vertex 260.152 112.765 0
      vertex 260.068 112.518 4
      vertex 260.068 112.518 0
    endloop
  endfacet
  facet normal 0.0649964 -0.997886 0
    outer loop
      vertex 261.739 113.983 -6
      vertex 262 114 4
      vertex 261.739 113.983 4
    endloop
  endfacet
  facet normal 0.0649964 -0.997886 0
    outer loop
      vertex 262 114 4
      vertex 261.739 113.983 -6
      vertex 262 114 -6
    endloop
  endfacet
  facet normal 0.980873 0.194648 0
    outer loop
      vertex 260.068 111.482 4
      vertex 260.017 111.739 0
      vertex 260.017 111.739 4
    endloop
  endfacet
  facet normal 0.980873 0.194648 0
    outer loop
      vertex 260.017 111.739 0
      vertex 260.068 111.482 4
      vertex 260.068 111.482 0
    endloop
  endfacet
  facet normal 0.980873 -0.194648 0
    outer loop
      vertex 260.017 112.261 4
      vertex 260.068 112.518 0
      vertex 260.068 112.518 4
    endloop
  endfacet
  facet normal 0.980873 -0.194648 0
    outer loop
      vertex 260.068 112.518 0
      vertex 260.017 112.261 4
      vertex 260.017 112.261 0
    endloop
  endfacet
  facet normal -0.749726 -0.661748 0
    outer loop
      vertex 263.587 113.218 -6
      vertex 263.414 113.414 4
      vertex 263.414 113.414 -6
    endloop
  endfacet
  facet normal -0.749726 -0.661748 0
    outer loop
      vertex 263.414 113.414 4
      vertex 263.587 113.218 -6
      vertex 263.587 113.218 4
    endloop
  endfacet
  facet normal 0.0649964 0.997886 -0
    outer loop
      vertex 262 110 0
      vertex 261.739 110.017 4
      vertex 262 110 4
    endloop
  endfacet
  facet normal 0.0649964 0.997886 0
    outer loop
      vertex 261.739 110.017 4
      vertex 262 110 0
      vertex 261.739 110.017 0
    endloop
  endfacet
  facet normal -0.0649964 -0.997886 0
    outer loop
      vertex 262 114 -6
      vertex 262.261 113.983 4
      vertex 262 114 4
    endloop
  endfacet
  facet normal -0.0649964 -0.997886 -0
    outer loop
      vertex 262.261 113.983 4
      vertex 262 114 -6
      vertex 262.261 113.983 -6
    endloop
  endfacet
  facet normal 0.946749 0.321971 0
    outer loop
      vertex 260.152 111.235 4
      vertex 260.068 111.482 0
      vertex 260.068 111.482 4
    endloop
  endfacet
  facet normal 0.946749 0.321971 0
    outer loop
      vertex 260.068 111.482 0
      vertex 260.152 111.235 4
      vertex 260.152 111.235 0
    endloop
  endfacet
  facet normal -0.832637 -0.553818 0
    outer loop
      vertex 263.732 113 -6
      vertex 263.587 113.218 4
      vertex 263.587 113.218 -6
    endloop
  endfacet
  facet normal -0.832637 -0.553818 0
    outer loop
      vertex 263.587 113.218 4
      vertex 263.732 113 -6
      vertex 263.732 113 4
    endloop
  endfacet
  facet normal -0.553818 -0.832637 0
    outer loop
      vertex 263 113.732 -6
      vertex 263.218 113.587 4
      vertex 263 113.732 4
    endloop
  endfacet
  facet normal -0.553818 -0.832637 -0
    outer loop
      vertex 263.218 113.587 4
      vertex 263 113.732 -6
      vertex 263.218 113.587 -6
    endloop
  endfacet
  facet normal 0.321971 -0.946749 0
    outer loop
      vertex 261.235 113.848 -6
      vertex 261.482 113.932 4
      vertex 261.235 113.848 4
    endloop
  endfacet
  facet normal 0.321971 -0.946749 0
    outer loop
      vertex 261.482 113.932 4
      vertex 261.235 113.848 -6
      vertex 261.482 113.932 -6
    endloop
  endfacet
  facet normal -0.997886 0.0649964 0
    outer loop
      vertex 263.983 111.739 -6
      vertex 264 112 4
      vertex 264 112 -6
    endloop
  endfacet
  facet normal -0.997886 0.0649964 0
    outer loop
      vertex 264 112 4
      vertex 263.983 111.739 -6
      vertex 263.983 111.739 4
    endloop
  endfacet
  facet normal 0.997886 -0.0649964 0
    outer loop
      vertex 260 112 4
      vertex 260.017 112.261 0
      vertex 260.017 112.261 4
    endloop
  endfacet
  facet normal 0.997886 -0.0649964 0
    outer loop
      vertex 260.017 112.261 0
      vertex 260 112 4
      vertex 260 112 0
    endloop
  endfacet
  facet normal -0.442629 0.896705 0
    outer loop
      vertex 263 110.268 0
      vertex 262.765 110.152 4
      vertex 263 110.268 4
    endloop
  endfacet
  facet normal -0.442629 0.896705 0
    outer loop
      vertex 262.765 110.152 4
      vertex 263 110.268 0
      vertex 262.765 110.152 0
    endloop
  endfacet
  facet normal -0.896705 0.442629 0
    outer loop
      vertex 263.732 111 -6
      vertex 263.848 111.235 4
      vertex 263.848 111.235 -6
    endloop
  endfacet
  facet normal -0.896705 0.442629 0
    outer loop
      vertex 263.848 111.235 4
      vertex 263.732 111 -6
      vertex 263.732 111 4
    endloop
  endfacet
  facet normal 0.194648 -0.980873 0
    outer loop
      vertex 261.482 113.932 -6
      vertex 261.739 113.983 4
      vertex 261.482 113.932 4
    endloop
  endfacet
  facet normal 0.194648 -0.980873 0
    outer loop
      vertex 261.739 113.983 4
      vertex 261.482 113.932 -6
      vertex 261.739 113.983 -6
    endloop
  endfacet
  facet normal 0.442629 -0.896705 0
    outer loop
      vertex 261 113.732 -6
      vertex 261.235 113.848 4
      vertex 261 113.732 4
    endloop
  endfacet
  facet normal 0.442629 -0.896705 0
    outer loop
      vertex 261.235 113.848 4
      vertex 261 113.732 -6
      vertex 261.235 113.848 -6
    endloop
  endfacet
  facet normal 0.832637 0.553818 0
    outer loop
      vertex 260.413 110.782 4
      vertex 260.268 111 0
      vertex 260.268 111 4
    endloop
  endfacet
  facet normal 0.832637 0.553818 0
    outer loop
      vertex 260.268 111 0
      vertex 260.413 110.782 4
      vertex 260.413 110.782 0
    endloop
  endfacet
  facet normal -0.194648 -0.980873 0
    outer loop
      vertex 262.261 113.983 -6
      vertex 262.518 113.932 4
      vertex 262.261 113.983 4
    endloop
  endfacet
  facet normal -0.194648 -0.980873 -0
    outer loop
      vertex 262.518 113.932 4
      vertex 262.261 113.983 -6
      vertex 262.518 113.932 -6
    endloop
  endfacet
  facet normal -0.553818 0.832637 -5.34721e-05
    outer loop
      vertex 263.218 110.413 4
      vertex 263.05 110.301 0
      vertex 263 110.268 4
    endloop
  endfacet
  facet normal -0.5547 0.83205 0
    outer loop
      vertex 263.218 110.413 -6
      vertex 263.05 110.301 0
      vertex 263.218 110.413 4
    endloop
  endfacet
  facet normal -0.5547 0.83205 0
    outer loop
      vertex 263.05 110.301 0
      vertex 263.218 110.413 -6
      vertex 263.05 110.301 -6
    endloop
  endfacet
  facet normal -0.550842 0.834609 0
    outer loop
      vertex 263 110.268 4
      vertex 263.05 110.301 0
      vertex 263 110.268 0
    endloop
  endfacet
  facet normal -0.321971 -0.946749 0
    outer loop
      vertex 262.518 113.932 -6
      vertex 262.765 113.848 4
      vertex 262.518 113.932 4
    endloop
  endfacet
  facet normal -0.321971 -0.946749 -0
    outer loop
      vertex 262.765 113.848 4
      vertex 262.518 113.932 -6
      vertex 262.765 113.848 -6
    endloop
  endfacet
  facet normal 0.997886 0.0649964 0
    outer loop
      vertex 260.017 111.739 4
      vertex 260 112 0
      vertex 260 112 4
    endloop
  endfacet
  facet normal 0.997886 0.0649964 0
    outer loop
      vertex 260 112 0
      vertex 260.017 111.739 4
      vertex 260.017 111.739 0
    endloop
  endfacet
  facet normal -0.896705 -0.442629 0
    outer loop
      vertex 263.848 112.765 -6
      vertex 263.732 113 4
      vertex 263.732 113 -6
    endloop
  endfacet
  facet normal -0.896705 -0.442629 0
    outer loop
      vertex 263.732 113 4
      vertex 263.848 112.765 -6
      vertex 263.848 112.765 4
    endloop
  endfacet
  facet normal -0.946749 -0.321971 0
    outer loop
      vertex 263.932 112.518 -6
      vertex 263.848 112.765 4
      vertex 263.848 112.765 -6
    endloop
  endfacet
  facet normal -0.946749 -0.321971 0
    outer loop
      vertex 263.848 112.765 4
      vertex 263.932 112.518 -6
      vertex 263.932 112.518 4
    endloop
  endfacet
  facet normal -0.321971 0.946749 0
    outer loop
      vertex 262.765 110.152 0
      vertex 262.518 110.068 4
      vertex 262.765 110.152 4
    endloop
  endfacet
  facet normal -0.321971 0.946749 0
    outer loop
      vertex 262.518 110.068 4
      vertex 262.765 110.152 0
      vertex 262.518 110.068 0
    endloop
  endfacet
  facet normal 0.194648 0.980873 -0
    outer loop
      vertex 261.739 110.017 0
      vertex 261.482 110.068 4
      vertex 261.739 110.017 4
    endloop
  endfacet
  facet normal 0.194648 0.980873 0
    outer loop
      vertex 261.482 110.068 4
      vertex 261.739 110.017 0
      vertex 261.482 110.068 0
    endloop
  endfacet
  facet normal 0.661748 0.749726 -0
    outer loop
      vertex 260.782 110.413 0
      vertex 260.586 110.586 4
      vertex 260.782 110.413 4
    endloop
  endfacet
  facet normal 0.661748 0.749726 0
    outer loop
      vertex 260.586 110.586 4
      vertex 260.782 110.413 0
      vertex 260.586 110.586 0
    endloop
  endfacet
  facet normal 0.83205 -0.5547 0
    outer loop
      vertex 260.413 113.218 4
      vertex 260.301 113.05 0
      vertex 260.413 113.218 -6
    endloop
  endfacet
  facet normal 0.832637 -0.553818 -5.34721e-05
    outer loop
      vertex 260.268 113 4
      vertex 260.301 113.05 0
      vertex 260.413 113.218 4
    endloop
  endfacet
  facet normal 0.834609 -0.550842 0
    outer loop
      vertex 260.301 113.05 0
      vertex 260.268 113 4
      vertex 260.268 113 0
    endloop
  endfacet
  facet normal 0.83205 -0.5547 0
    outer loop
      vertex 260.413 113.218 -6
      vertex 260.301 113.05 0
      vertex 260.301 113.05 -6
    endloop
  endfacet
  facet normal 0.442629 0.896705 -0
    outer loop
      vertex 261.235 110.152 0
      vertex 261 110.268 4
      vertex 261.235 110.152 4
    endloop
  endfacet
  facet normal 0.442629 0.896705 0
    outer loop
      vertex 261 110.268 4
      vertex 261.235 110.152 0
      vertex 261 110.268 0
    endloop
  endfacet
  facet normal -1 0 0
    outer loop
      vertex 170 100 0
      vertex 170 112 1
      vertex 170 112 0
    endloop
  endfacet
  facet normal -1 -0 0
    outer loop
      vertex 170 112 1
      vertex 170 100 0
      vertex 170 100 1
    endloop
  endfacet
  facet normal 0 0 -1
    outer loop
      vertex 100 100 1
      vertex 170 112 1
      vertex 170 100 1
    endloop
  endfacet
  facet normal -0 0 -1
    outer loop
      vertex 170 112 1
      vertex 100 100 1
      vertex 100 112 1
    endloop
  endfacet
  facet normal 1 -0 0
    outer loop
      vertex 100 100 1
      vertex 100 112 0
      vertex 100 112 1
    endloop
  endfacet
  facet normal 1 0 0
    outer loop
      vertex 100 112 0
      vertex 100 100 1
      vertex 100 100 0
    endloop
  endfacet
  facet normal 0 -1 0
    outer loop
      vertex 100 112 0
      vertex 170 112 1
      vertex 100 112 1
    endloop
  endfacet
  facet normal 0 -1 -0
    outer loop
      vertex 170 112 1
      vertex 100 112 0
      vertex 170 112 0
    endloop
  endfacet
  facet normal 0 1 -0
    outer loop
      vertex 170 100 0
      vertex 100 100 1
      vertex 170 100 1
    endloop
  endfacet
  facet normal 0 1 0
    outer loop
      vertex 100 100 1
      vertex 170 100 0
      vertex 100 100 0
    endloop
  endfacet
endsolid OpenSCAD_Model
