solid OpenSCAD_Model
  facet normal -0.19587 0.98063 0
    outer loop
      vertex 6.95579 119.932 0
      vertex 5.92945 119.727 62
      vertex 6.95579 119.932 62
    endloop
  endfacet
  facet normal -0.19587 0.98063 0
    outer loop
      vertex 5.92945 119.727 62
      vertex 6.95579 119.932 0
      vertex 5.92945 119.727 0
    endloop
  endfacet
  facet normal 0.831635 -0.555322 0
    outer loop
      vertex 268.347 3.12991 62
      vertex 268.928 4 0
      vertex 268.928 4 62
    endloop
  endfacet
  facet normal 0.831635 -0.555322 0
    outer loop
      vertex 268.928 4 0
      vertex 268.347 3.12991 62
      vertex 268.347 3.12991 0
    endloop
  endfacet
  facet normal 0.751925 0.659248 0
    outer loop
      vertex 268.347 116.87 62
      vertex 267.657 117.657 0
      vertex 267.657 117.657 62
    endloop
  endfacet
  facet normal 0.751925 0.659248 0
    outer loop
      vertex 267.657 117.657 0
      vertex 268.347 116.87 62
      vertex 268.347 116.87 0
    endloop
  endfacet
  facet normal 0 0 -1
    outer loop
      vertex 9.61679 8.6697 0
      vertex 260.383 8.6697 0
      vertex 9.69037 8.45293 0
    endloop
  endfacet
  facet normal 0 0 -1
    outer loop
      vertex 260.383 111.33 0
      vertex 9.73503 111.772 0
      vertex 9.75 112 0
    endloop
  endfacet
  facet normal 0 0 -1
    outer loop
      vertex 260.383 8.6697 0
      vertex 9.61679 8.6697 0
      vertex 260.383 111.33 0
    endloop
  endfacet
  facet normal 0 0 -1
    outer loop
      vertex 260.383 111.33 0
      vertex 9.69037 111.547 0
      vertex 9.73503 111.772 0
    endloop
  endfacet
  facet normal 0 0 -1
    outer loop
      vertex 9.61679 111.33 0
      vertex 260.383 111.33 0
      vertex 9.61679 8.6697 0
    endloop
  endfacet
  facet normal 0 0 -1
    outer loop
      vertex 260.383 111.33 0
      vertex 9.61679 111.33 0
      vertex 9.69037 111.547 0
    endloop
  endfacet
  facet normal 0 0 -1
    outer loop
      vertex 9.51554 8.875 0
      vertex 9.61679 111.33 0
      vertex 9.61679 8.6697 0
    endloop
  endfacet
  facet normal 0 0 -1
    outer loop
      vertex 9.51554 8.875 0
      vertex 9.51554 111.125 0
      vertex 9.61679 111.33 0
    endloop
  endfacet
  facet normal 0 0 -1
    outer loop
      vertex 9.38837 9.06533 0
      vertex 9.51554 111.125 0
      vertex 9.51554 8.875 0
    endloop
  endfacet
  facet normal 0 0 -1
    outer loop
      vertex 9.38837 9.06533 0
      vertex 9.38837 110.935 0
      vertex 9.51554 111.125 0
    endloop
  endfacet
  facet normal 0 0 -1
    outer loop
      vertex 9.23744 9.23744 0
      vertex 9.38837 110.935 0
      vertex 9.38837 9.06533 0
    endloop
  endfacet
  facet normal 0 0 -1
    outer loop
      vertex 9.23744 9.23744 0
      vertex 9.23744 110.763 0
      vertex 9.38837 110.935 0
    endloop
  endfacet
  facet normal 0 0 -1
    outer loop
      vertex 9.06533 9.38837 0
      vertex 9.23744 110.763 0
      vertex 9.23744 9.23744 0
    endloop
  endfacet
  facet normal 0 0 -1
    outer loop
      vertex 9.06533 9.38837 0
      vertex 9.06533 110.612 0
      vertex 9.23744 110.763 0
    endloop
  endfacet
  facet normal 0 0 -1
    outer loop
      vertex 8.875 9.51554 0
      vertex 9.06533 110.612 0
      vertex 9.06533 9.38837 0
    endloop
  endfacet
  facet normal 0 0 -1
    outer loop
      vertex 8.875 9.51554 0
      vertex 8.875 110.484 0
      vertex 9.06533 110.612 0
    endloop
  endfacet
  facet normal 0 0 -1
    outer loop
      vertex 8.6697 9.61679 0
      vertex 8.875 110.484 0
      vertex 8.875 9.51554 0
    endloop
  endfacet
  facet normal 0 0 -1
    outer loop
      vertex 8.6697 9.61679 0
      vertex 8.6697 110.383 0
      vertex 8.875 110.484 0
    endloop
  endfacet
  facet normal 0 0 -1
    outer loop
      vertex 8.45293 9.69037 0
      vertex 8.6697 110.383 0
      vertex 8.6697 9.61679 0
    endloop
  endfacet
  facet normal 0 0 -1
    outer loop
      vertex 8.45293 9.69037 0
      vertex 8.45293 110.31 0
      vertex 8.6697 110.383 0
    endloop
  endfacet
  facet normal 0 0 -1
    outer loop
      vertex 8.22842 9.73503 0
      vertex 8.45293 110.31 0
      vertex 8.45293 9.69037 0
    endloop
  endfacet
  facet normal 0 0 -1
    outer loop
      vertex 8.22842 9.73503 0
      vertex 8.22842 110.265 0
      vertex 8.45293 110.31 0
    endloop
  endfacet
  facet normal 0 0 -1
    outer loop
      vertex 8 9.75 0
      vertex 8.22842 110.265 0
      vertex 8.22842 9.73503 0
    endloop
  endfacet
  facet normal 0 0 -1
    outer loop
      vertex 8 9.75 0
      vertex 8 110.25 0
      vertex 8.22842 110.265 0
    endloop
  endfacet
  facet normal 0 0 -1
    outer loop
      vertex 7.77158 9.73503 0
      vertex 8 110.25 0
      vertex 8 9.75 0
    endloop
  endfacet
  facet normal 0 0 -1
    outer loop
      vertex 7.77158 9.73503 0
      vertex 7.77158 110.265 0
      vertex 8 110.25 0
    endloop
  endfacet
  facet normal 0 0 -1
    outer loop
      vertex 7.54707 9.69037 0
      vertex 7.77158 110.265 0
      vertex 7.77158 9.73503 0
    endloop
  endfacet
  facet normal 0 0 -1
    outer loop
      vertex 7.54707 9.69037 0
      vertex 7.54707 110.31 0
      vertex 7.77158 110.265 0
    endloop
  endfacet
  facet normal 0 0 -1
    outer loop
      vertex 0 8 0
      vertex 7.54707 9.69037 0
      vertex 7.3303 9.61679 0
    endloop
  endfacet
  facet normal -0 0 -1
    outer loop
      vertex 7.54707 9.69037 0
      vertex 0 8 0
      vertex 7.54707 110.31 0
    endloop
  endfacet
  facet normal 0 0 -1
    outer loop
      vertex 0 8 0
      vertex 7.3303 9.61679 0
      vertex 7.125 9.51554 0
    endloop
  endfacet
  facet normal 0 0 -1
    outer loop
      vertex 0 112 0
      vertex 7.54707 110.31 0
      vertex 0 8 0
    endloop
  endfacet
  facet normal 0 0 -1
    outer loop
      vertex 0 8 0
      vertex 7.125 9.51554 0
      vertex 6.93467 9.38837 0
    endloop
  endfacet
  facet normal 0 0 -1
    outer loop
      vertex 7.54707 110.31 0
      vertex 0 112 0
      vertex 7.3303 110.383 0
    endloop
  endfacet
  facet normal 0 0 -1
    outer loop
      vertex 0 8 0
      vertex 6.93467 9.38837 0
      vertex 6.76256 9.23744 0
    endloop
  endfacet
  facet normal 0 0 -1
    outer loop
      vertex 7.3303 110.383 0
      vertex 0 112 0
      vertex 7.125 110.484 0
    endloop
  endfacet
  facet normal 0 0 -1
    outer loop
      vertex 0 8 0
      vertex 6.76256 9.23744 0
      vertex 6.61163 9.06533 0
    endloop
  endfacet
  facet normal 0 0 -1
    outer loop
      vertex 7.125 110.484 0
      vertex 0 112 0
      vertex 6.93467 110.612 0
    endloop
  endfacet
  facet normal 0 0 -1
    outer loop
      vertex 0 8 0
      vertex 6.61163 9.06533 0
      vertex 6.48446 8.875 0
    endloop
  endfacet
  facet normal 0 0 -1
    outer loop
      vertex 6.93467 110.612 0
      vertex 0 112 0
      vertex 6.76256 110.763 0
    endloop
  endfacet
  facet normal 0 0 -1
    outer loop
      vertex 0 8 0
      vertex 6.48446 8.875 0
      vertex 6.38321 8.6697 0
    endloop
  endfacet
  facet normal 0 0 -1
    outer loop
      vertex 6.76256 110.763 0
      vertex 0 112 0
      vertex 6.61163 110.935 0
    endloop
  endfacet
  facet normal 0 0 -1
    outer loop
      vertex 0 8 0
      vertex 6.38321 8.6697 0
      vertex 6.30963 8.45293 0
    endloop
  endfacet
  facet normal 0 0 -1
    outer loop
      vertex 6.61163 110.935 0
      vertex 0 112 0
      vertex 6.48446 111.125 0
    endloop
  endfacet
  facet normal 0 0 -1
    outer loop
      vertex 0 8 0
      vertex 6.30963 8.45293 0
      vertex 6.26497 8.22842 0
    endloop
  endfacet
  facet normal 0 0 -1
    outer loop
      vertex 6.48446 111.125 0
      vertex 0 112 0
      vertex 6.38321 111.33 0
    endloop
  endfacet
  facet normal 0 0 -1
    outer loop
      vertex 0 8 0
      vertex 6.26497 8.22842 0
      vertex 6.25 8 0
    endloop
  endfacet
  facet normal 0 0 -1
    outer loop
      vertex 6.38321 111.33 0
      vertex 0 112 0
      vertex 6.30963 111.547 0
    endloop
  endfacet
  facet normal 0 0 -1
    outer loop
      vertex 263.617 8.6697 0
      vertex 270 8 0
      vertex 263.69 8.45293 0
    endloop
  endfacet
  facet normal -0 0 -1
    outer loop
      vertex 270 112 0
      vertex 263.735 111.772 0
      vertex 263.75 112 0
    endloop
  endfacet
  facet normal 0 0 -1
    outer loop
      vertex 263.516 8.875 0
      vertex 270 8 0
      vertex 263.617 8.6697 0
    endloop
  endfacet
  facet normal 0 0 -1
    outer loop
      vertex 270 112 0
      vertex 263.69 111.547 0
      vertex 263.735 111.772 0
    endloop
  endfacet
  facet normal 0 0 -1
    outer loop
      vertex 263.388 9.06533 0
      vertex 270 8 0
      vertex 263.516 8.875 0
    endloop
  endfacet
  facet normal 0 0 -1
    outer loop
      vertex 270 112 0
      vertex 263.617 111.33 0
      vertex 263.69 111.547 0
    endloop
  endfacet
  facet normal 0 0 -1
    outer loop
      vertex 263.237 9.23744 0
      vertex 270 8 0
      vertex 263.388 9.06533 0
    endloop
  endfacet
  facet normal 0 0 -1
    outer loop
      vertex 270 112 0
      vertex 263.516 111.125 0
      vertex 263.617 111.33 0
    endloop
  endfacet
  facet normal 0 0 -1
    outer loop
      vertex 263.065 9.38837 0
      vertex 270 8 0
      vertex 263.237 9.23744 0
    endloop
  endfacet
  facet normal 0 0 -1
    outer loop
      vertex 270 112 0
      vertex 263.388 110.935 0
      vertex 263.516 111.125 0
    endloop
  endfacet
  facet normal 0 0 -1
    outer loop
      vertex 262.875 9.51554 0
      vertex 270 8 0
      vertex 263.065 9.38837 0
    endloop
  endfacet
  facet normal 0 0 -1
    outer loop
      vertex 270 112 0
      vertex 263.237 110.763 0
      vertex 263.388 110.935 0
    endloop
  endfacet
  facet normal 0 0 -1
    outer loop
      vertex 262.67 9.61679 0
      vertex 270 8 0
      vertex 262.875 9.51554 0
    endloop
  endfacet
  facet normal 0 0 -1
    outer loop
      vertex 270 112 0
      vertex 263.065 110.612 0
      vertex 263.237 110.763 0
    endloop
  endfacet
  facet normal 0 0 -1
    outer loop
      vertex 262.453 9.69037 0
      vertex 270 8 0
      vertex 262.67 9.61679 0
    endloop
  endfacet
  facet normal 0 0 -1
    outer loop
      vertex 270 112 0
      vertex 262.875 110.484 0
      vertex 263.065 110.612 0
    endloop
  endfacet
  facet normal 0 0 -1
    outer loop
      vertex 270 8 0
      vertex 262.453 9.69037 0
      vertex 270 112 0
    endloop
  endfacet
  facet normal 0 0 -1
    outer loop
      vertex 270 112 0
      vertex 262.67 110.383 0
      vertex 262.875 110.484 0
    endloop
  endfacet
  facet normal 0 0 -1
    outer loop
      vertex 262.453 110.31 0
      vertex 270 112 0
      vertex 262.453 9.69037 0
    endloop
  endfacet
  facet normal 0 0 -1
    outer loop
      vertex 270 112 0
      vertex 262.453 110.31 0
      vertex 262.67 110.383 0
    endloop
  endfacet
  facet normal 0 0 -1
    outer loop
      vertex 262.228 9.73503 0
      vertex 262.453 110.31 0
      vertex 262.453 9.69037 0
    endloop
  endfacet
  facet normal 0 0 -1
    outer loop
      vertex 262.228 9.73503 0
      vertex 262.228 110.265 0
      vertex 262.453 110.31 0
    endloop
  endfacet
  facet normal 0 0 -1
    outer loop
      vertex 262 9.75 0
      vertex 262.228 110.265 0
      vertex 262.228 9.73503 0
    endloop
  endfacet
  facet normal 0 0 -1
    outer loop
      vertex 262 9.75 0
      vertex 262 110.25 0
      vertex 262.228 110.265 0
    endloop
  endfacet
  facet normal 0 0 -1
    outer loop
      vertex 261.772 9.73503 0
      vertex 262 110.25 0
      vertex 262 9.75 0
    endloop
  endfacet
  facet normal 0 0 -1
    outer loop
      vertex 261.772 9.73503 0
      vertex 261.772 110.265 0
      vertex 262 110.25 0
    endloop
  endfacet
  facet normal 0 0 -1
    outer loop
      vertex 261.547 9.69037 0
      vertex 261.772 110.265 0
      vertex 261.772 9.73503 0
    endloop
  endfacet
  facet normal 0 0 -1
    outer loop
      vertex 261.547 9.69037 0
      vertex 261.547 110.31 0
      vertex 261.772 110.265 0
    endloop
  endfacet
  facet normal 0 0 -1
    outer loop
      vertex 261.33 9.61679 0
      vertex 261.547 110.31 0
      vertex 261.547 9.69037 0
    endloop
  endfacet
  facet normal 0 0 -1
    outer loop
      vertex 261.33 9.61679 0
      vertex 261.33 110.383 0
      vertex 261.547 110.31 0
    endloop
  endfacet
  facet normal 0 0 -1
    outer loop
      vertex 261.125 9.51554 0
      vertex 261.33 110.383 0
      vertex 261.33 9.61679 0
    endloop
  endfacet
  facet normal 0 0 -1
    outer loop
      vertex 261.125 9.51554 0
      vertex 261.125 110.484 0
      vertex 261.33 110.383 0
    endloop
  endfacet
  facet normal 0 0 -1
    outer loop
      vertex 260.935 9.38837 0
      vertex 261.125 110.484 0
      vertex 261.125 9.51554 0
    endloop
  endfacet
  facet normal 0 0 -1
    outer loop
      vertex 260.935 9.38837 0
      vertex 260.935 110.612 0
      vertex 261.125 110.484 0
    endloop
  endfacet
  facet normal 0 0 -1
    outer loop
      vertex 260.763 9.23744 0
      vertex 260.935 110.612 0
      vertex 260.935 9.38837 0
    endloop
  endfacet
  facet normal 0 0 -1
    outer loop
      vertex 260.763 9.23744 0
      vertex 260.763 110.763 0
      vertex 260.935 110.612 0
    endloop
  endfacet
  facet normal 0 0 -1
    outer loop
      vertex 260.612 9.06533 0
      vertex 260.763 110.763 0
      vertex 260.763 9.23744 0
    endloop
  endfacet
  facet normal 0 0 -1
    outer loop
      vertex 260.612 9.06533 0
      vertex 260.612 110.935 0
      vertex 260.763 110.763 0
    endloop
  endfacet
  facet normal 0 0 -1
    outer loop
      vertex 260.484 8.875 0
      vertex 260.612 110.935 0
      vertex 260.612 9.06533 0
    endloop
  endfacet
  facet normal 0 0 -1
    outer loop
      vertex 260.484 8.875 0
      vertex 260.484 111.125 0
      vertex 260.612 110.935 0
    endloop
  endfacet
  facet normal 0 0 -1
    outer loop
      vertex 260.383 8.6697 0
      vertex 260.484 111.125 0
      vertex 260.484 8.875 0
    endloop
  endfacet
  facet normal 0 0 -1
    outer loop
      vertex 260.383 8.6697 0
      vertex 260.383 111.33 0
      vertex 260.484 111.125 0
    endloop
  endfacet
  facet normal 0 0 -1
    outer loop
      vertex 260.265 8.22842 0
      vertex 9.73503 8.22842 0
      vertex 260.31 8.45293 0
    endloop
  endfacet
  facet normal 0 0 -1
    outer loop
      vertex 9.69037 8.45293 0
      vertex 260.31 8.45293 0
      vertex 9.73503 8.22842 0
    endloop
  endfacet
  facet normal 0 0 -1
    outer loop
      vertex 9.73503 8.22842 0
      vertex 260.265 8.22842 0
      vertex 9.75 8 0
    endloop
  endfacet
  facet normal 0 0 -1
    outer loop
      vertex 260.31 8.45293 0
      vertex 9.69037 8.45293 0
      vertex 260.383 8.6697 0
    endloop
  endfacet
  facet normal 0 0 -1
    outer loop
      vertex 9.75 8 0
      vertex 260.265 8.22842 0
      vertex 260.25 8 0
    endloop
  endfacet
  facet normal 0 0 -1
    outer loop
      vertex 260.383 111.33 0
      vertex 9.75 112 0
      vertex 260.31 111.547 0
    endloop
  endfacet
  facet normal 0 0 -1
    outer loop
      vertex 263.75 8 0
      vertex 270 8 0
      vertex 269.932 6.95579 0
    endloop
  endfacet
  facet normal 0 0 -1
    outer loop
      vertex 263.735 8.22842 0
      vertex 270 8 0
      vertex 263.75 8 0
    endloop
  endfacet
  facet normal 0 0 -1
    outer loop
      vertex 263.735 7.77158 0
      vertex 269.932 6.95579 0
      vertex 269.727 5.92945 0
    endloop
  endfacet
  facet normal 0 0 -1
    outer loop
      vertex 263.69 8.45293 0
      vertex 270 8 0
      vertex 263.735 8.22842 0
    endloop
  endfacet
  facet normal 0 0 -1
    outer loop
      vertex 263.69 7.54707 0
      vertex 269.727 5.92945 0
      vertex 269.391 4.93853 0
    endloop
  endfacet
  facet normal 0 0 -1
    outer loop
      vertex 270 112 0
      vertex 263.75 112 0
      vertex 269.932 113.044 0
    endloop
  endfacet
  facet normal 0 0 -1
    outer loop
      vertex 263.617 7.3303 0
      vertex 269.391 4.93853 0
      vertex 268.928 4 0
    endloop
  endfacet
  facet normal 0 0 -1
    outer loop
      vertex 263.735 112.228 0
      vertex 269.932 113.044 0
      vertex 263.75 112 0
    endloop
  endfacet
  facet normal 0 0 -1
    outer loop
      vertex 263.516 7.125 0
      vertex 268.928 4 0
      vertex 268.347 3.12991 0
    endloop
  endfacet
  facet normal -0 0 -1
    outer loop
      vertex 269.932 113.044 0
      vertex 263.735 112.228 0
      vertex 269.727 114.071 0
    endloop
  endfacet
  facet normal 0 0 -1
    outer loop
      vertex 263.388 6.93467 0
      vertex 268.347 3.12991 0
      vertex 267.657 2.34315 0
    endloop
  endfacet
  facet normal 0 0 -1
    outer loop
      vertex 263.69 112.453 0
      vertex 269.727 114.071 0
      vertex 263.735 112.228 0
    endloop
  endfacet
  facet normal 0 0 -1
    outer loop
      vertex 263.237 6.76256 0
      vertex 267.657 2.34315 0
      vertex 266.87 1.65317 0
    endloop
  endfacet
  facet normal -0 0 -1
    outer loop
      vertex 269.727 114.071 0
      vertex 263.69 112.453 0
      vertex 269.391 115.061 0
    endloop
  endfacet
  facet normal 0 0 -1
    outer loop
      vertex 263.065 6.61163 0
      vertex 266.87 1.65317 0
      vertex 266 1.0718 0
    endloop
  endfacet
  facet normal 0 0 -1
    outer loop
      vertex 263.617 112.67 0
      vertex 269.391 115.061 0
      vertex 263.69 112.453 0
    endloop
  endfacet
  facet normal 0 0 -1
    outer loop
      vertex 262.875 6.48446 0
      vertex 266 1.0718 0
      vertex 265.061 0.608963 0
    endloop
  endfacet
  facet normal -0 0 -1
    outer loop
      vertex 269.391 115.061 0
      vertex 263.617 112.67 0
      vertex 268.928 116 0
    endloop
  endfacet
  facet normal 0 0 -1
    outer loop
      vertex 262.67 6.38321 0
      vertex 265.061 0.608963 0
      vertex 264.071 0.272593 0
    endloop
  endfacet
  facet normal 0 0 -1
    outer loop
      vertex 263.516 112.875 0
      vertex 268.928 116 0
      vertex 263.617 112.67 0
    endloop
  endfacet
  facet normal -0 0 -1
    outer loop
      vertex 268.928 116 0
      vertex 263.516 112.875 0
      vertex 268.347 116.87 0
    endloop
  endfacet
  facet normal 0 0 -1
    outer loop
      vertex 269.932 6.95579 0
      vertex 263.735 7.77158 0
      vertex 263.75 8 0
    endloop
  endfacet
  facet normal 0 0 -1
    outer loop
      vertex 269.727 5.92945 0
      vertex 263.69 7.54707 0
      vertex 263.735 7.77158 0
    endloop
  endfacet
  facet normal 0 0 -1
    outer loop
      vertex 269.391 4.93853 0
      vertex 263.617 7.3303 0
      vertex 263.69 7.54707 0
    endloop
  endfacet
  facet normal 0 0 -1
    outer loop
      vertex 268.928 4 0
      vertex 263.516 7.125 0
      vertex 263.617 7.3303 0
    endloop
  endfacet
  facet normal 0 0 -1
    outer loop
      vertex 268.347 3.12991 0
      vertex 263.388 6.93467 0
      vertex 263.516 7.125 0
    endloop
  endfacet
  facet normal 0 0 -1
    outer loop
      vertex 267.657 2.34315 0
      vertex 263.237 6.76256 0
      vertex 263.388 6.93467 0
    endloop
  endfacet
  facet normal 0 0 -1
    outer loop
      vertex 266.87 1.65317 0
      vertex 263.065 6.61163 0
      vertex 263.237 6.76256 0
    endloop
  endfacet
  facet normal 0 0 -1
    outer loop
      vertex 262.453 6.30963 0
      vertex 264.071 0.272593 0
      vertex 263.044 0.0684404 0
    endloop
  endfacet
  facet normal 0 0 -1
    outer loop
      vertex 266 1.0718 0
      vertex 262.875 6.48446 0
      vertex 263.065 6.61163 0
    endloop
  endfacet
  facet normal 0 0 -1
    outer loop
      vertex 265.061 0.608963 0
      vertex 262.67 6.38321 0
      vertex 262.875 6.48446 0
    endloop
  endfacet
  facet normal 0 0 -1
    outer loop
      vertex 264.071 0.272593 0
      vertex 262.453 6.30963 0
      vertex 262.67 6.38321 0
    endloop
  endfacet
  facet normal 0 0 -1
    outer loop
      vertex 263.044 0.0684404 0
      vertex 262.228 6.26497 0
      vertex 262.453 6.30963 0
    endloop
  endfacet
  facet normal 0 0 -1
    outer loop
      vertex 262 0 0
      vertex 262.228 6.26497 0
      vertex 263.044 0.0684404 0
    endloop
  endfacet
  facet normal 0 0 -1
    outer loop
      vertex 262 0 0
      vertex 262 6.25 0
      vertex 262.228 6.26497 0
    endloop
  endfacet
  facet normal 0 0 -1
    outer loop
      vertex 262 0 0
      vertex 261.772 6.26497 0
      vertex 262 6.25 0
    endloop
  endfacet
  facet normal 0 0 -1
    outer loop
      vertex 262 0 0
      vertex 261.547 6.30963 0
      vertex 261.772 6.26497 0
    endloop
  endfacet
  facet normal 0 0 -1
    outer loop
      vertex 262 0 0
      vertex 261.33 6.38321 0
      vertex 261.547 6.30963 0
    endloop
  endfacet
  facet normal 0 0 -1
    outer loop
      vertex 262 0 0
      vertex 261.125 6.48446 0
      vertex 261.33 6.38321 0
    endloop
  endfacet
  facet normal 0 0 -1
    outer loop
      vertex 262 0 0
      vertex 260.935 6.61163 0
      vertex 261.125 6.48446 0
    endloop
  endfacet
  facet normal 0 0 -1
    outer loop
      vertex 262 0 0
      vertex 260.763 6.76256 0
      vertex 260.935 6.61163 0
    endloop
  endfacet
  facet normal 0 0 -1
    outer loop
      vertex 262 0 0
      vertex 260.612 6.93467 0
      vertex 260.763 6.76256 0
    endloop
  endfacet
  facet normal 0 0 -1
    outer loop
      vertex 262 0 0
      vertex 260.484 7.125 0
      vertex 260.612 6.93467 0
    endloop
  endfacet
  facet normal 0 0 -1
    outer loop
      vertex 262 0 0
      vertex 260.383 7.3303 0
      vertex 260.484 7.125 0
    endloop
  endfacet
  facet normal 0 0 -1
    outer loop
      vertex 262 0 0
      vertex 260.31 7.54707 0
      vertex 260.383 7.3303 0
    endloop
  endfacet
  facet normal 0 0 -1
    outer loop
      vertex 260.31 111.547 0
      vertex 9.75 112 0
      vertex 260.265 111.772 0
    endloop
  endfacet
  facet normal 0 0 -1
    outer loop
      vertex 260.265 7.77158 0
      vertex 9.75 8 0
      vertex 260.25 8 0
    endloop
  endfacet
  facet normal 0 0 -1
    outer loop
      vertex 9.73503 7.77158 0
      vertex 260.265 7.77158 0
      vertex 260.31 7.54707 0
    endloop
  endfacet
  facet normal 0 0 -1
    outer loop
      vertex 9.69037 7.54707 0
      vertex 260.31 7.54707 0
      vertex 262 0 0
    endloop
  endfacet
  facet normal 0 0 -1
    outer loop
      vertex 260.265 7.77158 0
      vertex 9.73503 7.77158 0
      vertex 9.75 8 0
    endloop
  endfacet
  facet normal 0 0 -1
    outer loop
      vertex 260.31 7.54707 0
      vertex 9.69037 7.54707 0
      vertex 9.73503 7.77158 0
    endloop
  endfacet
  facet normal 0 0 -1
    outer loop
      vertex 8 0 0
      vertex 9.69037 7.54707 0
      vertex 262 0 0
    endloop
  endfacet
  facet normal 0 0 -1
    outer loop
      vertex 9.69037 7.54707 0
      vertex 8 0 0
      vertex 9.61679 7.3303 0
    endloop
  endfacet
  facet normal 0 0 -1
    outer loop
      vertex 9.61679 7.3303 0
      vertex 8 0 0
      vertex 9.51554 7.125 0
    endloop
  endfacet
  facet normal 0 0 -1
    outer loop
      vertex 9.51554 7.125 0
      vertex 8 0 0
      vertex 9.38837 6.93467 0
    endloop
  endfacet
  facet normal 0 0 -1
    outer loop
      vertex 9.38837 6.93467 0
      vertex 8 0 0
      vertex 9.23744 6.76256 0
    endloop
  endfacet
  facet normal 0 0 -1
    outer loop
      vertex 9.23744 6.76256 0
      vertex 8 0 0
      vertex 9.06533 6.61163 0
    endloop
  endfacet
  facet normal 0 0 -1
    outer loop
      vertex 9.06533 6.61163 0
      vertex 8 0 0
      vertex 8.875 6.48446 0
    endloop
  endfacet
  facet normal 0 0 -1
    outer loop
      vertex 8.875 6.48446 0
      vertex 8 0 0
      vertex 8.6697 6.38321 0
    endloop
  endfacet
  facet normal 0 0 -1
    outer loop
      vertex 8.6697 6.38321 0
      vertex 8 0 0
      vertex 8.45293 6.30963 0
    endloop
  endfacet
  facet normal 0 0 -1
    outer loop
      vertex 8.45293 6.30963 0
      vertex 8 0 0
      vertex 8.22842 6.26497 0
    endloop
  endfacet
  facet normal 0 0 -1
    outer loop
      vertex 8 0 0
      vertex 8 6.25 0
      vertex 8.22842 6.26497 0
    endloop
  endfacet
  facet normal 0 0 -1
    outer loop
      vertex 8 0 0
      vertex 7.77158 6.26497 0
      vertex 8 6.25 0
    endloop
  endfacet
  facet normal 0 0 -1
    outer loop
      vertex 6.95579 0.0684404 0
      vertex 7.77158 6.26497 0
      vertex 8 0 0
    endloop
  endfacet
  facet normal -0 0 -1
    outer loop
      vertex 7.77158 6.26497 0
      vertex 6.95579 0.0684404 0
      vertex 7.54707 6.30963 0
    endloop
  endfacet
  facet normal 0 0 -1
    outer loop
      vertex 5.92945 0.272593 0
      vertex 7.54707 6.30963 0
      vertex 6.95579 0.0684404 0
    endloop
  endfacet
  facet normal -0 0 -1
    outer loop
      vertex 7.54707 6.30963 0
      vertex 5.92945 0.272593 0
      vertex 7.3303 6.38321 0
    endloop
  endfacet
  facet normal 0 0 -1
    outer loop
      vertex 4.93853 0.608963 0
      vertex 7.3303 6.38321 0
      vertex 5.92945 0.272593 0
    endloop
  endfacet
  facet normal -0 0 -1
    outer loop
      vertex 7.3303 6.38321 0
      vertex 4.93853 0.608963 0
      vertex 7.125 6.48446 0
    endloop
  endfacet
  facet normal 0 0 -1
    outer loop
      vertex 4 1.0718 0
      vertex 7.125 6.48446 0
      vertex 4.93853 0.608963 0
    endloop
  endfacet
  facet normal -0 0 -1
    outer loop
      vertex 7.125 6.48446 0
      vertex 4 1.0718 0
      vertex 6.93467 6.61163 0
    endloop
  endfacet
  facet normal 0 0 -1
    outer loop
      vertex 3.12991 1.65317 0
      vertex 6.93467 6.61163 0
      vertex 4 1.0718 0
    endloop
  endfacet
  facet normal -0 0 -1
    outer loop
      vertex 6.93467 6.61163 0
      vertex 3.12991 1.65317 0
      vertex 6.76256 6.76256 0
    endloop
  endfacet
  facet normal 0 0 -1
    outer loop
      vertex 2.34315 2.34315 0
      vertex 6.76256 6.76256 0
      vertex 3.12991 1.65317 0
    endloop
  endfacet
  facet normal -0 0 -1
    outer loop
      vertex 6.61163 6.93467 0
      vertex 1.65317 3.12991 0
      vertex 6.48446 7.125 0
    endloop
  endfacet
  facet normal 0 0 -1
    outer loop
      vertex 1.65317 3.12991 0
      vertex 6.61163 6.93467 0
      vertex 2.34315 2.34315 0
    endloop
  endfacet
  facet normal -0 0 -1
    outer loop
      vertex 6.76256 6.76256 0
      vertex 2.34315 2.34315 0
      vertex 6.61163 6.93467 0
    endloop
  endfacet
  facet normal 0 0 -1
    outer loop
      vertex 263.388 113.065 0
      vertex 268.347 116.87 0
      vertex 263.516 112.875 0
    endloop
  endfacet
  facet normal -0 0 -1
    outer loop
      vertex 268.347 116.87 0
      vertex 263.388 113.065 0
      vertex 267.657 117.657 0
    endloop
  endfacet
  facet normal 0 0 -1
    outer loop
      vertex 263.237 113.237 0
      vertex 267.657 117.657 0
      vertex 263.388 113.065 0
    endloop
  endfacet
  facet normal -0 0 -1
    outer loop
      vertex 267.657 117.657 0
      vertex 263.237 113.237 0
      vertex 266.87 118.347 0
    endloop
  endfacet
  facet normal 0 0 -1
    outer loop
      vertex 263.065 113.388 0
      vertex 266.87 118.347 0
      vertex 263.237 113.237 0
    endloop
  endfacet
  facet normal -0 0 -1
    outer loop
      vertex 266.87 118.347 0
      vertex 263.065 113.388 0
      vertex 266 118.928 0
    endloop
  endfacet
  facet normal 0 0 -1
    outer loop
      vertex 262.875 113.516 0
      vertex 266 118.928 0
      vertex 263.065 113.388 0
    endloop
  endfacet
  facet normal -0 0 -1
    outer loop
      vertex 266 118.928 0
      vertex 262.875 113.516 0
      vertex 265.061 119.391 0
    endloop
  endfacet
  facet normal 0 0 -1
    outer loop
      vertex 262.67 113.617 0
      vertex 265.061 119.391 0
      vertex 262.875 113.516 0
    endloop
  endfacet
  facet normal -0 0 -1
    outer loop
      vertex 265.061 119.391 0
      vertex 262.67 113.617 0
      vertex 264.071 119.727 0
    endloop
  endfacet
  facet normal 0 0 -1
    outer loop
      vertex 262.453 113.69 0
      vertex 264.071 119.727 0
      vertex 262.67 113.617 0
    endloop
  endfacet
  facet normal -0 0 -1
    outer loop
      vertex 264.071 119.727 0
      vertex 262.453 113.69 0
      vertex 263.044 119.932 0
    endloop
  endfacet
  facet normal 0 0 -1
    outer loop
      vertex 262.228 113.735 0
      vertex 263.044 119.932 0
      vertex 262.453 113.69 0
    endloop
  endfacet
  facet normal 0 0 -1
    outer loop
      vertex 262 113.75 0
      vertex 263.044 119.932 0
      vertex 262.228 113.735 0
    endloop
  endfacet
  facet normal 0 0 -1
    outer loop
      vertex 262 113.75 0
      vertex 262 120 0
      vertex 263.044 119.932 0
    endloop
  endfacet
  facet normal 0 0 -1
    outer loop
      vertex 261.772 113.735 0
      vertex 262 120 0
      vertex 262 113.75 0
    endloop
  endfacet
  facet normal 0 0 -1
    outer loop
      vertex 261.547 113.69 0
      vertex 262 120 0
      vertex 261.772 113.735 0
    endloop
  endfacet
  facet normal 0 0 -1
    outer loop
      vertex 261.33 113.617 0
      vertex 262 120 0
      vertex 261.547 113.69 0
    endloop
  endfacet
  facet normal 0 0 -1
    outer loop
      vertex 261.125 113.516 0
      vertex 262 120 0
      vertex 261.33 113.617 0
    endloop
  endfacet
  facet normal 0 0 -1
    outer loop
      vertex 260.935 113.388 0
      vertex 262 120 0
      vertex 261.125 113.516 0
    endloop
  endfacet
  facet normal 0 0 -1
    outer loop
      vertex 260.763 113.237 0
      vertex 262 120 0
      vertex 260.935 113.388 0
    endloop
  endfacet
  facet normal 0 0 -1
    outer loop
      vertex 260.612 113.065 0
      vertex 262 120 0
      vertex 260.763 113.237 0
    endloop
  endfacet
  facet normal 0 0 -1
    outer loop
      vertex 260.484 112.875 0
      vertex 262 120 0
      vertex 260.612 113.065 0
    endloop
  endfacet
  facet normal 0 0 -1
    outer loop
      vertex 260.383 112.67 0
      vertex 262 120 0
      vertex 260.484 112.875 0
    endloop
  endfacet
  facet normal 0 0 -1
    outer loop
      vertex 260.31 112.453 0
      vertex 262 120 0
      vertex 260.383 112.67 0
    endloop
  endfacet
  facet normal 0 0 -1
    outer loop
      vertex 260.265 111.772 0
      vertex 9.75 112 0
      vertex 260.25 112 0
    endloop
  endfacet
  facet normal 0 0 -1
    outer loop
      vertex 260.25 112 0
      vertex 9.75 112 0
      vertex 260.265 112.228 0
    endloop
  endfacet
  facet normal 0 0 -1
    outer loop
      vertex 9.73503 112.228 0
      vertex 260.265 112.228 0
      vertex 9.75 112 0
    endloop
  endfacet
  facet normal 0 0 -1
    outer loop
      vertex 260.265 112.228 0
      vertex 9.73503 112.228 0
      vertex 260.31 112.453 0
    endloop
  endfacet
  facet normal 0 0 -1
    outer loop
      vertex 9.69037 112.453 0
      vertex 260.31 112.453 0
      vertex 9.73503 112.228 0
    endloop
  endfacet
  facet normal 0 0 -1
    outer loop
      vertex 260.31 112.453 0
      vertex 9.69037 112.453 0
      vertex 262 120 0
    endloop
  endfacet
  facet normal 0 0 -1
    outer loop
      vertex 8 120 0
      vertex 9.69037 112.453 0
      vertex 9.61679 112.67 0
    endloop
  endfacet
  facet normal 0 0 -1
    outer loop
      vertex 8 120 0
      vertex 9.61679 112.67 0
      vertex 9.51554 112.875 0
    endloop
  endfacet
  facet normal 0 0 -1
    outer loop
      vertex 8 120 0
      vertex 9.51554 112.875 0
      vertex 9.38837 113.065 0
    endloop
  endfacet
  facet normal 0 0 -1
    outer loop
      vertex 8 120 0
      vertex 9.38837 113.065 0
      vertex 9.23744 113.237 0
    endloop
  endfacet
  facet normal 0 0 -1
    outer loop
      vertex 8 120 0
      vertex 9.23744 113.237 0
      vertex 9.06533 113.388 0
    endloop
  endfacet
  facet normal 0 0 -1
    outer loop
      vertex 8 120 0
      vertex 9.06533 113.388 0
      vertex 8.875 113.516 0
    endloop
  endfacet
  facet normal 0 0 -1
    outer loop
      vertex 8 120 0
      vertex 8.875 113.516 0
      vertex 8.6697 113.617 0
    endloop
  endfacet
  facet normal 0 0 -1
    outer loop
      vertex 8 120 0
      vertex 8.6697 113.617 0
      vertex 8.45293 113.69 0
    endloop
  endfacet
  facet normal 0 0 -1
    outer loop
      vertex 8 120 0
      vertex 8.45293 113.69 0
      vertex 8.22842 113.735 0
    endloop
  endfacet
  facet normal 0 0 -1
    outer loop
      vertex 8 120 0
      vertex 8.22842 113.735 0
      vertex 8 113.75 0
    endloop
  endfacet
  facet normal 0 0 -1
    outer loop
      vertex 9.69037 112.453 0
      vertex 8 120 0
      vertex 262 120 0
    endloop
  endfacet
  facet normal 0 0 -1
    outer loop
      vertex 7.77158 113.735 0
      vertex 8 120 0
      vertex 8 113.75 0
    endloop
  endfacet
  facet normal 0 0 -1
    outer loop
      vertex 6.95579 119.932 0
      vertex 7.77158 113.735 0
      vertex 7.54707 113.69 0
    endloop
  endfacet
  facet normal 0 0 -1
    outer loop
      vertex 5.92945 119.727 0
      vertex 7.54707 113.69 0
      vertex 7.3303 113.617 0
    endloop
  endfacet
  facet normal 0 0 -1
    outer loop
      vertex 4.93853 119.391 0
      vertex 7.3303 113.617 0
      vertex 7.125 113.516 0
    endloop
  endfacet
  facet normal 0 0 -1
    outer loop
      vertex 7.77158 113.735 0
      vertex 6.95579 119.932 0
      vertex 8 120 0
    endloop
  endfacet
  facet normal 0 0 -1
    outer loop
      vertex 4 118.928 0
      vertex 7.125 113.516 0
      vertex 6.93467 113.388 0
    endloop
  endfacet
  facet normal 0 0 -1
    outer loop
      vertex 3.12991 118.347 0
      vertex 6.93467 113.388 0
      vertex 6.76256 113.237 0
    endloop
  endfacet
  facet normal 0 0 -1
    outer loop
      vertex 2.34315 117.657 0
      vertex 6.76256 113.237 0
      vertex 6.61163 113.065 0
    endloop
  endfacet
  facet normal 0 0 -1
    outer loop
      vertex 1.65317 116.87 0
      vertex 6.61163 113.065 0
      vertex 6.48446 112.875 0
    endloop
  endfacet
  facet normal 0 0 -1
    outer loop
      vertex 1.0718 116 0
      vertex 6.48446 112.875 0
      vertex 6.38321 112.67 0
    endloop
  endfacet
  facet normal 0 0 -1
    outer loop
      vertex 0.608963 115.061 0
      vertex 6.38321 112.67 0
      vertex 6.30963 112.453 0
    endloop
  endfacet
  facet normal 0 0 -1
    outer loop
      vertex 0.272593 114.071 0
      vertex 6.30963 112.453 0
      vertex 6.26497 112.228 0
    endloop
  endfacet
  facet normal 0 0 -1
    outer loop
      vertex 7.54707 113.69 0
      vertex 5.92945 119.727 0
      vertex 6.95579 119.932 0
    endloop
  endfacet
  facet normal 0 0 -1
    outer loop
      vertex 0.0684404 113.044 0
      vertex 6.26497 112.228 0
      vertex 6.25 112 0
    endloop
  endfacet
  facet normal 0 0 -1
    outer loop
      vertex 6.30963 111.547 0
      vertex 0 112 0
      vertex 6.26497 111.772 0
    endloop
  endfacet
  facet normal 0 0 -1
    outer loop
      vertex 1.0718 4 0
      vertex 6.48446 7.125 0
      vertex 1.65317 3.12991 0
    endloop
  endfacet
  facet normal 0 0 -1
    outer loop
      vertex 6.26497 111.772 0
      vertex 0 112 0
      vertex 6.25 112 0
    endloop
  endfacet
  facet normal -0 0 -1
    outer loop
      vertex 6.48446 7.125 0
      vertex 1.0718 4 0
      vertex 6.38321 7.3303 0
    endloop
  endfacet
  facet normal 0 -0 -1
    outer loop
      vertex 0.0684404 113.044 0
      vertex 6.25 112 0
      vertex 0 112 0
    endloop
  endfacet
  facet normal 0 0 -1
    outer loop
      vertex 0.608963 4.93853 0
      vertex 6.38321 7.3303 0
      vertex 1.0718 4 0
    endloop
  endfacet
  facet normal 0 0 -1
    outer loop
      vertex 7.3303 113.617 0
      vertex 4.93853 119.391 0
      vertex 5.92945 119.727 0
    endloop
  endfacet
  facet normal -0 0 -1
    outer loop
      vertex 6.38321 7.3303 0
      vertex 0.608963 4.93853 0
      vertex 6.30963 7.54707 0
    endloop
  endfacet
  facet normal 0 0 -1
    outer loop
      vertex 7.125 113.516 0
      vertex 4 118.928 0
      vertex 4.93853 119.391 0
    endloop
  endfacet
  facet normal 0 0 -1
    outer loop
      vertex 0.272593 5.92945 0
      vertex 6.30963 7.54707 0
      vertex 0.608963 4.93853 0
    endloop
  endfacet
  facet normal 0 0 -1
    outer loop
      vertex 6.93467 113.388 0
      vertex 3.12991 118.347 0
      vertex 4 118.928 0
    endloop
  endfacet
  facet normal -0 0 -1
    outer loop
      vertex 6.30963 7.54707 0
      vertex 0.272593 5.92945 0
      vertex 6.26497 7.77158 0
    endloop
  endfacet
  facet normal 0 0 -1
    outer loop
      vertex 6.76256 113.237 0
      vertex 2.34315 117.657 0
      vertex 3.12991 118.347 0
    endloop
  endfacet
  facet normal 0 0 -1
    outer loop
      vertex 0.0684404 6.95579 0
      vertex 6.26497 7.77158 0
      vertex 0.272593 5.92945 0
    endloop
  endfacet
  facet normal 0 0 -1
    outer loop
      vertex 6.61163 113.065 0
      vertex 1.65317 116.87 0
      vertex 2.34315 117.657 0
    endloop
  endfacet
  facet normal -0 0 -1
    outer loop
      vertex 6.26497 7.77158 0
      vertex 0.0684404 6.95579 0
      vertex 6.25 8 0
    endloop
  endfacet
  facet normal 0 0 -1
    outer loop
      vertex 6.48446 112.875 0
      vertex 1.0718 116 0
      vertex 1.65317 116.87 0
    endloop
  endfacet
  facet normal -0 0 -1
    outer loop
      vertex 6.25 8 0
      vertex 0.0684404 6.95579 0
      vertex 0 8 0
    endloop
  endfacet
  facet normal 0 0 -1
    outer loop
      vertex 6.38321 112.67 0
      vertex 0.608963 115.061 0
      vertex 1.0718 116 0
    endloop
  endfacet
  facet normal 0 0 -1
    outer loop
      vertex 6.30963 112.453 0
      vertex 0.272593 114.071 0
      vertex 0.608963 115.061 0
    endloop
  endfacet
  facet normal 0 0 -1
    outer loop
      vertex 6.26497 112.228 0
      vertex 0.0684404 113.044 0
      vertex 0.272593 114.071 0
    endloop
  endfacet
  facet normal 0.751826 -0.659362 0
    outer loop
      vertex 267.657 2.34315 62
      vertex 268.347 3.12991 0
      vertex 268.347 3.12991 62
    endloop
  endfacet
  facet normal 0.751826 -0.659362 0
    outer loop
      vertex 268.347 3.12991 0
      vertex 267.657 2.34315 62
      vertex 267.657 2.34315 0
    endloop
  endfacet
  facet normal 0 -1 0
    outer loop
      vertex 194 0 14
      vertex 203 0 24
      vertex 194 0 24
    endloop
  endfacet
  facet normal 0 -1 -0
    outer loop
      vertex 203 0 24
      vertex 194 0 14
      vertex 203 0 14
    endloop
  endfacet
  facet normal 0 -1 0
    outer loop
      vertex 133 0 14
      vertex 180 0 24
      vertex 133 0 24
    endloop
  endfacet
  facet normal 0 -1 -0
    outer loop
      vertex 180 0 24
      vertex 133 0 14
      vertex 180 0 14
    endloop
  endfacet
  facet normal 0 -1 0
    outer loop
      vertex 110 0 14
      vertex 119 0 24
      vertex 110 0 24
    endloop
  endfacet
  facet normal 0 -1 -0
    outer loop
      vertex 119 0 24
      vertex 110 0 14
      vertex 119 0 14
    endloop
  endfacet
  facet normal 0 -1 0
    outer loop
      vertex 49 0 14
      vertex 96 0 24
      vertex 49 0 24
    endloop
  endfacet
  facet normal 0 -1 -0
    outer loop
      vertex 96 0 24
      vertex 49 0 14
      vertex 96 0 14
    endloop
  endfacet
  facet normal 0 -1 0
    outer loop
      vertex 26 0 14
      vertex 35 0 24
      vertex 26 0 24
    endloop
  endfacet
  facet normal 0 -1 -0
    outer loop
      vertex 35 0 24
      vertex 26 0 14
      vertex 35 0 14
    endloop
  endfacet
  facet normal 0 -1 0
    outer loop
      vertex 133 0 24
      vertex 262 0 62
      vertex 8 0 62
    endloop
  endfacet
  facet normal 0 -1 0
    outer loop
      vertex 26 0 24
      vertex 8 0 62
      vertex 12 0 24
    endloop
  endfacet
  facet normal 0 -1 0
    outer loop
      vertex 8 0 0
      vertex 12 0 24
      vertex 8 0 62
    endloop
  endfacet
  facet normal 0 -1 0
    outer loop
      vertex 8 0 0
      vertex 26 0 14
      vertex 12 0 14
    endloop
  endfacet
  facet normal 0 -1 -0
    outer loop
      vertex 26 0 14
      vertex 8 0 0
      vertex 35 0 14
    endloop
  endfacet
  facet normal 0 -1 -0
    outer loop
      vertex 35 0 14
      vertex 8 0 0
      vertex 49 0 14
    endloop
  endfacet
  facet normal 0 -1 -0
    outer loop
      vertex 49 0 14
      vertex 8 0 0
      vertex 96 0 14
    endloop
  endfacet
  facet normal 0 -1 -0
    outer loop
      vertex 96 0 14
      vertex 8 0 0
      vertex 110 0 14
    endloop
  endfacet
  facet normal 0 -1 -0
    outer loop
      vertex 110 0 14
      vertex 8 0 0
      vertex 119 0 14
    endloop
  endfacet
  facet normal 0 -1 -0
    outer loop
      vertex 119 0 14
      vertex 8 0 0
      vertex 133 0 14
    endloop
  endfacet
  facet normal 0 -1 0
    outer loop
      vertex 262 0 0
      vertex 133 0 14
      vertex 8 0 0
    endloop
  endfacet
  facet normal 0 -1 0
    outer loop
      vertex 133 0 14
      vertex 262 0 0
      vertex 180 0 14
    endloop
  endfacet
  facet normal 0 -1 0
    outer loop
      vertex 180 0 14
      vertex 262 0 0
      vertex 194 0 14
    endloop
  endfacet
  facet normal 0 -1 0
    outer loop
      vertex 194 0 14
      vertex 262 0 0
      vertex 203 0 14
    endloop
  endfacet
  facet normal 0 -1 -0
    outer loop
      vertex 12 0 24
      vertex 8 0 0
      vertex 12 0 14
    endloop
  endfacet
  facet normal 0 -1 0
    outer loop
      vertex 203 0 14
      vertex 262 0 0
      vertex 217 0 14
    endloop
  endfacet
  facet normal 0 -1 0
    outer loop
      vertex 217 0 14
      vertex 262 0 0
      vertex 247 0 12
    endloop
  endfacet
  facet normal 0 -1 0
    outer loop
      vertex 247 0 12
      vertex 262 0 0
      vertex 262 0 12
    endloop
  endfacet
  facet normal 0 -1 -0
    outer loop
      vertex 262 0 62
      vertex 247 0 27
      vertex 262 0 27
    endloop
  endfacet
  facet normal 0 -1 0
    outer loop
      vertex 35 0 24
      vertex 8 0 62
      vertex 26 0 24
    endloop
  endfacet
  facet normal 0 -1 0
    outer loop
      vertex 49 0 24
      vertex 8 0 62
      vertex 35 0 24
    endloop
  endfacet
  facet normal 0 -1 0
    outer loop
      vertex 96 0 24
      vertex 8 0 62
      vertex 49 0 24
    endloop
  endfacet
  facet normal 0 -1 0
    outer loop
      vertex 110 0 24
      vertex 8 0 62
      vertex 96 0 24
    endloop
  endfacet
  facet normal 0 -1 0
    outer loop
      vertex 119 0 24
      vertex 8 0 62
      vertex 110 0 24
    endloop
  endfacet
  facet normal 0 -1 0
    outer loop
      vertex 133 0 24
      vertex 8 0 62
      vertex 119 0 24
    endloop
  endfacet
  facet normal 0 -1 0
    outer loop
      vertex 262 0 62
      vertex 133 0 24
      vertex 180 0 24
    endloop
  endfacet
  facet normal 0 -1 0
    outer loop
      vertex 262 0 62
      vertex 180 0 24
      vertex 194 0 24
    endloop
  endfacet
  facet normal 0 -1 0
    outer loop
      vertex 203 0 24
      vertex 262 0 62
      vertex 194 0 24
    endloop
  endfacet
  facet normal 0 -1 0
    outer loop
      vertex 217 0 24
      vertex 262 0 62
      vertex 203 0 24
    endloop
  endfacet
  facet normal 0 -1 0
    outer loop
      vertex 262 0 62
      vertex 217 0 24
      vertex 247 0 27
    endloop
  endfacet
  facet normal 0 -1 0
    outer loop
      vertex 247 0 12
      vertex 217 0 24
      vertex 217 0 14
    endloop
  endfacet
  facet normal 0 -1 0
    outer loop
      vertex 217 0 24
      vertex 247 0 12
      vertex 247 0 27
    endloop
  endfacet
  facet normal 0.0654155 -0.997858 0
    outer loop
      vertex 262 0 0
      vertex 263.044 0.0684404 12
      vertex 262 0 12
    endloop
  endfacet
  facet normal 0.0654155 -0.997858 0
    outer loop
      vertex 263.044 0.0684404 12
      vertex 262 0 0
      vertex 263.044 0.0684404 0
    endloop
  endfacet
  facet normal 0.0654155 -0.997858 0
    outer loop
      vertex 262 0 27
      vertex 263.044 0.0684404 62
      vertex 262 0 62
    endloop
  endfacet
  facet normal 0.0654155 -0.997858 0
    outer loop
      vertex 263.044 0.0684404 62
      vertex 262 0 27
      vertex 263.044 0.0684404 27
    endloop
  endfacet
  facet normal 0.946948 0.321388 0
    outer loop
      vertex 269.727 114.071 62
      vertex 269.391 115.061 0
      vertex 269.391 115.061 62
    endloop
  endfacet
  facet normal 0.946948 0.321388 0
    outer loop
      vertex 269.391 115.061 0
      vertex 269.727 114.071 62
      vertex 269.727 114.071 0
    endloop
  endfacet
  facet normal -0.94684 0.321706 0
    outer loop
      vertex 0.272593 114.071 0
      vertex 0.608963 115.061 62
      vertex 0.608963 115.061 0
    endloop
  endfacet
  facet normal -0.94684 0.321706 0
    outer loop
      vertex 0.608963 115.061 62
      vertex 0.272593 114.071 0
      vertex 0.272593 114.071 62
    endloop
  endfacet
  facet normal -0.831446 0.555606 0
    outer loop
      vertex 1.0718 116 0
      vertex 1.65317 116.87 62
      vertex 1.65317 116.87 0
    endloop
  endfacet
  facet normal -0.831446 0.555606 0
    outer loop
      vertex 1.65317 116.87 62
      vertex 1.0718 116 0
      vertex 1.0718 116 62
    endloop
  endfacet
  facet normal -1 0 0
    outer loop
      vertex 0 51 26.8
      vertex 0 112 0
      vertex 0 51 11.2
    endloop
  endfacet
  facet normal -1 0 0
    outer loop
      vertex 0 112 0
      vertex 0 50.9897 11.0434
      vertex 0 51 11.2
    endloop
  endfacet
  facet normal -1 0 0
    outer loop
      vertex 0 112 0
      vertex 0 50.9591 10.8894
      vertex 0 50.9897 11.0434
    endloop
  endfacet
  facet normal -1 0 0
    outer loop
      vertex 0 112 0
      vertex 0 50.9087 10.7408
      vertex 0 50.9591 10.8894
    endloop
  endfacet
  facet normal -1 0 0
    outer loop
      vertex 0 112 0
      vertex 0 50.8392 10.6
      vertex 0 50.9087 10.7408
    endloop
  endfacet
  facet normal -1 0 0
    outer loop
      vertex 0 112 0
      vertex 0 50.752 10.4695
      vertex 0 50.8392 10.6
    endloop
  endfacet
  facet normal -1 0 0
    outer loop
      vertex 0 112 0
      vertex 0 50.6485 10.3515
      vertex 0 50.752 10.4695
    endloop
  endfacet
  facet normal -1 0 0
    outer loop
      vertex 0 112 0
      vertex 0 50.5305 10.248
      vertex 0 50.6485 10.3515
    endloop
  endfacet
  facet normal -1 0 0
    outer loop
      vertex 0 112 0
      vertex 0 50.4 10.1608
      vertex 0 50.5305 10.248
    endloop
  endfacet
  facet normal -1 0 0
    outer loop
      vertex 0 112 0
      vertex 0 50.2592 10.0913
      vertex 0 50.4 10.1608
    endloop
  endfacet
  facet normal -1 0 0
    outer loop
      vertex 0 112 0
      vertex 0 50.1106 10.0409
      vertex 0 50.2592 10.0913
    endloop
  endfacet
  facet normal -1 0 0
    outer loop
      vertex 0 112 0
      vertex 0 49.9566 10.0103
      vertex 0 50.1106 10.0409
    endloop
  endfacet
  facet normal -1 0 0
    outer loop
      vertex 0 112 0
      vertex 0 49.8 10
      vertex 0 49.9566 10.0103
    endloop
  endfacet
  facet normal -1 0 0
    outer loop
      vertex 0 8 0
      vertex 0 49.8 10
      vertex 0 112 0
    endloop
  endfacet
  facet normal -1 -0 0
    outer loop
      vertex 0 49.8 10
      vertex 0 8 0
      vertex 0 49.2 10
    endloop
  endfacet
  facet normal -1 0 0
    outer loop
      vertex 0 48 11.2
      vertex 0 41 11.2
      vertex 0 48 26.8
    endloop
  endfacet
  facet normal -1 0 0
    outer loop
      vertex 0 48.0103 11.0434
      vertex 0 41 11.2
      vertex 0 48 11.2
    endloop
  endfacet
  facet normal -1 0 0
    outer loop
      vertex 0 40.9897 11.0434
      vertex 0 48.0103 11.0434
      vertex 0 48.0409 10.8894
    endloop
  endfacet
  facet normal -1 0 0
    outer loop
      vertex 0 40.9591 10.8894
      vertex 0 48.0409 10.8894
      vertex 0 48.0913 10.7408
    endloop
  endfacet
  facet normal -1 0 0
    outer loop
      vertex 0 40.9087 10.7408
      vertex 0 48.0913 10.7408
      vertex 0 48.1608 10.6
    endloop
  endfacet
  facet normal -1 0 0
    outer loop
      vertex 0 40.8392 10.6
      vertex 0 48.1608 10.6
      vertex 0 48.248 10.4695
    endloop
  endfacet
  facet normal -1 0 0
    outer loop
      vertex 0 40.752 10.4695
      vertex 0 48.248 10.4695
      vertex 0 48.3515 10.3515
    endloop
  endfacet
  facet normal -1 0 0
    outer loop
      vertex 0 40.6485 10.3515
      vertex 0 48.3515 10.3515
      vertex 0 48.4695 10.248
    endloop
  endfacet
  facet normal -1 0 0
    outer loop
      vertex 0 40.5305 10.248
      vertex 0 48.4695 10.248
      vertex 0 48.6 10.1608
    endloop
  endfacet
  facet normal -1 0 0
    outer loop
      vertex 0 40.4 10.1608
      vertex 0 48.6 10.1608
      vertex 0 48.7408 10.0913
    endloop
  endfacet
  facet normal -1 0 0
    outer loop
      vertex 0 40.2592 10.0913
      vertex 0 48.7408 10.0913
      vertex 0 48.8894 10.0409
    endloop
  endfacet
  facet normal -1 0 0
    outer loop
      vertex 0 40.1106 10.0409
      vertex 0 48.8894 10.0409
      vertex 0 49.0434 10.0103
    endloop
  endfacet
  facet normal -1 -0 0
    outer loop
      vertex 0 49.2 10
      vertex 0 8 0
      vertex 0 49.0434 10.0103
    endloop
  endfacet
  facet normal -1 0 0
    outer loop
      vertex 0 48.0103 11.0434
      vertex 0 40.9897 11.0434
      vertex 0 41 11.2
    endloop
  endfacet
  facet normal -1 0 0
    outer loop
      vertex 0 48.0409 10.8894
      vertex 0 40.9591 10.8894
      vertex 0 40.9897 11.0434
    endloop
  endfacet
  facet normal -1 0 0
    outer loop
      vertex 0 48.0913 10.7408
      vertex 0 40.9087 10.7408
      vertex 0 40.9591 10.8894
    endloop
  endfacet
  facet normal -1 0 0
    outer loop
      vertex 0 48.1608 10.6
      vertex 0 40.8392 10.6
      vertex 0 40.9087 10.7408
    endloop
  endfacet
  facet normal -1 0 0
    outer loop
      vertex 0 48.248 10.4695
      vertex 0 40.752 10.4695
      vertex 0 40.8392 10.6
    endloop
  endfacet
  facet normal -1 0 0
    outer loop
      vertex 0 48.3515 10.3515
      vertex 0 40.6485 10.3515
      vertex 0 40.752 10.4695
    endloop
  endfacet
  facet normal -1 0 0
    outer loop
      vertex 0 48.4695 10.248
      vertex 0 40.5305 10.248
      vertex 0 40.6485 10.3515
    endloop
  endfacet
  facet normal -1 0 0
    outer loop
      vertex 0 48.6 10.1608
      vertex 0 40.4 10.1608
      vertex 0 40.5305 10.248
    endloop
  endfacet
  facet normal -1 0 0
    outer loop
      vertex 0 48.7408 10.0913
      vertex 0 40.2592 10.0913
      vertex 0 40.4 10.1608
    endloop
  endfacet
  facet normal -1 0 0
    outer loop
      vertex 0 48.8894 10.0409
      vertex 0 40.1106 10.0409
      vertex 0 40.2592 10.0913
    endloop
  endfacet
  facet normal -1 0 0
    outer loop
      vertex 0 49.0434 10.0103
      vertex 0 39.9566 10.0103
      vertex 0 40.1106 10.0409
    endloop
  endfacet
  facet normal -1 -0 0
    outer loop
      vertex 0 49.0434 10.0103
      vertex 0 8 0
      vertex 0 39.9566 10.0103
    endloop
  endfacet
  facet normal -1 0 0
    outer loop
      vertex 0 39.9566 10.0103
      vertex 0 8 0
      vertex 0 39.8 10
    endloop
  endfacet
  facet normal -1 -0 0
    outer loop
      vertex 0 39.8 10
      vertex 0 8 0
      vertex 0 39.2 10
    endloop
  endfacet
  facet normal -1 0 0
    outer loop
      vertex 0 38 11.2
      vertex 0 31 11.2
      vertex 0 38 26.8
    endloop
  endfacet
  facet normal -1 0 0
    outer loop
      vertex 0 38.0103 11.0434
      vertex 0 31 11.2
      vertex 0 38 11.2
    endloop
  endfacet
  facet normal -1 0 0
    outer loop
      vertex 0 30.9897 11.0434
      vertex 0 38.0103 11.0434
      vertex 0 38.0409 10.8894
    endloop
  endfacet
  facet normal -1 0 0
    outer loop
      vertex 0 30.9591 10.8894
      vertex 0 38.0409 10.8894
      vertex 0 38.0913 10.7408
    endloop
  endfacet
  facet normal -1 0 0
    outer loop
      vertex 0 30.9087 10.7408
      vertex 0 38.0913 10.7408
      vertex 0 38.1608 10.6
    endloop
  endfacet
  facet normal -1 0 0
    outer loop
      vertex 0 30.8392 10.6
      vertex 0 38.1608 10.6
      vertex 0 38.248 10.4695
    endloop
  endfacet
  facet normal -1 0 0
    outer loop
      vertex 0 30.752 10.4695
      vertex 0 38.248 10.4695
      vertex 0 38.3515 10.3515
    endloop
  endfacet
  facet normal -1 0 0
    outer loop
      vertex 0 30.6485 10.3515
      vertex 0 38.3515 10.3515
      vertex 0 38.4695 10.248
    endloop
  endfacet
  facet normal -1 0 0
    outer loop
      vertex 0 30.5305 10.248
      vertex 0 38.4695 10.248
      vertex 0 38.6 10.1608
    endloop
  endfacet
  facet normal -1 0 0
    outer loop
      vertex 0 30.4 10.1608
      vertex 0 38.6 10.1608
      vertex 0 38.7408 10.0913
    endloop
  endfacet
  facet normal -1 0 0
    outer loop
      vertex 0 30.2592 10.0913
      vertex 0 38.7408 10.0913
      vertex 0 38.8894 10.0409
    endloop
  endfacet
  facet normal -1 0 0
    outer loop
      vertex 0 30.1106 10.0409
      vertex 0 38.8894 10.0409
      vertex 0 39.0434 10.0103
    endloop
  endfacet
  facet normal -1 0 0
    outer loop
      vertex 0 38.0103 11.0434
      vertex 0 30.9897 11.0434
      vertex 0 31 11.2
    endloop
  endfacet
  facet normal -1 -0 0
    outer loop
      vertex 0 39.2 10
      vertex 0 8 0
      vertex 0 39.0434 10.0103
    endloop
  endfacet
  facet normal -1 0 0
    outer loop
      vertex 0 38.0409 10.8894
      vertex 0 30.9591 10.8894
      vertex 0 30.9897 11.0434
    endloop
  endfacet
  facet normal -1 0 0
    outer loop
      vertex 0 38.0913 10.7408
      vertex 0 30.9087 10.7408
      vertex 0 30.9591 10.8894
    endloop
  endfacet
  facet normal -1 0 0
    outer loop
      vertex 0 38.1608 10.6
      vertex 0 30.8392 10.6
      vertex 0 30.9087 10.7408
    endloop
  endfacet
  facet normal -1 0 0
    outer loop
      vertex 0 38.248 10.4695
      vertex 0 30.752 10.4695
      vertex 0 30.8392 10.6
    endloop
  endfacet
  facet normal -1 0 0
    outer loop
      vertex 0 38.3515 10.3515
      vertex 0 30.6485 10.3515
      vertex 0 30.752 10.4695
    endloop
  endfacet
  facet normal -1 0 0
    outer loop
      vertex 0 38.4695 10.248
      vertex 0 30.5305 10.248
      vertex 0 30.6485 10.3515
    endloop
  endfacet
  facet normal -1 0 0
    outer loop
      vertex 0 38.6 10.1608
      vertex 0 30.4 10.1608
      vertex 0 30.5305 10.248
    endloop
  endfacet
  facet normal -1 0 0
    outer loop
      vertex 0 38.7408 10.0913
      vertex 0 30.2592 10.0913
      vertex 0 30.4 10.1608
    endloop
  endfacet
  facet normal -1 0 0
    outer loop
      vertex 0 38.8894 10.0409
      vertex 0 30.1106 10.0409
      vertex 0 30.2592 10.0913
    endloop
  endfacet
  facet normal -1 0 -0
    outer loop
      vertex 0 29.9566 10.0103
      vertex 0 39.0434 10.0103
      vertex 0 8 0
    endloop
  endfacet
  facet normal -1 0 0
    outer loop
      vertex 0 39.0434 10.0103
      vertex 0 29.9566 10.0103
      vertex 0 30.1106 10.0409
    endloop
  endfacet
  facet normal -1 0 0
    outer loop
      vertex 0 29.9566 10.0103
      vertex 0 8 0
      vertex 0 29.8 10
    endloop
  endfacet
  facet normal -1 -0 0
    outer loop
      vertex 0 29.8 10
      vertex 0 8 0
      vertex 0 29.2 10
    endloop
  endfacet
  facet normal -1 0 0
    outer loop
      vertex 0 28 11.2
      vertex 0 21 11.2
      vertex 0 28 26.8
    endloop
  endfacet
  facet normal -1 0 0
    outer loop
      vertex 0 28.0103 11.0434
      vertex 0 21 11.2
      vertex 0 28 11.2
    endloop
  endfacet
  facet normal -1 0 0
    outer loop
      vertex 0 20.9897 11.0434
      vertex 0 28.0103 11.0434
      vertex 0 28.0409 10.8894
    endloop
  endfacet
  facet normal -1 0 0
    outer loop
      vertex 0 20.9591 10.8894
      vertex 0 28.0409 10.8894
      vertex 0 28.0913 10.7408
    endloop
  endfacet
  facet normal -1 0 0
    outer loop
      vertex 0 20.9087 10.7408
      vertex 0 28.0913 10.7408
      vertex 0 28.1608 10.6
    endloop
  endfacet
  facet normal -1 0 0
    outer loop
      vertex 0 20.8392 10.6
      vertex 0 28.1608 10.6
      vertex 0 28.248 10.4695
    endloop
  endfacet
  facet normal -1 0 0
    outer loop
      vertex 0 20.752 10.4695
      vertex 0 28.248 10.4695
      vertex 0 28.3515 10.3515
    endloop
  endfacet
  facet normal -1 0 0
    outer loop
      vertex 0 20.6485 10.3515
      vertex 0 28.3515 10.3515
      vertex 0 28.4695 10.248
    endloop
  endfacet
  facet normal -1 0 0
    outer loop
      vertex 0 20.5305 10.248
      vertex 0 28.4695 10.248
      vertex 0 28.6 10.1608
    endloop
  endfacet
  facet normal -1 0 0
    outer loop
      vertex 0 20.4 10.1608
      vertex 0 28.6 10.1608
      vertex 0 28.7408 10.0913
    endloop
  endfacet
  facet normal -1 0 0
    outer loop
      vertex 0 20.2592 10.0913
      vertex 0 28.7408 10.0913
      vertex 0 28.8894 10.0409
    endloop
  endfacet
  facet normal -1 0 0
    outer loop
      vertex 0 8 0
      vertex 0 28.8894 10.0409
      vertex 0 29.0434 10.0103
    endloop
  endfacet
  facet normal -1 0 0
    outer loop
      vertex 0 28.0103 11.0434
      vertex 0 20.9897 11.0434
      vertex 0 21 11.2
    endloop
  endfacet
  facet normal -1 0 0
    outer loop
      vertex 0 28.0409 10.8894
      vertex 0 20.9591 10.8894
      vertex 0 20.9897 11.0434
    endloop
  endfacet
  facet normal -1 -0 0
    outer loop
      vertex 0 29.2 10
      vertex 0 8 0
      vertex 0 29.0434 10.0103
    endloop
  endfacet
  facet normal -1 0 0
    outer loop
      vertex 0 28.0913 10.7408
      vertex 0 20.9087 10.7408
      vertex 0 20.9591 10.8894
    endloop
  endfacet
  facet normal -1 0 0
    outer loop
      vertex 0 28.1608 10.6
      vertex 0 20.8392 10.6
      vertex 0 20.9087 10.7408
    endloop
  endfacet
  facet normal -1 0 0
    outer loop
      vertex 0 28.248 10.4695
      vertex 0 20.752 10.4695
      vertex 0 20.8392 10.6
    endloop
  endfacet
  facet normal -1 0 0
    outer loop
      vertex 0 28.3515 10.3515
      vertex 0 20.6485 10.3515
      vertex 0 20.752 10.4695
    endloop
  endfacet
  facet normal -1 0 0
    outer loop
      vertex 0 28.4695 10.248
      vertex 0 20.5305 10.248
      vertex 0 20.6485 10.3515
    endloop
  endfacet
  facet normal -1 0 0
    outer loop
      vertex 0 28.6 10.1608
      vertex 0 20.4 10.1608
      vertex 0 20.5305 10.248
    endloop
  endfacet
  facet normal -1 -0 0
    outer loop
      vertex 0 28.8894 10.0409
      vertex 0 8 0
      vertex 0 20.1106 10.0409
    endloop
  endfacet
  facet normal -1 0 0
    outer loop
      vertex 0 28.7408 10.0913
      vertex 0 20.2592 10.0913
      vertex 0 20.4 10.1608
    endloop
  endfacet
  facet normal -1 0 0
    outer loop
      vertex 0 28.8894 10.0409
      vertex 0 20.1106 10.0409
      vertex 0 20.2592 10.0913
    endloop
  endfacet
  facet normal -1 0 0
    outer loop
      vertex 0 20.1106 10.0409
      vertex 0 8 0
      vertex 0 19.9566 10.0103
    endloop
  endfacet
  facet normal -1 0 0
    outer loop
      vertex 0 19.9566 10.0103
      vertex 0 8 0
      vertex 0 19.8 10
    endloop
  endfacet
  facet normal -1 -0 0
    outer loop
      vertex 0 19.8 10
      vertex 0 8 0
      vertex 0 19.2 10
    endloop
  endfacet
  facet normal -1 -0 0
    outer loop
      vertex 0 18 11.2
      vertex 0 8 0
      vertex 0 18 26.8
    endloop
  endfacet
  facet normal -1 -0 0
    outer loop
      vertex 0 18.0103 11.0434
      vertex 0 8 0
      vertex 0 18 11.2
    endloop
  endfacet
  facet normal -1 -0 0
    outer loop
      vertex 0 18.0409 10.8894
      vertex 0 8 0
      vertex 0 18.0103 11.0434
    endloop
  endfacet
  facet normal -1 -0 0
    outer loop
      vertex 0 18.0913 10.7408
      vertex 0 8 0
      vertex 0 18.0409 10.8894
    endloop
  endfacet
  facet normal -1 -0 0
    outer loop
      vertex 0 18.1608 10.6
      vertex 0 8 0
      vertex 0 18.0913 10.7408
    endloop
  endfacet
  facet normal -1 -0 0
    outer loop
      vertex 0 18.248 10.4695
      vertex 0 8 0
      vertex 0 18.1608 10.6
    endloop
  endfacet
  facet normal -1 -0 0
    outer loop
      vertex 0 18.3515 10.3515
      vertex 0 8 0
      vertex 0 18.248 10.4695
    endloop
  endfacet
  facet normal -1 -0 0
    outer loop
      vertex 0 18.4695 10.248
      vertex 0 8 0
      vertex 0 18.3515 10.3515
    endloop
  endfacet
  facet normal -1 -0 0
    outer loop
      vertex 0 18.6 10.1608
      vertex 0 8 0
      vertex 0 18.4695 10.248
    endloop
  endfacet
  facet normal -1 -0 0
    outer loop
      vertex 0 18.7408 10.0913
      vertex 0 8 0
      vertex 0 18.6 10.1608
    endloop
  endfacet
  facet normal -1 -0 0
    outer loop
      vertex 0 18.8894 10.0409
      vertex 0 8 0
      vertex 0 18.7408 10.0913
    endloop
  endfacet
  facet normal -1 -0 0
    outer loop
      vertex 0 19.0434 10.0103
      vertex 0 8 0
      vertex 0 18.8894 10.0409
    endloop
  endfacet
  facet normal -1 -0 0
    outer loop
      vertex 0 19.2 10
      vertex 0 8 0
      vertex 0 19.0434 10.0103
    endloop
  endfacet
  facet normal -1 0 0
    outer loop
      vertex 0 50.9897 26.9566
      vertex 0 112 0
      vertex 0 51 26.8
    endloop
  endfacet
  facet normal -1 0 0
    outer loop
      vertex 0 112 0
      vertex 0 50.9897 26.9566
      vertex 0 112 62
    endloop
  endfacet
  facet normal -1 0 0
    outer loop
      vertex 0 50.9591 27.1106
      vertex 0 112 62
      vertex 0 50.9897 26.9566
    endloop
  endfacet
  facet normal -1 0 0
    outer loop
      vertex 0 50.9087 27.2592
      vertex 0 112 62
      vertex 0 50.9591 27.1106
    endloop
  endfacet
  facet normal -1 0 0
    outer loop
      vertex 0 50.8392 27.4
      vertex 0 112 62
      vertex 0 50.9087 27.2592
    endloop
  endfacet
  facet normal -1 0 0
    outer loop
      vertex 0 50.752 27.5305
      vertex 0 112 62
      vertex 0 50.8392 27.4
    endloop
  endfacet
  facet normal -1 0 0
    outer loop
      vertex 0 50.6485 27.6485
      vertex 0 112 62
      vertex 0 50.752 27.5305
    endloop
  endfacet
  facet normal -1 0 0
    outer loop
      vertex 0 50.5305 27.752
      vertex 0 112 62
      vertex 0 50.6485 27.6485
    endloop
  endfacet
  facet normal -1 0 0
    outer loop
      vertex 0 50.4 27.8392
      vertex 0 112 62
      vertex 0 50.5305 27.752
    endloop
  endfacet
  facet normal -1 0 0
    outer loop
      vertex 0 50.2592 27.9087
      vertex 0 112 62
      vertex 0 50.4 27.8392
    endloop
  endfacet
  facet normal -1 0 0
    outer loop
      vertex 0 50.1106 27.9591
      vertex 0 112 62
      vertex 0 50.2592 27.9087
    endloop
  endfacet
  facet normal -1 0 0
    outer loop
      vertex 0 49.9566 27.9897
      vertex 0 112 62
      vertex 0 50.1106 27.9591
    endloop
  endfacet
  facet normal -1 0 0
    outer loop
      vertex 0 8 62
      vertex 0 49.9566 27.9897
      vertex 0 49.8 28
    endloop
  endfacet
  facet normal -1 0 0
    outer loop
      vertex 0 8 62
      vertex 0 49.8 28
      vertex 0 49.2 28
    endloop
  endfacet
  facet normal -1 0 0
    outer loop
      vertex 0 8 62
      vertex 0 49.2 28
      vertex 0 49.0434 27.9897
    endloop
  endfacet
  facet normal -1 0 0
    outer loop
      vertex 0 39.9566 27.9897
      vertex 0 49.0434 27.9897
      vertex 0 48.8894 27.9591
    endloop
  endfacet
  facet normal -1 0 0
    outer loop
      vertex 0 40.1106 27.9591
      vertex 0 48.8894 27.9591
      vertex 0 48.7408 27.9087
    endloop
  endfacet
  facet normal -1 0 0
    outer loop
      vertex 0 40.2592 27.9087
      vertex 0 48.7408 27.9087
      vertex 0 48.6 27.8392
    endloop
  endfacet
  facet normal -1 0 0
    outer loop
      vertex 0 41 26.8
      vertex 0 48 26.8
      vertex 0 41 11.2
    endloop
  endfacet
  facet normal -1 0 0
    outer loop
      vertex 0 48 26.8
      vertex 0 41 26.8
      vertex 0 48.0103 26.9566
    endloop
  endfacet
  facet normal -1 0 0
    outer loop
      vertex 0 40.9897 26.9566
      vertex 0 48.0103 26.9566
      vertex 0 41 26.8
    endloop
  endfacet
  facet normal -1 0 0
    outer loop
      vertex 0 48.0103 26.9566
      vertex 0 40.9897 26.9566
      vertex 0 48.0409 27.1106
    endloop
  endfacet
  facet normal -1 0 0
    outer loop
      vertex 0 40.9591 27.1106
      vertex 0 48.0409 27.1106
      vertex 0 40.9897 26.9566
    endloop
  endfacet
  facet normal -1 0 0
    outer loop
      vertex 0 48.0409 27.1106
      vertex 0 40.9591 27.1106
      vertex 0 48.0913 27.2592
    endloop
  endfacet
  facet normal -1 0 0
    outer loop
      vertex 0 40.9087 27.2592
      vertex 0 48.0913 27.2592
      vertex 0 40.9591 27.1106
    endloop
  endfacet
  facet normal -1 0 0
    outer loop
      vertex 0 48.0913 27.2592
      vertex 0 40.9087 27.2592
      vertex 0 48.1608 27.4
    endloop
  endfacet
  facet normal -1 0 0
    outer loop
      vertex 0 40.8392 27.4
      vertex 0 48.1608 27.4
      vertex 0 40.9087 27.2592
    endloop
  endfacet
  facet normal -1 0 0
    outer loop
      vertex 0 48.1608 27.4
      vertex 0 40.8392 27.4
      vertex 0 48.248 27.5305
    endloop
  endfacet
  facet normal -1 0 0
    outer loop
      vertex 0 40.752 27.5305
      vertex 0 48.248 27.5305
      vertex 0 40.8392 27.4
    endloop
  endfacet
  facet normal -1 0 0
    outer loop
      vertex 0 48.248 27.5305
      vertex 0 40.752 27.5305
      vertex 0 48.3515 27.6485
    endloop
  endfacet
  facet normal -1 0 0
    outer loop
      vertex 0 40.6485 27.6485
      vertex 0 48.3515 27.6485
      vertex 0 40.752 27.5305
    endloop
  endfacet
  facet normal -1 0 0
    outer loop
      vertex 0 48.3515 27.6485
      vertex 0 40.6485 27.6485
      vertex 0 48.4695 27.752
    endloop
  endfacet
  facet normal -1 0 0
    outer loop
      vertex 0 40.5305 27.752
      vertex 0 48.4695 27.752
      vertex 0 40.6485 27.6485
    endloop
  endfacet
  facet normal -1 0 0
    outer loop
      vertex 0 48.4695 27.752
      vertex 0 40.5305 27.752
      vertex 0 48.6 27.8392
    endloop
  endfacet
  facet normal -1 0 0
    outer loop
      vertex 0 40.4 27.8392
      vertex 0 48.6 27.8392
      vertex 0 40.5305 27.752
    endloop
  endfacet
  facet normal -1 0 0
    outer loop
      vertex 0 40.2592 27.9087
      vertex 0 48.6 27.8392
      vertex 0 40.4 27.8392
    endloop
  endfacet
  facet normal -1 0 0
    outer loop
      vertex 0 48.7408 27.9087
      vertex 0 40.2592 27.9087
      vertex 0 40.1106 27.9591
    endloop
  endfacet
  facet normal -1 0 0
    outer loop
      vertex 0 48.8894 27.9591
      vertex 0 40.1106 27.9591
      vertex 0 39.9566 27.9897
    endloop
  endfacet
  facet normal -1 0 0
    outer loop
      vertex 0 49.0434 27.9897
      vertex 0 39.9566 27.9897
      vertex 0 8 62
    endloop
  endfacet
  facet normal -1 0 0
    outer loop
      vertex 0 8 62
      vertex 0 39.9566 27.9897
      vertex 0 39.8 28
    endloop
  endfacet
  facet normal -1 0 0
    outer loop
      vertex 0 8 62
      vertex 0 39.8 28
      vertex 0 39.2 28
    endloop
  endfacet
  facet normal -1 0 0
    outer loop
      vertex 0 8 62
      vertex 0 39.2 28
      vertex 0 39.0434 27.9897
    endloop
  endfacet
  facet normal -1 0 0
    outer loop
      vertex 0 29.9566 27.9897
      vertex 0 39.0434 27.9897
      vertex 0 38.8894 27.9591
    endloop
  endfacet
  facet normal -1 0 0
    outer loop
      vertex 0 30.1106 27.9591
      vertex 0 38.8894 27.9591
      vertex 0 38.7408 27.9087
    endloop
  endfacet
  facet normal -1 0 0
    outer loop
      vertex 0 31 26.8
      vertex 0 38 26.8
      vertex 0 31 11.2
    endloop
  endfacet
  facet normal -1 0 0
    outer loop
      vertex 0 38 26.8
      vertex 0 31 26.8
      vertex 0 38.0103 26.9566
    endloop
  endfacet
  facet normal -1 0 0
    outer loop
      vertex 0 30.9897 26.9566
      vertex 0 38.0103 26.9566
      vertex 0 31 26.8
    endloop
  endfacet
  facet normal -1 0 0
    outer loop
      vertex 0 38.0103 26.9566
      vertex 0 30.9897 26.9566
      vertex 0 38.0409 27.1106
    endloop
  endfacet
  facet normal -1 0 0
    outer loop
      vertex 0 30.9591 27.1106
      vertex 0 38.0409 27.1106
      vertex 0 30.9897 26.9566
    endloop
  endfacet
  facet normal -1 0 0
    outer loop
      vertex 0 38.0409 27.1106
      vertex 0 30.9591 27.1106
      vertex 0 38.0913 27.2592
    endloop
  endfacet
  facet normal -1 0 0
    outer loop
      vertex 0 30.9087 27.2592
      vertex 0 38.0913 27.2592
      vertex 0 30.9591 27.1106
    endloop
  endfacet
  facet normal -1 0 0
    outer loop
      vertex 0 38.0913 27.2592
      vertex 0 30.9087 27.2592
      vertex 0 38.1608 27.4
    endloop
  endfacet
  facet normal -1 0 0
    outer loop
      vertex 0 30.8392 27.4
      vertex 0 38.1608 27.4
      vertex 0 30.9087 27.2592
    endloop
  endfacet
  facet normal -1 0 0
    outer loop
      vertex 0 38.1608 27.4
      vertex 0 30.8392 27.4
      vertex 0 38.248 27.5305
    endloop
  endfacet
  facet normal -1 0 0
    outer loop
      vertex 0 30.752 27.5305
      vertex 0 38.248 27.5305
      vertex 0 30.8392 27.4
    endloop
  endfacet
  facet normal -1 0 0
    outer loop
      vertex 0 38.248 27.5305
      vertex 0 30.752 27.5305
      vertex 0 38.3515 27.6485
    endloop
  endfacet
  facet normal -1 0 0
    outer loop
      vertex 0 30.6485 27.6485
      vertex 0 38.3515 27.6485
      vertex 0 30.752 27.5305
    endloop
  endfacet
  facet normal -1 0 0
    outer loop
      vertex 0 38.3515 27.6485
      vertex 0 30.6485 27.6485
      vertex 0 38.4695 27.752
    endloop
  endfacet
  facet normal -1 0 0
    outer loop
      vertex 0 30.5305 27.752
      vertex 0 38.4695 27.752
      vertex 0 30.6485 27.6485
    endloop
  endfacet
  facet normal -1 0 0
    outer loop
      vertex 0 38.4695 27.752
      vertex 0 30.5305 27.752
      vertex 0 38.6 27.8392
    endloop
  endfacet
  facet normal -1 0 0
    outer loop
      vertex 0 30.4 27.8392
      vertex 0 38.6 27.8392
      vertex 0 30.5305 27.752
    endloop
  endfacet
  facet normal -1 0 0
    outer loop
      vertex 0 38.6 27.8392
      vertex 0 30.4 27.8392
      vertex 0 38.7408 27.9087
    endloop
  endfacet
  facet normal -1 0 0
    outer loop
      vertex 0 30.2592 27.9087
      vertex 0 38.7408 27.9087
      vertex 0 30.4 27.8392
    endloop
  endfacet
  facet normal -1 0 0
    outer loop
      vertex 0 30.1106 27.9591
      vertex 0 38.7408 27.9087
      vertex 0 30.2592 27.9087
    endloop
  endfacet
  facet normal -1 0 0
    outer loop
      vertex 0 38.8894 27.9591
      vertex 0 30.1106 27.9591
      vertex 0 29.9566 27.9897
    endloop
  endfacet
  facet normal -1 0 0
    outer loop
      vertex 0 39.0434 27.9897
      vertex 0 29.9566 27.9897
      vertex 0 8 62
    endloop
  endfacet
  facet normal -1 0 0
    outer loop
      vertex 0 8 62
      vertex 0 29.9566 27.9897
      vertex 0 29.8 28
    endloop
  endfacet
  facet normal -1 0 0
    outer loop
      vertex 0 8 62
      vertex 0 29.8 28
      vertex 0 29.2 28
    endloop
  endfacet
  facet normal -1 0 0
    outer loop
      vertex 0 8 62
      vertex 0 29.2 28
      vertex 0 29.0434 27.9897
    endloop
  endfacet
  facet normal -1 0 0
    outer loop
      vertex 0 8 62
      vertex 0 29.0434 27.9897
      vertex 0 28.8894 27.9591
    endloop
  endfacet
  facet normal -1 0 0
    outer loop
      vertex 0 20.1106 27.9591
      vertex 0 28.8894 27.9591
      vertex 0 28.7408 27.9087
    endloop
  endfacet
  facet normal -1 0 0
    outer loop
      vertex 0 21 26.8
      vertex 0 28 26.8
      vertex 0 21 11.2
    endloop
  endfacet
  facet normal -1 0 0
    outer loop
      vertex 0 28 26.8
      vertex 0 21 26.8
      vertex 0 28.0103 26.9566
    endloop
  endfacet
  facet normal -1 0 0
    outer loop
      vertex 0 20.9897 26.9566
      vertex 0 28.0103 26.9566
      vertex 0 21 26.8
    endloop
  endfacet
  facet normal -1 0 0
    outer loop
      vertex 0 28.0103 26.9566
      vertex 0 20.9897 26.9566
      vertex 0 28.0409 27.1106
    endloop
  endfacet
  facet normal -1 0 0
    outer loop
      vertex 0 20.9591 27.1106
      vertex 0 28.0409 27.1106
      vertex 0 20.9897 26.9566
    endloop
  endfacet
  facet normal -1 0 0
    outer loop
      vertex 0 28.0409 27.1106
      vertex 0 20.9591 27.1106
      vertex 0 28.0913 27.2592
    endloop
  endfacet
  facet normal -1 0 0
    outer loop
      vertex 0 20.9087 27.2592
      vertex 0 28.0913 27.2592
      vertex 0 20.9591 27.1106
    endloop
  endfacet
  facet normal -1 0 0
    outer loop
      vertex 0 28.0913 27.2592
      vertex 0 20.9087 27.2592
      vertex 0 28.1608 27.4
    endloop
  endfacet
  facet normal -1 0 0
    outer loop
      vertex 0 20.8392 27.4
      vertex 0 28.1608 27.4
      vertex 0 20.9087 27.2592
    endloop
  endfacet
  facet normal -1 0 0
    outer loop
      vertex 0 28.1608 27.4
      vertex 0 20.8392 27.4
      vertex 0 28.248 27.5305
    endloop
  endfacet
  facet normal -1 0 0
    outer loop
      vertex 0 20.752 27.5305
      vertex 0 28.248 27.5305
      vertex 0 20.8392 27.4
    endloop
  endfacet
  facet normal -1 0 0
    outer loop
      vertex 0 28.248 27.5305
      vertex 0 20.752 27.5305
      vertex 0 28.3515 27.6485
    endloop
  endfacet
  facet normal -1 0 0
    outer loop
      vertex 0 20.6485 27.6485
      vertex 0 28.3515 27.6485
      vertex 0 20.752 27.5305
    endloop
  endfacet
  facet normal -1 0 0
    outer loop
      vertex 0 28.3515 27.6485
      vertex 0 20.6485 27.6485
      vertex 0 28.4695 27.752
    endloop
  endfacet
  facet normal -1 0 0
    outer loop
      vertex 0 20.5305 27.752
      vertex 0 28.4695 27.752
      vertex 0 20.6485 27.6485
    endloop
  endfacet
  facet normal -1 0 0
    outer loop
      vertex 0 28.4695 27.752
      vertex 0 20.5305 27.752
      vertex 0 28.6 27.8392
    endloop
  endfacet
  facet normal -1 0 0
    outer loop
      vertex 0 20.4 27.8392
      vertex 0 28.6 27.8392
      vertex 0 20.5305 27.752
    endloop
  endfacet
  facet normal -1 0 0
    outer loop
      vertex 0 28.6 27.8392
      vertex 0 20.4 27.8392
      vertex 0 28.7408 27.9087
    endloop
  endfacet
  facet normal -1 0 0
    outer loop
      vertex 0 20.2592 27.9087
      vertex 0 28.7408 27.9087
      vertex 0 20.4 27.8392
    endloop
  endfacet
  facet normal -1 0 0
    outer loop
      vertex 0 20.1106 27.9591
      vertex 0 28.7408 27.9087
      vertex 0 20.2592 27.9087
    endloop
  endfacet
  facet normal -1 0 0
    outer loop
      vertex 0 28.8894 27.9591
      vertex 0 20.1106 27.9591
      vertex 0 8 62
    endloop
  endfacet
  facet normal -1 0 0
    outer loop
      vertex 0 8 62
      vertex 0 20.1106 27.9591
      vertex 0 19.9566 27.9897
    endloop
  endfacet
  facet normal -1 0 0
    outer loop
      vertex 0 8 62
      vertex 0 19.9566 27.9897
      vertex 0 19.8 28
    endloop
  endfacet
  facet normal -1 0 0
    outer loop
      vertex 0 8 62
      vertex 0 19.8 28
      vertex 0 19.2 28
    endloop
  endfacet
  facet normal -1 0 0
    outer loop
      vertex 0 8 62
      vertex 0 19.2 28
      vertex 0 19.0434 27.9897
    endloop
  endfacet
  facet normal -1 0 0
    outer loop
      vertex 0 8 62
      vertex 0 19.0434 27.9897
      vertex 0 18.8894 27.9591
    endloop
  endfacet
  facet normal -1 0 0
    outer loop
      vertex 0 8 62
      vertex 0 18.8894 27.9591
      vertex 0 18.7408 27.9087
    endloop
  endfacet
  facet normal -1 0 0
    outer loop
      vertex 0 8 0
      vertex 0 18.0103 26.9566
      vertex 0 18 26.8
    endloop
  endfacet
  facet normal -1 0 0
    outer loop
      vertex 0 8 62
      vertex 0 18.0103 26.9566
      vertex 0 8 0
    endloop
  endfacet
  facet normal -1 0 0
    outer loop
      vertex 0 18.0103 26.9566
      vertex 0 8 62
      vertex 0 18.0409 27.1106
    endloop
  endfacet
  facet normal -1 0 0
    outer loop
      vertex 0 49.9566 27.9897
      vertex 0 8 62
      vertex 0 112 62
    endloop
  endfacet
  facet normal -1 0 0
    outer loop
      vertex 0 18.6 27.8392
      vertex 0 8 62
      vertex 0 18.7408 27.9087
    endloop
  endfacet
  facet normal -1 0 0
    outer loop
      vertex 0 18.4695 27.752
      vertex 0 8 62
      vertex 0 18.6 27.8392
    endloop
  endfacet
  facet normal -1 0 0
    outer loop
      vertex 0 18.3515 27.6485
      vertex 0 8 62
      vertex 0 18.4695 27.752
    endloop
  endfacet
  facet normal -1 0 0
    outer loop
      vertex 0 18.248 27.5305
      vertex 0 8 62
      vertex 0 18.3515 27.6485
    endloop
  endfacet
  facet normal -1 0 0
    outer loop
      vertex 0 18.1608 27.4
      vertex 0 8 62
      vertex 0 18.248 27.5305
    endloop
  endfacet
  facet normal -1 0 0
    outer loop
      vertex 0 18.0913 27.2592
      vertex 0 8 62
      vertex 0 18.1608 27.4
    endloop
  endfacet
  facet normal -1 0 0
    outer loop
      vertex 0 18.0409 27.1106
      vertex 0 8 62
      vertex 0 18.0913 27.2592
    endloop
  endfacet
  facet normal 0.997886 0.0649964 0
    outer loop
      vertex 270 112 62
      vertex 269.932 113.044 0
      vertex 269.932 113.044 62
    endloop
  endfacet
  facet normal 0.997886 0.0649964 0
    outer loop
      vertex 269.932 113.044 0
      vertex 270 112 62
      vertex 270 112 0
    endloop
  endfacet
  facet normal 1 -0 0
    outer loop
      vertex 270 8 62
      vertex 270 112 0
      vertex 270 112 62
    endloop
  endfacet
  facet normal 1 0 0
    outer loop
      vertex 270 112 0
      vertex 270 8 62
      vertex 270 8 0
    endloop
  endfacet
  facet normal 0.947038 -0.321121 0
    outer loop
      vertex 269.391 4.93853 62
      vertex 269.727 5.92945 0
      vertex 269.727 5.92945 62
    endloop
  endfacet
  facet normal 0.947038 -0.321121 0
    outer loop
      vertex 269.727 5.92945 0
      vertex 269.391 4.93853 62
      vertex 269.391 4.93853 0
    endloop
  endfacet
  facet normal 0 1 -0
    outer loop
      vertex 104 120 18
      vertex 75 120 31
      vertex 104 120 31
    endloop
  endfacet
  facet normal 0 1 0
    outer loop
      vertex 75 120 31
      vertex 104 120 18
      vertex 75 120 18
    endloop
  endfacet
  facet normal 0 1 -0
    outer loop
      vertex 188 120 18
      vertex 159 120 31
      vertex 188 120 31
    endloop
  endfacet
  facet normal 0 1 0
    outer loop
      vertex 159 120 31
      vertex 188 120 18
      vertex 159 120 18
    endloop
  endfacet
  facet normal 0 1 0
    outer loop
      vertex 188 120 31
      vertex 262 120 62
      vertex 243 120 31
    endloop
  endfacet
  facet normal 0 1 -0
    outer loop
      vertex 262 120 0
      vertex 243 120 31
      vertex 262 120 62
    endloop
  endfacet
  facet normal 0 1 0
    outer loop
      vertex 262 120 0
      vertex 188 120 18
      vertex 243 120 18
    endloop
  endfacet
  facet normal 0 1 0
    outer loop
      vertex 188 120 18
      vertex 262 120 0
      vertex 159 120 18
    endloop
  endfacet
  facet normal 0 1 0
    outer loop
      vertex 8 120 0
      vertex 159 120 18
      vertex 262 120 0
    endloop
  endfacet
  facet normal 0 1 0
    outer loop
      vertex 159 120 18
      vertex 8 120 0
      vertex 104 120 18
    endloop
  endfacet
  facet normal 0 1 0
    outer loop
      vertex 75 120 18
      vertex 30 120 10
      vertex 30 120 18
    endloop
  endfacet
  facet normal 0 1 0
    outer loop
      vertex 75 120 18
      vertex 8 120 0
      vertex 30 120 10
    endloop
  endfacet
  facet normal 0 1 0
    outer loop
      vertex 104 120 18
      vertex 8 120 0
      vertex 75 120 18
    endloop
  endfacet
  facet normal 0 1 0
    outer loop
      vertex 243 120 31
      vertex 262 120 0
      vertex 243 120 18
    endloop
  endfacet
  facet normal 0 1 0
    outer loop
      vertex 159 120 31
      vertex 262 120 62
      vertex 188 120 31
    endloop
  endfacet
  facet normal 0 1 0
    outer loop
      vertex 262 120 62
      vertex 159 120 31
      vertex 8 120 62
    endloop
  endfacet
  facet normal 0 1 -0
    outer loop
      vertex 104 120 31
      vertex 8 120 62
      vertex 159 120 31
    endloop
  endfacet
  facet normal 0 1 -0
    outer loop
      vertex 75 120 31
      vertex 8 120 62
      vertex 104 120 31
    endloop
  endfacet
  facet normal 0 1 -0
    outer loop
      vertex 20 120 31
      vertex 8 120 62
      vertex 75 120 31
    endloop
  endfacet
  facet normal 0 1 0
    outer loop
      vertex 12 120 23
      vertex 20 120 31
      vertex 20 120 23
    endloop
  endfacet
  facet normal 0 1 0
    outer loop
      vertex 20 120 31
      vertex 12 120 23
      vertex 8 120 62
    endloop
  endfacet
  facet normal 0 1 0
    outer loop
      vertex 8 120 0
      vertex 12 120 23
      vertex 12 120 10
    endloop
  endfacet
  facet normal 0 1 0
    outer loop
      vertex 12 120 23
      vertex 8 120 0
      vertex 8 120 62
    endloop
  endfacet
  facet normal 0 1 0
    outer loop
      vertex 30 120 10
      vertex 8 120 0
      vertex 12 120 10
    endloop
  endfacet
  facet normal 0.555362 0.831609 -0
    outer loop
      vertex 266.87 118.347 0
      vertex 266 118.928 62
      vertex 266.87 118.347 62
    endloop
  endfacet
  facet normal 0.555362 0.831609 0
    outer loop
      vertex 266 118.928 62
      vertex 266.87 118.347 0
      vertex 266 118.928 0
    endloop
  endfacet
  facet normal 0.997886 -0.0649834 0
    outer loop
      vertex 269.932 6.95579 62
      vertex 270 8 0
      vertex 270 8 62
    endloop
  endfacet
  facet normal 0.997886 -0.0649834 0
    outer loop
      vertex 270 8 0
      vertex 269.932 6.95579 62
      vertex 269.932 6.95579 0
    endloop
  endfacet
  facet normal -0.442293 -0.896871 0
    outer loop
      vertex 4 1.0718 0
      vertex 4.93853 0.608963 62
      vertex 4 1.0718 62
    endloop
  endfacet
  facet normal -0.442293 -0.896871 -0
    outer loop
      vertex 4.93853 0.608963 62
      vertex 4 1.0718 0
      vertex 4.93853 0.608963 0
    endloop
  endfacet
  facet normal 0.659248 0.751925 -0
    outer loop
      vertex 267.657 117.657 0
      vertex 266.87 118.347 62
      vertex 267.657 117.657 62
    endloop
  endfacet
  facet normal 0.659248 0.751925 0
    outer loop
      vertex 266.87 118.347 62
      vertex 267.657 117.657 0
      vertex 266.87 118.347 0
    endloop
  endfacet
  facet normal -0.195091 -0.980785 0
    outer loop
      vertex 5.92945 0.272593 0
      vertex 6.95579 0.0684404 62
      vertex 5.92945 0.272593 62
    endloop
  endfacet
  facet normal -0.195091 -0.980785 -0
    outer loop
      vertex 6.95579 0.0684404 62
      vertex 5.92945 0.272593 0
      vertex 6.95579 0.0684404 0
    endloop
  endfacet
  facet normal -0.321121 0.947038 0
    outer loop
      vertex 5.92945 119.727 0
      vertex 4.93853 119.391 62
      vertex 5.92945 119.727 62
    endloop
  endfacet
  facet normal -0.321121 0.947038 0
    outer loop
      vertex 4.93853 119.391 62
      vertex 5.92945 119.727 0
      vertex 4.93853 119.391 0
    endloop
  endfacet
  facet normal -0.751935 0.659238 0
    outer loop
      vertex 1.65317 116.87 0
      vertex 2.34315 117.657 62
      vertex 2.34315 117.657 0
    endloop
  endfacet
  facet normal -0.751935 0.659238 0
    outer loop
      vertex 2.34315 117.657 62
      vertex 1.65317 116.87 0
      vertex 1.65317 116.87 62
    endloop
  endfacet
  facet normal -0.946931 -0.321438 0
    outer loop
      vertex 0.608963 4.93853 0
      vertex 0.272593 5.92945 62
      vertex 0.272593 5.92945 0
    endloop
  endfacet
  facet normal -0.946931 -0.321438 0
    outer loop
      vertex 0.272593 5.92945 62
      vertex 0.608963 4.93853 0
      vertex 0.608963 4.93853 62
    endloop
  endfacet
  facet normal -0.896871 -0.442293 0
    outer loop
      vertex 1.0718 4 0
      vertex 0.608963 4.93853 62
      vertex 0.608963 4.93853 0
    endloop
  endfacet
  facet normal -0.896871 -0.442293 0
    outer loop
      vertex 0.608963 4.93853 62
      vertex 1.0718 4 0
      vertex 1.0718 4 62
    endloop
  endfacet
  facet normal -0.0654024 -0.997859 0
    outer loop
      vertex 6.95579 0.0684404 0
      vertex 8 0 62
      vertex 6.95579 0.0684404 62
    endloop
  endfacet
  facet normal -0.0654024 -0.997859 -0
    outer loop
      vertex 8 0 62
      vertex 6.95579 0.0684404 0
      vertex 8 0 0
    endloop
  endfacet
  facet normal 0.321388 0.946948 -0
    outer loop
      vertex 265.061 119.391 0
      vertex 264.071 119.727 62
      vertex 265.061 119.391 62
    endloop
  endfacet
  facet normal 0.321388 0.946948 0
    outer loop
      vertex 264.071 119.727 62
      vertex 265.061 119.391 0
      vertex 264.071 119.727 0
    endloop
  endfacet
  facet normal 0.98063 -0.19587 0
    outer loop
      vertex 269.727 5.92945 62
      vertex 269.932 6.95579 0
      vertex 269.932 6.95579 62
    endloop
  endfacet
  facet normal 0.98063 -0.19587 0
    outer loop
      vertex 269.932 6.95579 0
      vertex 269.727 5.92945 62
      vertex 269.727 5.92945 0
    endloop
  endfacet
  facet normal 0 0 1
    outer loop
      vertex 266.8 112 62
      vertex 270 112 62
      vertex 269.932 113.044 62
    endloop
  endfacet
  facet normal 0 0 1
    outer loop
      vertex 270 112 62
      vertex 266.8 112 62
      vertex 270 8 62
    endloop
  endfacet
  facet normal 0 0 1
    outer loop
      vertex 266.759 112.627 62
      vertex 269.932 113.044 62
      vertex 269.727 114.071 62
    endloop
  endfacet
  facet normal 0 0 1
    outer loop
      vertex 266.8 8 62
      vertex 270 8 62
      vertex 266.8 112 62
    endloop
  endfacet
  facet normal 0 0 1
    outer loop
      vertex 266.636 113.242 62
      vertex 269.727 114.071 62
      vertex 269.391 115.061 62
    endloop
  endfacet
  facet normal 0 0 1
    outer loop
      vertex 270 8 62
      vertex 266.8 8 62
      vertex 269.932 6.95579 62
    endloop
  endfacet
  facet normal 0 0 1
    outer loop
      vertex 266.435 113.837 62
      vertex 269.391 115.061 62
      vertex 268.928 116 62
    endloop
  endfacet
  facet normal -0 0 1
    outer loop
      vertex 266.759 7.37347 62
      vertex 269.932 6.95579 62
      vertex 266.8 8 62
    endloop
  endfacet
  facet normal 0 0 1
    outer loop
      vertex 266.157 114.4 62
      vertex 268.928 116 62
      vertex 268.347 116.87 62
    endloop
  endfacet
  facet normal 0 0 1
    outer loop
      vertex 269.932 6.95579 62
      vertex 266.759 7.37347 62
      vertex 269.727 5.92945 62
    endloop
  endfacet
  facet normal 0 0 1
    outer loop
      vertex 265.808 114.922 62
      vertex 268.347 116.87 62
      vertex 267.657 117.657 62
    endloop
  endfacet
  facet normal -0 0 1
    outer loop
      vertex 266.636 6.75767 62
      vertex 269.727 5.92945 62
      vertex 266.759 7.37347 62
    endloop
  endfacet
  facet normal 0 0 1
    outer loop
      vertex 265.394 115.394 62
      vertex 267.657 117.657 62
      vertex 266.87 118.347 62
    endloop
  endfacet
  facet normal 0 0 1
    outer loop
      vertex 269.727 5.92945 62
      vertex 266.636 6.75767 62
      vertex 269.391 4.93853 62
    endloop
  endfacet
  facet normal -0 0 1
    outer loop
      vertex 266.435 6.16312 62
      vertex 269.391 4.93853 62
      vertex 266.636 6.75767 62
    endloop
  endfacet
  facet normal 0 0 1
    outer loop
      vertex 269.932 113.044 62
      vertex 266.759 112.627 62
      vertex 266.8 112 62
    endloop
  endfacet
  facet normal 0 0 1
    outer loop
      vertex 269.727 114.071 62
      vertex 266.636 113.242 62
      vertex 266.759 112.627 62
    endloop
  endfacet
  facet normal 0 0 1
    outer loop
      vertex 269.391 115.061 62
      vertex 266.435 113.837 62
      vertex 266.636 113.242 62
    endloop
  endfacet
  facet normal 0 0 1
    outer loop
      vertex 268.928 116 62
      vertex 266.157 114.4 62
      vertex 266.435 113.837 62
    endloop
  endfacet
  facet normal 0 0 1
    outer loop
      vertex 264.922 115.808 62
      vertex 266.87 118.347 62
      vertex 266 118.928 62
    endloop
  endfacet
  facet normal 0 0 1
    outer loop
      vertex 268.347 116.87 62
      vertex 265.808 114.922 62
      vertex 266.157 114.4 62
    endloop
  endfacet
  facet normal 0 0 1
    outer loop
      vertex 267.657 117.657 62
      vertex 265.394 115.394 62
      vertex 265.808 114.922 62
    endloop
  endfacet
  facet normal 0 0 1
    outer loop
      vertex 264.4 116.157 62
      vertex 266 118.928 62
      vertex 265.061 119.391 62
    endloop
  endfacet
  facet normal 0 0 1
    outer loop
      vertex 266.87 118.347 62
      vertex 264.922 115.808 62
      vertex 265.394 115.394 62
    endloop
  endfacet
  facet normal 0 0 1
    outer loop
      vertex 266 118.928 62
      vertex 264.4 116.157 62
      vertex 264.922 115.808 62
    endloop
  endfacet
  facet normal 0 0 1
    outer loop
      vertex 263.837 116.435 62
      vertex 265.061 119.391 62
      vertex 264.071 119.727 62
    endloop
  endfacet
  facet normal 0 0 1
    outer loop
      vertex 265.061 119.391 62
      vertex 263.837 116.435 62
      vertex 264.4 116.157 62
    endloop
  endfacet
  facet normal 0 0 1
    outer loop
      vertex 264.071 119.727 62
      vertex 263.242 116.636 62
      vertex 263.837 116.435 62
    endloop
  endfacet
  facet normal 0 0 1
    outer loop
      vertex 263.044 119.932 62
      vertex 263.242 116.636 62
      vertex 264.071 119.727 62
    endloop
  endfacet
  facet normal 0 0 1
    outer loop
      vertex 263.044 119.932 62
      vertex 262.627 116.759 62
      vertex 263.242 116.636 62
    endloop
  endfacet
  facet normal 0 0 1
    outer loop
      vertex 262 120 62
      vertex 262.627 116.759 62
      vertex 263.044 119.932 62
    endloop
  endfacet
  facet normal 0 0 1
    outer loop
      vertex 262 120 62
      vertex 262 116.8 62
      vertex 262.627 116.759 62
    endloop
  endfacet
  facet normal -0 0 1
    outer loop
      vertex 8 120 62
      vertex 262 116.8 62
      vertex 262 120 62
    endloop
  endfacet
  facet normal 0 0 1
    outer loop
      vertex 8 120 62
      vertex 8 116.8 62
      vertex 262 116.8 62
    endloop
  endfacet
  facet normal 0 0 1
    outer loop
      vertex 8 120 62
      vertex 7.37347 116.759 62
      vertex 8 116.8 62
    endloop
  endfacet
  facet normal -0 0 1
    outer loop
      vertex 6.95579 119.932 62
      vertex 7.37347 116.759 62
      vertex 8 120 62
    endloop
  endfacet
  facet normal 0 0 1
    outer loop
      vertex 6.95579 119.932 62
      vertex 6.75767 116.636 62
      vertex 7.37347 116.759 62
    endloop
  endfacet
  facet normal -0 0 1
    outer loop
      vertex 5.92945 119.727 62
      vertex 6.75767 116.636 62
      vertex 6.95579 119.932 62
    endloop
  endfacet
  facet normal 0 0 1
    outer loop
      vertex 6.75767 116.636 62
      vertex 5.92945 119.727 62
      vertex 6.16312 116.435 62
    endloop
  endfacet
  facet normal -0 0 1
    outer loop
      vertex 4.93853 119.391 62
      vertex 6.16312 116.435 62
      vertex 5.92945 119.727 62
    endloop
  endfacet
  facet normal 0 0 1
    outer loop
      vertex 6.16312 116.435 62
      vertex 4.93853 119.391 62
      vertex 5.6 116.157 62
    endloop
  endfacet
  facet normal -0 0 1
    outer loop
      vertex 4 118.928 62
      vertex 5.6 116.157 62
      vertex 4.93853 119.391 62
    endloop
  endfacet
  facet normal 0 0 1
    outer loop
      vertex 5.6 116.157 62
      vertex 4 118.928 62
      vertex 5.07794 115.808 62
    endloop
  endfacet
  facet normal -0 0 1
    outer loop
      vertex 3.12991 118.347 62
      vertex 5.07794 115.808 62
      vertex 4 118.928 62
    endloop
  endfacet
  facet normal 0 0 1
    outer loop
      vertex 5.07794 115.808 62
      vertex 3.12991 118.347 62
      vertex 4.60589 115.394 62
    endloop
  endfacet
  facet normal -0 0 1
    outer loop
      vertex 2.34315 117.657 62
      vertex 4.60589 115.394 62
      vertex 3.12991 118.347 62
    endloop
  endfacet
  facet normal 0 0 1
    outer loop
      vertex 4.60589 115.394 62
      vertex 2.34315 117.657 62
      vertex 4.1919 114.922 62
    endloop
  endfacet
  facet normal -0 0 1
    outer loop
      vertex 1.65317 116.87 62
      vertex 4.1919 114.922 62
      vertex 2.34315 117.657 62
    endloop
  endfacet
  facet normal 0 0 1
    outer loop
      vertex 4.1919 114.922 62
      vertex 1.65317 116.87 62
      vertex 3.84308 114.4 62
    endloop
  endfacet
  facet normal -0 0 1
    outer loop
      vertex 0.608963 115.061 62
      vertex 3.56538 113.837 62
      vertex 1.0718 116 62
    endloop
  endfacet
  facet normal 0 0 1
    outer loop
      vertex 3.84308 114.4 62
      vertex 1.0718 116 62
      vertex 3.56538 113.837 62
    endloop
  endfacet
  facet normal -0 0 1
    outer loop
      vertex 1.0718 116 62
      vertex 3.84308 114.4 62
      vertex 1.65317 116.87 62
    endloop
  endfacet
  facet normal 0 0 1
    outer loop
      vertex 269.391 4.93853 62
      vertex 266.435 6.16312 62
      vertex 268.928 4 62
    endloop
  endfacet
  facet normal -0 0 1
    outer loop
      vertex 266.157 5.6 62
      vertex 268.928 4 62
      vertex 266.435 6.16312 62
    endloop
  endfacet
  facet normal 0 0 1
    outer loop
      vertex 268.928 4 62
      vertex 266.157 5.6 62
      vertex 268.347 3.12991 62
    endloop
  endfacet
  facet normal -0 0 1
    outer loop
      vertex 265.808 5.07794 62
      vertex 268.347 3.12991 62
      vertex 266.157 5.6 62
    endloop
  endfacet
  facet normal 0 0 1
    outer loop
      vertex 268.347 3.12991 62
      vertex 265.808 5.07794 62
      vertex 267.657 2.34315 62
    endloop
  endfacet
  facet normal -0 0 1
    outer loop
      vertex 265.394 4.60589 62
      vertex 267.657 2.34315 62
      vertex 265.808 5.07794 62
    endloop
  endfacet
  facet normal 0 0 1
    outer loop
      vertex 267.657 2.34315 62
      vertex 265.394 4.60589 62
      vertex 266.87 1.65317 62
    endloop
  endfacet
  facet normal -0 0 1
    outer loop
      vertex 264.922 4.1919 62
      vertex 266.87 1.65317 62
      vertex 265.394 4.60589 62
    endloop
  endfacet
  facet normal 0 0 1
    outer loop
      vertex 266.87 1.65317 62
      vertex 264.922 4.1919 62
      vertex 266 1.0718 62
    endloop
  endfacet
  facet normal -0 0 1
    outer loop
      vertex 264.4 3.84308 62
      vertex 266 1.0718 62
      vertex 264.922 4.1919 62
    endloop
  endfacet
  facet normal 0 0 1
    outer loop
      vertex 266 1.0718 62
      vertex 264.4 3.84308 62
      vertex 265.061 0.608963 62
    endloop
  endfacet
  facet normal -0 0 1
    outer loop
      vertex 263.837 3.56538 62
      vertex 265.061 0.608963 62
      vertex 264.4 3.84308 62
    endloop
  endfacet
  facet normal 0 0 1
    outer loop
      vertex 265.061 0.608963 62
      vertex 263.837 3.56538 62
      vertex 264.071 0.272593 62
    endloop
  endfacet
  facet normal -0 0 1
    outer loop
      vertex 263.242 3.36356 62
      vertex 264.071 0.272593 62
      vertex 263.837 3.56538 62
    endloop
  endfacet
  facet normal 0 0 1
    outer loop
      vertex 263.242 3.36356 62
      vertex 263.044 0.0684404 62
      vertex 264.071 0.272593 62
    endloop
  endfacet
  facet normal -0 0 1
    outer loop
      vertex 262.627 3.24106 62
      vertex 263.044 0.0684404 62
      vertex 263.242 3.36356 62
    endloop
  endfacet
  facet normal -0 0 1
    outer loop
      vertex 262 3.2 62
      vertex 263.044 0.0684404 62
      vertex 262.627 3.24106 62
    endloop
  endfacet
  facet normal 0 0 1
    outer loop
      vertex 262 3.2 62
      vertex 262 0 62
      vertex 263.044 0.0684404 62
    endloop
  endfacet
  facet normal -0 0 1
    outer loop
      vertex 8 3.2 62
      vertex 262 0 62
      vertex 262 3.2 62
    endloop
  endfacet
  facet normal 0 0 1
    outer loop
      vertex 8 3.2 62
      vertex 8 0 62
      vertex 262 0 62
    endloop
  endfacet
  facet normal 0 0 1
    outer loop
      vertex 7.37347 3.24106 62
      vertex 8 0 62
      vertex 8 3.2 62
    endloop
  endfacet
  facet normal 0 0 1
    outer loop
      vertex 7.37347 3.24106 62
      vertex 6.95579 0.0684404 62
      vertex 8 0 62
    endloop
  endfacet
  facet normal 0 0 1
    outer loop
      vertex 6.75767 3.36356 62
      vertex 6.95579 0.0684404 62
      vertex 7.37347 3.24106 62
    endloop
  endfacet
  facet normal 0 0 1
    outer loop
      vertex 5.92945 0.272593 62
      vertex 6.75767 3.36356 62
      vertex 6.16312 3.56538 62
    endloop
  endfacet
  facet normal 0 0 1
    outer loop
      vertex 6.75767 3.36356 62
      vertex 5.92945 0.272593 62
      vertex 6.95579 0.0684404 62
    endloop
  endfacet
  facet normal 0 0 1
    outer loop
      vertex 4.93853 0.608963 62
      vertex 6.16312 3.56538 62
      vertex 5.6 3.84308 62
    endloop
  endfacet
  facet normal 0 0 1
    outer loop
      vertex 4 1.0718 62
      vertex 5.6 3.84308 62
      vertex 5.07794 4.1919 62
    endloop
  endfacet
  facet normal 0 0 1
    outer loop
      vertex 6.16312 3.56538 62
      vertex 4.93853 0.608963 62
      vertex 5.92945 0.272593 62
    endloop
  endfacet
  facet normal 0 0 1
    outer loop
      vertex 3.12991 1.65317 62
      vertex 5.07794 4.1919 62
      vertex 4.60589 4.60589 62
    endloop
  endfacet
  facet normal 0 0 1
    outer loop
      vertex 2.34315 2.34315 62
      vertex 4.60589 4.60589 62
      vertex 4.1919 5.07794 62
    endloop
  endfacet
  facet normal 0 0 1
    outer loop
      vertex 5.6 3.84308 62
      vertex 4 1.0718 62
      vertex 4.93853 0.608963 62
    endloop
  endfacet
  facet normal 0 0 1
    outer loop
      vertex 1.65317 3.12991 62
      vertex 4.1919 5.07794 62
      vertex 3.84308 5.6 62
    endloop
  endfacet
  facet normal 0 0 1
    outer loop
      vertex 1.0718 4 62
      vertex 3.84308 5.6 62
      vertex 3.56538 6.16312 62
    endloop
  endfacet
  facet normal 0 0 1
    outer loop
      vertex 0.608963 4.93853 62
      vertex 3.56538 6.16312 62
      vertex 3.36356 6.75767 62
    endloop
  endfacet
  facet normal 0 0 1
    outer loop
      vertex 0.272593 5.92945 62
      vertex 3.36356 6.75767 62
      vertex 3.24106 7.37347 62
    endloop
  endfacet
  facet normal 0 0 1
    outer loop
      vertex 5.07794 4.1919 62
      vertex 3.12991 1.65317 62
      vertex 4 1.0718 62
    endloop
  endfacet
  facet normal 0 0 1
    outer loop
      vertex 0.0684404 6.95579 62
      vertex 3.24106 7.37347 62
      vertex 3.2 8 62
    endloop
  endfacet
  facet normal 0 0 1
    outer loop
      vertex 3.2 112 62
      vertex 0 112 62
      vertex 3.2 8 62
    endloop
  endfacet
  facet normal 0 0 1
    outer loop
      vertex 3.56538 113.837 62
      vertex 0.608963 115.061 62
      vertex 3.36356 113.242 62
    endloop
  endfacet
  facet normal 0 0 1
    outer loop
      vertex 0 8 62
      vertex 3.2 8 62
      vertex 0 112 62
    endloop
  endfacet
  facet normal -0 0 1
    outer loop
      vertex 0.272593 114.071 62
      vertex 3.36356 113.242 62
      vertex 0.608963 115.061 62
    endloop
  endfacet
  facet normal 0 -0 1
    outer loop
      vertex 0.0684404 6.95579 62
      vertex 3.2 8 62
      vertex 0 8 62
    endloop
  endfacet
  facet normal 0 0 1
    outer loop
      vertex 3.36356 113.242 62
      vertex 0.272593 114.071 62
      vertex 3.24106 112.627 62
    endloop
  endfacet
  facet normal 0 0 1
    outer loop
      vertex 4.60589 4.60589 62
      vertex 2.34315 2.34315 62
      vertex 3.12991 1.65317 62
    endloop
  endfacet
  facet normal -0 0 1
    outer loop
      vertex 0.0684404 113.044 62
      vertex 3.24106 112.627 62
      vertex 0.272593 114.071 62
    endloop
  endfacet
  facet normal 0 0 1
    outer loop
      vertex 4.1919 5.07794 62
      vertex 1.65317 3.12991 62
      vertex 2.34315 2.34315 62
    endloop
  endfacet
  facet normal 0 0 1
    outer loop
      vertex 3.24106 112.627 62
      vertex 0.0684404 113.044 62
      vertex 3.2 112 62
    endloop
  endfacet
  facet normal 0 0 1
    outer loop
      vertex 3.84308 5.6 62
      vertex 1.0718 4 62
      vertex 1.65317 3.12991 62
    endloop
  endfacet
  facet normal 0 0 1
    outer loop
      vertex 3.2 112 62
      vertex 0.0684404 113.044 62
      vertex 0 112 62
    endloop
  endfacet
  facet normal 0 0 1
    outer loop
      vertex 3.56538 6.16312 62
      vertex 0.608963 4.93853 62
      vertex 1.0718 4 62
    endloop
  endfacet
  facet normal 0 0 1
    outer loop
      vertex 3.36356 6.75767 62
      vertex 0.272593 5.92945 62
      vertex 0.608963 4.93853 62
    endloop
  endfacet
  facet normal 0 0 1
    outer loop
      vertex 3.24106 7.37347 62
      vertex 0.0684404 6.95579 62
      vertex 0.272593 5.92945 62
    endloop
  endfacet
  facet normal 0.195049 -0.980793 0
    outer loop
      vertex 263.044 0.0684404 12
      vertex 263.044 0.0684404 0
      vertex 264 0.258559 12
    endloop
  endfacet
  facet normal 0.194971 -0.980809 0
    outer loop
      vertex 263.044 0.0684404 27
      vertex 264.071 0.272593 62
      vertex 263.044 0.0684404 62
    endloop
  endfacet
  facet normal 0.195049 -0.980793 -2.40117e-06
    outer loop
      vertex 264 0.258559 27
      vertex 264.071 0.272593 62
      vertex 263.044 0.0684404 27
    endloop
  endfacet
  facet normal 0.19391 -0.981019 0
    outer loop
      vertex 264 0.258559 12
      vertex 264.071 0.272593 62
      vertex 264 0.258559 27
    endloop
  endfacet
  facet normal 0.19391 -0.981019 0
    outer loop
      vertex 264 0.258559 12
      vertex 264.071 0.272593 0
      vertex 264.071 0.272593 62
    endloop
  endfacet
  facet normal 0.194971 -0.980809 6.51936e-06
    outer loop
      vertex 264.071 0.272593 0
      vertex 264 0.258559 12
      vertex 263.044 0.0684404 0
    endloop
  endfacet
  facet normal -0.659362 0.751826 0
    outer loop
      vertex 3.12991 118.347 0
      vertex 2.34315 117.657 62
      vertex 3.12991 118.347 62
    endloop
  endfacet
  facet normal -0.659362 0.751826 0
    outer loop
      vertex 2.34315 117.657 62
      vertex 3.12991 118.347 0
      vertex 2.34315 117.657 0
    endloop
  endfacet
  facet normal -0.442418 0.896809 0
    outer loop
      vertex 4.93853 119.391 0
      vertex 4 118.928 62
      vertex 4.93853 119.391 62
    endloop
  endfacet
  facet normal -0.442418 0.896809 0
    outer loop
      vertex 4 118.928 62
      vertex 4.93853 119.391 0
      vertex 4 118.928 0
    endloop
  endfacet
  facet normal 0.44224 0.896897 -0
    outer loop
      vertex 266 118.928 0
      vertex 265.061 119.391 62
      vertex 266 118.928 62
    endloop
  endfacet
  facet normal 0.44224 0.896897 0
    outer loop
      vertex 265.061 119.391 62
      vertex 266 118.928 0
      vertex 265.061 119.391 0
    endloop
  endfacet
  facet normal -0.997858 0.0654155 0
    outer loop
      vertex 0 112 0
      vertex 0.0684404 113.044 62
      vertex 0.0684404 113.044 0
    endloop
  endfacet
  facet normal -0.997858 0.0654155 0
    outer loop
      vertex 0.0684404 113.044 62
      vertex 0 112 0
      vertex 0 112 62
    endloop
  endfacet
  facet normal 0.659238 -0.751935 0
    outer loop
      vertex 266.87 1.65317 0
      vertex 267.657 2.34315 62
      vertex 266.87 1.65317 62
    endloop
  endfacet
  facet normal 0.659238 -0.751935 0
    outer loop
      vertex 267.657 2.34315 62
      vertex 266.87 1.65317 0
      vertex 267.657 2.34315 0
    endloop
  endfacet
  facet normal -0.555567 -0.831472 0
    outer loop
      vertex 3.12991 1.65317 0
      vertex 4 1.0718 62
      vertex 3.12991 1.65317 62
    endloop
  endfacet
  facet normal -0.555567 -0.831472 -0
    outer loop
      vertex 4 1.0718 62
      vertex 3.12991 1.65317 0
      vertex 4 1.0718 0
    endloop
  endfacet
  facet normal 0.980654 0.195749 0
    outer loop
      vertex 269.932 113.044 62
      vertex 269.727 114.071 0
      vertex 269.727 114.071 62
    endloop
  endfacet
  facet normal 0.980654 0.195749 0
    outer loop
      vertex 269.727 114.071 0
      vertex 269.932 113.044 62
      vertex 269.932 113.044 0
    endloop
  endfacet
  facet normal -0.321438 -0.946931 0
    outer loop
      vertex 4.93853 0.608963 0
      vertex 5.92945 0.272593 62
      vertex 4.93853 0.608963 62
    endloop
  endfacet
  facet normal -0.321438 -0.946931 -0
    outer loop
      vertex 5.92945 0.272593 62
      vertex 4.93853 0.608963 0
      vertex 5.92945 0.272593 0
    endloop
  endfacet
  facet normal 0.555606 -0.831446 0
    outer loop
      vertex 266 1.0718 0
      vertex 266.87 1.65317 62
      vertex 266 1.0718 62
    endloop
  endfacet
  facet normal 0.555606 -0.831446 0
    outer loop
      vertex 266.87 1.65317 62
      vertex 266 1.0718 0
      vertex 266.87 1.65317 0
    endloop
  endfacet
  facet normal 0.0649964 0.997886 -0
    outer loop
      vertex 263.044 119.932 0
      vertex 262 120 62
      vertex 263.044 119.932 62
    endloop
  endfacet
  facet normal 0.0649964 0.997886 0
    outer loop
      vertex 262 120 62
      vertex 263.044 119.932 0
      vertex 262 120 0
    endloop
  endfacet
  facet normal 0.896809 -0.442418 0
    outer loop
      vertex 268.928 4 62
      vertex 269.391 4.93853 0
      vertex 269.391 4.93853 62
    endloop
  endfacet
  facet normal 0.896809 -0.442418 0
    outer loop
      vertex 269.391 4.93853 0
      vertex 268.928 4 62
      vertex 268.928 4 0
    endloop
  endfacet
  facet normal 0.195749 0.980654 -0
    outer loop
      vertex 264.071 119.727 0
      vertex 263.044 119.932 62
      vertex 264.071 119.727 62
    endloop
  endfacet
  facet normal 0.195749 0.980654 0
    outer loop
      vertex 263.044 119.932 62
      vertex 264.071 119.727 0
      vertex 263.044 119.932 0
    endloop
  endfacet
  facet normal -0.555322 0.831635 0
    outer loop
      vertex 4 118.928 0
      vertex 3.12991 118.347 62
      vertex 4 118.928 62
    endloop
  endfacet
  facet normal -0.555322 0.831635 0
    outer loop
      vertex 3.12991 118.347 62
      vertex 4 118.928 0
      vertex 3.12991 118.347 0
    endloop
  endfacet
  facet normal -0.0649834 0.997886 0
    outer loop
      vertex 8 120 0
      vertex 6.95579 119.932 62
      vertex 8 120 62
    endloop
  endfacet
  facet normal -0.0649834 0.997886 0
    outer loop
      vertex 6.95579 119.932 62
      vertex 8 120 0
      vertex 6.95579 119.932 0
    endloop
  endfacet
  facet normal -0.831472 -0.555567 0
    outer loop
      vertex 1.65317 3.12991 0
      vertex 1.0718 4 62
      vertex 1.0718 4 0
    endloop
  endfacet
  facet normal -0.831472 -0.555567 0
    outer loop
      vertex 1.0718 4 62
      vertex 1.65317 3.12991 0
      vertex 1.65317 3.12991 62
    endloop
  endfacet
  facet normal -0.659351 -0.751835 0
    outer loop
      vertex 2.34315 2.34315 0
      vertex 3.12991 1.65317 62
      vertex 2.34315 2.34315 62
    endloop
  endfacet
  facet normal -0.659351 -0.751835 -0
    outer loop
      vertex 3.12991 1.65317 62
      vertex 2.34315 2.34315 0
      vertex 3.12991 1.65317 0
    endloop
  endfacet
  facet normal -0.751835 -0.659351 0
    outer loop
      vertex 2.34315 2.34315 0
      vertex 1.65317 3.12991 62
      vertex 1.65317 3.12991 0
    endloop
  endfacet
  facet normal -0.751835 -0.659351 0
    outer loop
      vertex 1.65317 3.12991 62
      vertex 2.34315 2.34315 0
      vertex 2.34315 2.34315 62
    endloop
  endfacet
  facet normal 0.831609 0.555362 0
    outer loop
      vertex 268.928 116 62
      vertex 268.347 116.87 0
      vertex 268.347 116.87 62
    endloop
  endfacet
  facet normal 0.831609 0.555362 0
    outer loop
      vertex 268.347 116.87 0
      vertex 268.928 116 62
      vertex 268.928 116 0
    endloop
  endfacet
  facet normal 0.442115 -0.896959 0
    outer loop
      vertex 265.061 0.608963 0
      vertex 266 1.0718 62
      vertex 265.061 0.608963 62
    endloop
  endfacet
  facet normal 0.442115 -0.896959 0
    outer loop
      vertex 266 1.0718 62
      vertex 265.061 0.608963 0
      vertex 266 1.0718 0
    endloop
  endfacet
  facet normal -0.980809 0.194971 0
    outer loop
      vertex 0.0684404 113.044 0
      vertex 0.272593 114.071 62
      vertex 0.272593 114.071 0
    endloop
  endfacet
  facet normal -0.980809 0.194971 0
    outer loop
      vertex 0.272593 114.071 62
      vertex 0.0684404 113.044 0
      vertex 0.0684404 113.044 62
    endloop
  endfacet
  facet normal 0.321706 -0.94684 0
    outer loop
      vertex 264.071 0.272593 0
      vertex 265.061 0.608963 62
      vertex 264.071 0.272593 62
    endloop
  endfacet
  facet normal 0.321706 -0.94684 0
    outer loop
      vertex 265.061 0.608963 62
      vertex 264.071 0.272593 0
      vertex 265.061 0.608963 0
    endloop
  endfacet
  facet normal -0.997859 -0.0654024 0
    outer loop
      vertex 0.0684404 6.95579 0
      vertex 0 8 62
      vertex 0 8 0
    endloop
  endfacet
  facet normal -0.997859 -0.0654024 0
    outer loop
      vertex 0 8 62
      vertex 0.0684404 6.95579 0
      vertex 0.0684404 6.95579 62
    endloop
  endfacet
  facet normal -0.980785 -0.195091 0
    outer loop
      vertex 0.272593 5.92945 0
      vertex 0.0684404 6.95579 62
      vertex 0.0684404 6.95579 0
    endloop
  endfacet
  facet normal -0.980785 -0.195091 0
    outer loop
      vertex 0.0684404 6.95579 62
      vertex 0.272593 5.92945 0
      vertex 0.272593 5.92945 62
    endloop
  endfacet
  facet normal 0.896897 0.44224 0
    outer loop
      vertex 269.391 115.061 62
      vertex 268.928 116 0
      vertex 268.928 116 62
    endloop
  endfacet
  facet normal 0.896897 0.44224 0
    outer loop
      vertex 268.928 116 0
      vertex 269.391 115.061 62
      vertex 269.391 115.061 0
    endloop
  endfacet
  facet normal -0.896959 0.442115 0
    outer loop
      vertex 0.608963 115.061 0
      vertex 1.0718 116 62
      vertex 1.0718 116 0
    endloop
  endfacet
  facet normal -0.896959 0.442115 0
    outer loop
      vertex 1.0718 116 62
      vertex 0.608963 115.061 0
      vertex 0.608963 115.061 62
    endloop
  endfacet
  facet normal 1 0 0
    outer loop
      vertex 3.2 112 62
      vertex 3.2 110.619 56
      vertex 3.2 112 56
    endloop
  endfacet
  facet normal 1 0 0
    outer loop
      vertex 3.2 110.619 56
      vertex 3.2 9.38138 56
      vertex 3.2 110.619 3.2
    endloop
  endfacet
  facet normal 1 0 0
    outer loop
      vertex 3.2 112 62
      vertex 3.2 9.38138 56
      vertex 3.2 110.619 56
    endloop
  endfacet
  facet normal 1 -0 0
    outer loop
      vertex 3.2 8 62
      vertex 3.2 9.38138 56
      vertex 3.2 112 62
    endloop
  endfacet
  facet normal 1 0 0
    outer loop
      vertex 3.2 9.38138 56
      vertex 3.2 8 62
      vertex 3.2 8 56
    endloop
  endfacet
  facet normal 1 0 0
    outer loop
      vertex 3.2 9.38138 3.2
      vertex 3.2 110.619 3.2
      vertex 3.2 9.38138 56
    endloop
  endfacet
  facet normal 0 0 0
    outer loop
      vertex 3.2 9.38138 3.2
      vertex 3.2 112 3.2
      vertex 3.2 110.619 3.2
    endloop
  endfacet
  facet normal -0 0 0
    outer loop
      vertex 3.2 9.38138 3.2
      vertex 3.2 8 3.2
      vertex 3.2 112 3.2
    endloop
  endfacet
  facet normal 0.997859 0.0653953 0
    outer loop
      vertex 3.24106 7.37347 62
      vertex 3.2 8 56
      vertex 3.2 8 62
    endloop
  endfacet
  facet normal 0.997859 0.0653953 0
    outer loop
      vertex 3.2 8 56
      vertex 3.24106 7.37347 62
      vertex 3.24106 7.37347 56
    endloop
  endfacet
  facet normal -1 0 0
    outer loop
      vertex 266.8 110.619 3.2
      vertex 266.8 9.38138 3.2
      vertex 266.8 110.619 56
    endloop
  endfacet
  facet normal 0 0 0
    outer loop
      vertex 266.8 112 3.2
      vertex 266.8 9.38138 3.2
      vertex 266.8 110.619 3.2
    endloop
  endfacet
  facet normal 0 0 0
    outer loop
      vertex 266.8 8 3.2
      vertex 266.8 9.38138 3.2
      vertex 266.8 112 3.2
    endloop
  endfacet
  facet normal -1 0 0
    outer loop
      vertex 266.8 110.619 56
      vertex 266.8 112 62
      vertex 266.8 112 56
    endloop
  endfacet
  facet normal -1 0 0
    outer loop
      vertex 266.8 9.38138 56
      vertex 266.8 110.619 56
      vertex 266.8 9.38138 3.2
    endloop
  endfacet
  facet normal -1 0 0
    outer loop
      vertex 266.8 110.619 56
      vertex 266.8 9.38138 56
      vertex 266.8 112 62
    endloop
  endfacet
  facet normal -1 0 0
    outer loop
      vertex 266.8 8 62
      vertex 266.8 9.38138 56
      vertex 266.8 8 56
    endloop
  endfacet
  facet normal -1 0 0
    outer loop
      vertex 266.8 9.38138 56
      vertex 266.8 8 62
      vertex 266.8 112 62
    endloop
  endfacet
  facet normal -0.321218 0.947005 0
    outer loop
      vertex 263.837 3.56538 56
      vertex 263.242 3.36356 62
      vertex 263.837 3.56538 62
    endloop
  endfacet
  facet normal -0.321218 0.947005 0
    outer loop
      vertex 263.242 3.36356 62
      vertex 263.837 3.56538 56
      vertex 263.242 3.36356 56
    endloop
  endfacet
  facet normal -0.659406 -0.751787 0
    outer loop
      vertex 264.922 115.808 56
      vertex 265.394 115.394 62
      vertex 264.922 115.808 62
    endloop
  endfacet
  facet normal -0.659406 -0.751787 -0
    outer loop
      vertex 265.394 115.394 62
      vertex 264.922 115.808 56
      vertex 265.394 115.394 56
    endloop
  endfacet
  facet normal 0 -1 0
    outer loop
      vertex 242 116.8 3.2
      vertex 260.619 116.8 56
      vertex 242 116.8 58
    endloop
  endfacet
  facet normal 0 -1 -0
    outer loop
      vertex 260.619 116.8 56
      vertex 242 116.8 3.2
      vertex 260.619 116.8 3.2
    endloop
  endfacet
  facet normal 0 0 0
    outer loop
      vertex 262 116.8 3.2
      vertex 260.619 116.8 3.2
      vertex 242 116.8 3.2
    endloop
  endfacet
  facet normal 0 -1 0
    outer loop
      vertex 8 116.8 62
      vertex 238 116.8 58
      vertex 262 116.8 62
    endloop
  endfacet
  facet normal 0 -1 0
    outer loop
      vertex 9.38138 116.8 56
      vertex 8 116.8 62
      vertex 8 116.8 56
    endloop
  endfacet
  facet normal 0 -1 0
    outer loop
      vertex 8 116.8 62
      vertex 9.38138 116.8 56
      vertex 238 116.8 58
    endloop
  endfacet
  facet normal 0 -1 0
    outer loop
      vertex 9.38138 116.8 3.2
      vertex 238 116.8 58
      vertex 9.38138 116.8 56
    endloop
  endfacet
  facet normal 0 -1 0
    outer loop
      vertex 9.38138 116.8 3.2
      vertex 238 116.8 3.2
      vertex 238 116.8 58
    endloop
  endfacet
  facet normal 0 0 0
    outer loop
      vertex 238 116.8 3.2
      vertex 9.38138 116.8 3.2
      vertex 8 116.8 3.2
    endloop
  endfacet
  facet normal 0 -1 0
    outer loop
      vertex 242 116.8 58
      vertex 262 116.8 62
      vertex 238 116.8 58
    endloop
  endfacet
  facet normal 0 -1 0
    outer loop
      vertex 260.619 116.8 56
      vertex 262 116.8 62
      vertex 242 116.8 58
    endloop
  endfacet
  facet normal 0 -1 -0
    outer loop
      vertex 262 116.8 62
      vertex 260.619 116.8 56
      vertex 262 116.8 56
    endloop
  endfacet
  facet normal 0.751829 0.659358 0
    outer loop
      vertex 4.60589 4.60589 62
      vertex 4.1919 5.07794 56
      vertex 4.1919 5.07794 62
    endloop
  endfacet
  facet normal 0.751829 0.659358 0
    outer loop
      vertex 4.1919 5.07794 56
      vertex 4.60589 4.60589 62
      vertex 4.60589 4.60589 56
    endloop
  endfacet
  facet normal 0.0653001 -0.997866 0
    outer loop
      vertex 7.37347 116.759 56
      vertex 8 116.8 62
      vertex 7.37347 116.759 62
    endloop
  endfacet
  facet normal 0.0653001 -0.997866 0
    outer loop
      vertex 8 116.8 62
      vertex 7.37347 116.759 56
      vertex 8 116.8 56
    endloop
  endfacet
  facet normal -0.98063 0.195871 0
    outer loop
      vertex 266.636 6.75767 56
      vertex 266.759 7.37347 62
      vertex 266.759 7.37347 56
    endloop
  endfacet
  facet normal -0.98063 0.195871 0
    outer loop
      vertex 266.759 7.37347 62
      vertex 266.636 6.75767 56
      vertex 266.636 6.75767 62
    endloop
  endfacet
  facet normal -0.195349 0.980734 0
    outer loop
      vertex 263.242 3.36356 56
      vertex 262.627 3.24106 62
      vertex 263.242 3.36356 62
    endloop
  endfacet
  facet normal -0.195349 0.980734 0
    outer loop
      vertex 262.627 3.24106 62
      vertex 263.242 3.36356 56
      vertex 262.627 3.24106 56
    endloop
  endfacet
  facet normal 0 1 0
    outer loop
      vertex 260.619 3.2 12
      vertex 260.619 3.2 3.2
      vertex 247 3.2 12
    endloop
  endfacet
  facet normal 0 1 -0
    outer loop
      vertex 35 3.2 14
      vertex 26 3.2 24
      vertex 35 3.2 24
    endloop
  endfacet
  facet normal 0 1 0
    outer loop
      vertex 26 3.2 24
      vertex 35 3.2 14
      vertex 26 3.2 14
    endloop
  endfacet
  facet normal 0 1 -0
    outer loop
      vertex 96 3.2 14
      vertex 49 3.2 24
      vertex 96 3.2 24
    endloop
  endfacet
  facet normal 0 1 0
    outer loop
      vertex 49 3.2 24
      vertex 96 3.2 14
      vertex 49 3.2 14
    endloop
  endfacet
  facet normal 0 1 -0
    outer loop
      vertex 119 3.2 14
      vertex 110 3.2 24
      vertex 119 3.2 24
    endloop
  endfacet
  facet normal 0 1 0
    outer loop
      vertex 110 3.2 24
      vertex 119 3.2 14
      vertex 110 3.2 14
    endloop
  endfacet
  facet normal 0 1 -0
    outer loop
      vertex 180 3.2 14
      vertex 133 3.2 24
      vertex 180 3.2 24
    endloop
  endfacet
  facet normal 0 1 0
    outer loop
      vertex 133 3.2 24
      vertex 180 3.2 14
      vertex 133 3.2 14
    endloop
  endfacet
  facet normal 0 1 -0
    outer loop
      vertex 203 3.2 14
      vertex 194 3.2 24
      vertex 203 3.2 24
    endloop
  endfacet
  facet normal 0 1 0
    outer loop
      vertex 194 3.2 24
      vertex 203 3.2 14
      vertex 194 3.2 14
    endloop
  endfacet
  facet normal 0 1 0
    outer loop
      vertex 194 3.2 24
      vertex 238 3.2 58
      vertex 203 3.2 24
    endloop
  endfacet
  facet normal 0 1 -0
    outer loop
      vertex 238 3.2 3.2
      vertex 217 3.2 24
      vertex 238 3.2 58
    endloop
  endfacet
  facet normal 0 1 0
    outer loop
      vertex 238 3.2 3.2
      vertex 203 3.2 14
      vertex 217 3.2 14
    endloop
  endfacet
  facet normal 0 1 0
    outer loop
      vertex 203 3.2 14
      vertex 238 3.2 3.2
      vertex 194 3.2 14
    endloop
  endfacet
  facet normal 0 1 0
    outer loop
      vertex 194 3.2 14
      vertex 238 3.2 3.2
      vertex 180 3.2 14
    endloop
  endfacet
  facet normal 0 1 0
    outer loop
      vertex 180 3.2 14
      vertex 238 3.2 3.2
      vertex 133 3.2 14
    endloop
  endfacet
  facet normal 0 1 0
    outer loop
      vertex 133 3.2 14
      vertex 238 3.2 3.2
      vertex 119 3.2 14
    endloop
  endfacet
  facet normal 0 1 0
    outer loop
      vertex 9.38138 3.2 3.2
      vertex 119 3.2 14
      vertex 238 3.2 3.2
    endloop
  endfacet
  facet normal 0 1 0
    outer loop
      vertex 119 3.2 14
      vertex 9.38138 3.2 3.2
      vertex 110 3.2 14
    endloop
  endfacet
  facet normal 0 1 0
    outer loop
      vertex 110 3.2 14
      vertex 9.38138 3.2 3.2
      vertex 96 3.2 14
    endloop
  endfacet
  facet normal 0 1 0
    outer loop
      vertex 96 3.2 14
      vertex 9.38138 3.2 3.2
      vertex 49 3.2 14
    endloop
  endfacet
  facet normal 0 1 0
    outer loop
      vertex 35 3.2 14
      vertex 9.38138 3.2 3.2
      vertex 26 3.2 14
    endloop
  endfacet
  facet normal 0 1 0
    outer loop
      vertex 26 3.2 14
      vertex 9.38138 3.2 3.2
      vertex 12 3.2 14
    endloop
  endfacet
  facet normal 0 1 0
    outer loop
      vertex 217 3.2 24
      vertex 238 3.2 3.2
      vertex 217 3.2 14
    endloop
  endfacet
  facet normal 0 1 0
    outer loop
      vertex 49 3.2 14
      vertex 9.38138 3.2 3.2
      vertex 35 3.2 14
    endloop
  endfacet
  facet normal 0 0 0
    outer loop
      vertex 8 3.2 3.2
      vertex 9.38138 3.2 3.2
      vertex 238 3.2 3.2
    endloop
  endfacet
  facet normal 0 1 0
    outer loop
      vertex 238 3.2 58
      vertex 262 3.2 62
      vertex 242 3.2 58
    endloop
  endfacet
  facet normal 0 1 0
    outer loop
      vertex 260.619 3.2 56
      vertex 262 3.2 62
      vertex 262 3.2 56
    endloop
  endfacet
  facet normal 0 1 0
    outer loop
      vertex 262 3.2 62
      vertex 260.619 3.2 56
      vertex 242 3.2 58
    endloop
  endfacet
  facet normal 0 1 0
    outer loop
      vertex 247 3.2 27
      vertex 260.619 3.2 56
      vertex 260.619 3.2 27
    endloop
  endfacet
  facet normal 0 1 0
    outer loop
      vertex 260.619 3.2 56
      vertex 247 3.2 27
      vertex 242 3.2 58
    endloop
  endfacet
  facet normal 0 1 0
    outer loop
      vertex 242 3.2 3.2
      vertex 247 3.2 27
      vertex 247 3.2 12
    endloop
  endfacet
  facet normal 0 1 0
    outer loop
      vertex 247 3.2 27
      vertex 242 3.2 3.2
      vertex 242 3.2 58
    endloop
  endfacet
  facet normal 0 1 0
    outer loop
      vertex 260.619 3.2 3.2
      vertex 242 3.2 3.2
      vertex 247 3.2 12
    endloop
  endfacet
  facet normal 0 0 0
    outer loop
      vertex 242 3.2 3.2
      vertex 260.619 3.2 3.2
      vertex 262 3.2 3.2
    endloop
  endfacet
  facet normal 0 1 0
    outer loop
      vertex 262 3.2 62
      vertex 238 3.2 58
      vertex 8 3.2 62
    endloop
  endfacet
  facet normal 0 1 0
    outer loop
      vertex 203 3.2 24
      vertex 238 3.2 58
      vertex 217 3.2 24
    endloop
  endfacet
  facet normal 0 1 0
    outer loop
      vertex 8 3.2 62
      vertex 9.38138 3.2 56
      vertex 8 3.2 56
    endloop
  endfacet
  facet normal 0 1 0
    outer loop
      vertex 180 3.2 24
      vertex 238 3.2 58
      vertex 194 3.2 24
    endloop
  endfacet
  facet normal 0 1 0
    outer loop
      vertex 133 3.2 24
      vertex 238 3.2 58
      vertex 180 3.2 24
    endloop
  endfacet
  facet normal 0 1 0
    outer loop
      vertex 238 3.2 58
      vertex 133 3.2 24
      vertex 8 3.2 62
    endloop
  endfacet
  facet normal 0 1 -0
    outer loop
      vertex 119 3.2 24
      vertex 8 3.2 62
      vertex 133 3.2 24
    endloop
  endfacet
  facet normal 0 1 -0
    outer loop
      vertex 110 3.2 24
      vertex 8 3.2 62
      vertex 119 3.2 24
    endloop
  endfacet
  facet normal 0 1 -0
    outer loop
      vertex 96 3.2 24
      vertex 8 3.2 62
      vertex 110 3.2 24
    endloop
  endfacet
  facet normal 0 1 -0
    outer loop
      vertex 49 3.2 24
      vertex 8 3.2 62
      vertex 96 3.2 24
    endloop
  endfacet
  facet normal 0 1 0
    outer loop
      vertex 8 3.2 62
      vertex 49 3.2 24
      vertex 9.38138 3.2 56
    endloop
  endfacet
  facet normal 0 1 -0
    outer loop
      vertex 35 3.2 24
      vertex 9.38138 3.2 56
      vertex 49 3.2 24
    endloop
  endfacet
  facet normal 0 1 -0
    outer loop
      vertex 26 3.2 24
      vertex 9.38138 3.2 56
      vertex 35 3.2 24
    endloop
  endfacet
  facet normal 0 1 -0
    outer loop
      vertex 12 3.2 24
      vertex 9.38138 3.2 56
      vertex 26 3.2 24
    endloop
  endfacet
  facet normal 0 1 0
    outer loop
      vertex 9.38138 3.2 3.2
      vertex 12 3.2 24
      vertex 12 3.2 14
    endloop
  endfacet
  facet normal 0 1 0
    outer loop
      vertex 12 3.2 24
      vertex 9.38138 3.2 3.2
      vertex 9.38138 3.2 56
    endloop
  endfacet
  facet normal 0.0653953 0.997859 -0
    outer loop
      vertex 8 3.2 56
      vertex 7.37347 3.24106 62
      vertex 8 3.2 62
    endloop
  endfacet
  facet normal 0.0653953 0.997859 0
    outer loop
      vertex 7.37347 3.24106 62
      vertex 8 3.2 56
      vertex 7.37347 3.24106 56
    endloop
  endfacet
  facet normal 0.997863 -0.0653465 0
    outer loop
      vertex 3.2 112 62
      vertex 3.24106 112.627 56
      vertex 3.24106 112.627 62
    endloop
  endfacet
  facet normal 0.997863 -0.0653465 0
    outer loop
      vertex 3.24106 112.627 56
      vertex 3.2 112 62
      vertex 3.2 112 56
    endloop
  endfacet
  facet normal 0.195105 0.980782 -0
    outer loop
      vertex 7.37347 3.24106 56
      vertex 6.75767 3.36356 62
      vertex 7.37347 3.24106 62
    endloop
  endfacet
  facet normal 0.195105 0.980782 0
    outer loop
      vertex 6.75767 3.36356 62
      vertex 7.37347 3.24106 56
      vertex 6.75767 3.36356 56
    endloop
  endfacet
  facet normal -0.196116 -0.980581 0
    outer loop
      vertex 262.627 116.759 56
      vertex 263.242 116.636 62
      vertex 262.627 116.759 62
    endloop
  endfacet
  facet normal -0.196116 -0.980581 -0
    outer loop
      vertex 263.242 116.636 62
      vertex 262.627 116.759 56
      vertex 263.242 116.636 56
    endloop
  endfacet
  facet normal 0.555758 -0.831344 0
    outer loop
      vertex 5.07794 115.808 56
      vertex 5.6 116.157 62
      vertex 5.07794 115.808 62
    endloop
  endfacet
  facet normal 0.555758 -0.831344 0
    outer loop
      vertex 5.6 116.157 62
      vertex 5.07794 115.808 56
      vertex 5.6 116.157 56
    endloop
  endfacet
  facet normal -0.442364 0.896835 0
    outer loop
      vertex 264.4 3.84308 56
      vertex 263.837 3.56538 62
      vertex 264.4 3.84308 62
    endloop
  endfacet
  facet normal -0.442364 0.896835 0
    outer loop
      vertex 263.837 3.56538 62
      vertex 264.4 3.84308 56
      vertex 263.837 3.56538 56
    endloop
  endfacet
  facet normal 0.442673 -0.896683 0
    outer loop
      vertex 5.6 116.157 56
      vertex 6.16312 116.435 62
      vertex 5.6 116.157 62
    endloop
  endfacet
  facet normal 0.442673 -0.896683 0
    outer loop
      vertex 6.16312 116.435 62
      vertex 5.6 116.157 56
      vertex 6.16312 116.435 56
    endloop
  endfacet
  facet normal 0.980782 0.195105 0
    outer loop
      vertex 3.36356 6.75767 62
      vertex 3.24106 7.37347 56
      vertex 3.24106 7.37347 62
    endloop
  endfacet
  facet normal 0.980782 0.195105 0
    outer loop
      vertex 3.24106 7.37347 56
      vertex 3.36356 6.75767 62
      vertex 3.36356 6.75767 56
    endloop
  endfacet
  facet normal -0.0653465 0.997863 0
    outer loop
      vertex 262.627 3.24106 56
      vertex 262 3.2 62
      vertex 262.627 3.24106 62
    endloop
  endfacet
  facet normal -0.0653465 0.997863 0
    outer loop
      vertex 262 3.2 62
      vertex 262.627 3.24106 56
      vertex 262 3.2 56
    endloop
  endfacet
  facet normal 0.659358 0.751829 -0
    outer loop
      vertex 5.07794 4.1919 56
      vertex 4.60589 4.60589 62
      vertex 5.07794 4.1919 62
    endloop
  endfacet
  facet normal 0.659358 0.751829 0
    outer loop
      vertex 4.60589 4.60589 62
      vertex 5.07794 4.1919 56
      vertex 4.60589 4.60589 56
    endloop
  endfacet
  facet normal -0.896646 -0.442749 0
    outer loop
      vertex 266.435 113.837 56
      vertex 266.157 114.4 62
      vertex 266.157 114.4 56
    endloop
  endfacet
  facet normal -0.896646 -0.442749 0
    outer loop
      vertex 266.157 114.4 62
      vertex 266.435 113.837 56
      vertex 266.435 113.837 62
    endloop
  endfacet
  facet normal 0.831476 0.55556 0
    outer loop
      vertex 4.1919 5.07794 62
      vertex 3.84308 5.6 56
      vertex 3.84308 5.6 62
    endloop
  endfacet
  facet normal 0.831476 0.55556 0
    outer loop
      vertex 3.84308 5.6 56
      vertex 4.1919 5.07794 62
      vertex 4.1919 5.07794 56
    endloop
  endfacet
  facet normal -0.997869 -0.0652514 0
    outer loop
      vertex 266.8 112 56
      vertex 266.759 112.627 62
      vertex 266.759 112.627 56
    endloop
  endfacet
  facet normal -0.997869 -0.0652514 0
    outer loop
      vertex 266.759 112.627 62
      vertex 266.8 112 56
      vertex 266.8 112 62
    endloop
  endfacet
  facet normal -0.751787 -0.659406 0
    outer loop
      vertex 265.808 114.922 56
      vertex 265.394 115.394 62
      vertex 265.394 115.394 56
    endloop
  endfacet
  facet normal -0.751787 -0.659406 0
    outer loop
      vertex 265.394 115.394 62
      vertex 265.808 114.922 56
      vertex 265.808 114.922 62
    endloop
  endfacet
  facet normal -0.659397 0.751795 0
    outer loop
      vertex 265.394 4.60589 56
      vertex 264.922 4.1919 62
      vertex 265.394 4.60589 62
    endloop
  endfacet
  facet normal -0.659397 0.751795 0
    outer loop
      vertex 264.922 4.1919 62
      vertex 265.394 4.60589 56
      vertex 264.922 4.1919 56
    endloop
  endfacet
  facet normal -0.947328 0.320264 0
    outer loop
      vertex 266.435 6.16312 56
      vertex 266.636 6.75767 62
      vertex 266.636 6.75767 56
    endloop
  endfacet
  facet normal -0.947328 0.320264 0
    outer loop
      vertex 266.636 6.75767 62
      vertex 266.435 6.16312 56
      vertex 266.435 6.16312 62
    endloop
  endfacet
  facet normal 0.195871 -0.98063 0
    outer loop
      vertex 6.75767 116.636 56
      vertex 7.37347 116.759 62
      vertex 6.75767 116.636 62
    endloop
  endfacet
  facet normal 0.195871 -0.98063 0
    outer loop
      vertex 7.37347 116.759 62
      vertex 6.75767 116.636 56
      vertex 7.37347 116.759 56
    endloop
  endfacet
  facet normal 0.320264 -0.947328 0
    outer loop
      vertex 6.16312 116.435 56
      vertex 6.75767 116.636 62
      vertex 6.16312 116.435 62
    endloop
  endfacet
  facet normal 0.320264 -0.947328 0
    outer loop
      vertex 6.75767 116.636 62
      vertex 6.16312 116.435 56
      vertex 6.75767 116.636 56
    endloop
  endfacet
  facet normal -0.555802 -0.831315 0
    outer loop
      vertex 264.4 116.157 56
      vertex 264.922 115.808 62
      vertex 264.4 116.157 62
    endloop
  endfacet
  facet normal -0.555802 -0.831315 -0
    outer loop
      vertex 264.922 115.808 62
      vertex 264.4 116.157 56
      vertex 264.922 115.808 56
    endloop
  endfacet
  facet normal -0.751821 0.659367 0
    outer loop
      vertex 265.394 4.60589 56
      vertex 265.808 5.07794 62
      vertex 265.808 5.07794 56
    endloop
  endfacet
  facet normal -0.751821 0.659367 0
    outer loop
      vertex 265.808 5.07794 62
      vertex 265.394 4.60589 56
      vertex 265.394 4.60589 62
    endloop
  endfacet
  facet normal -0.997866 0.0653001 0
    outer loop
      vertex 266.759 7.37347 56
      vertex 266.8 8 62
      vertex 266.8 8 56
    endloop
  endfacet
  facet normal -0.997866 0.0653001 0
    outer loop
      vertex 266.8 8 62
      vertex 266.759 7.37347 56
      vertex 266.759 7.37347 62
    endloop
  endfacet
  facet normal 0.896835 -0.442364 0
    outer loop
      vertex 3.56538 113.837 62
      vertex 3.84308 114.4 56
      vertex 3.84308 114.4 62
    endloop
  endfacet
  facet normal 0.896835 -0.442364 0
    outer loop
      vertex 3.84308 114.4 56
      vertex 3.56538 113.837 62
      vertex 3.56538 113.837 56
    endloop
  endfacet
  facet normal 0.659367 -0.751821 0
    outer loop
      vertex 4.60589 115.394 56
      vertex 5.07794 115.808 62
      vertex 4.60589 115.394 62
    endloop
  endfacet
  facet normal 0.659367 -0.751821 0
    outer loop
      vertex 5.07794 115.808 62
      vertex 4.60589 115.394 56
      vertex 5.07794 115.808 56
    endloop
  endfacet
  facet normal 0.896873 0.442289 0
    outer loop
      vertex 3.84308 5.6 62
      vertex 3.56538 6.16312 56
      vertex 3.56538 6.16312 62
    endloop
  endfacet
  facet normal 0.896873 0.442289 0
    outer loop
      vertex 3.56538 6.16312 56
      vertex 3.84308 5.6 62
      vertex 3.84308 5.6 56
    endloop
  endfacet
  facet normal -0.980581 -0.196116 0
    outer loop
      vertex 266.759 112.627 56
      vertex 266.636 113.242 62
      vertex 266.636 113.242 56
    endloop
  endfacet
  facet normal -0.980581 -0.196116 0
    outer loop
      vertex 266.636 113.242 62
      vertex 266.759 112.627 56
      vertex 266.759 112.627 62
    endloop
  endfacet
  facet normal 0.831447 -0.555604 0
    outer loop
      vertex 3.84308 114.4 62
      vertex 4.1919 114.922 56
      vertex 4.1919 114.922 62
    endloop
  endfacet
  facet normal 0.831447 -0.555604 0
    outer loop
      vertex 4.1919 114.922 56
      vertex 3.84308 114.4 62
      vertex 3.84308 114.4 56
    endloop
  endfacet
  facet normal -0.831315 -0.555802 0
    outer loop
      vertex 266.157 114.4 56
      vertex 265.808 114.922 62
      vertex 265.808 114.922 56
    endloop
  endfacet
  facet normal -0.831315 -0.555802 0
    outer loop
      vertex 265.808 114.922 62
      vertex 266.157 114.4 56
      vertex 266.157 114.4 62
    endloop
  endfacet
  facet normal 0.751795 -0.659397 0
    outer loop
      vertex 4.1919 114.922 62
      vertex 4.60589 115.394 56
      vertex 4.60589 115.394 62
    endloop
  endfacet
  facet normal 0.751795 -0.659397 0
    outer loop
      vertex 4.60589 115.394 56
      vertex 4.1919 114.922 62
      vertex 4.1919 114.922 56
    endloop
  endfacet
  facet normal -0.831344 0.555758 0
    outer loop
      vertex 265.808 5.07794 56
      vertex 266.157 5.6 62
      vertex 266.157 5.6 56
    endloop
  endfacet
  facet normal -0.831344 0.555758 0
    outer loop
      vertex 266.157 5.6 62
      vertex 265.808 5.07794 56
      vertex 265.808 5.07794 62
    endloop
  endfacet
  facet normal -0.555604 0.831447 0
    outer loop
      vertex 264.922 4.1919 56
      vertex 264.4 3.84308 62
      vertex 264.922 4.1919 62
    endloop
  endfacet
  facet normal -0.555604 0.831447 0
    outer loop
      vertex 264.4 3.84308 62
      vertex 264.922 4.1919 56
      vertex 264.4 3.84308 56
    endloop
  endfacet
  facet normal 0.55556 0.831476 -0
    outer loop
      vertex 5.6 3.84308 56
      vertex 5.07794 4.1919 62
      vertex 5.6 3.84308 62
    endloop
  endfacet
  facet normal 0.55556 0.831476 0
    outer loop
      vertex 5.07794 4.1919 62
      vertex 5.6 3.84308 56
      vertex 5.07794 4.1919 56
    endloop
  endfacet
  facet normal -0.0652514 -0.997869 0
    outer loop
      vertex 262 116.8 56
      vertex 262.627 116.759 62
      vertex 262 116.8 62
    endloop
  endfacet
  facet normal -0.0652514 -0.997869 -0
    outer loop
      vertex 262.627 116.759 62
      vertex 262 116.8 56
      vertex 262.627 116.759 56
    endloop
  endfacet
  facet normal -0 0 1
    outer loop
      vertex 9.51554 111.125 3.2
      vertex 12 95 3.2
      vertex 9.61679 111.33 3.2
    endloop
  endfacet
  facet normal 0 0 1
    outer loop
      vertex 10 49 3.2
      vertex 9.73503 8.22842 3.2
      vertex 9.75 8 3.2
    endloop
  endfacet
  facet normal -0 0 1
    outer loop
      vertex 9.38837 110.935 3.2
      vertex 12 95 3.2
      vertex 9.51554 111.125 3.2
    endloop
  endfacet
  facet normal 0 0 1
    outer loop
      vertex 10 49 3.2
      vertex 9.69037 8.45293 3.2
      vertex 9.73503 8.22842 3.2
    endloop
  endfacet
  facet normal -0 0 1
    outer loop
      vertex 9.23744 110.763 3.2
      vertex 12 95 3.2
      vertex 9.38837 110.935 3.2
    endloop
  endfacet
  facet normal 0 0 1
    outer loop
      vertex 10 49 3.2
      vertex 9.61679 8.6697 3.2
      vertex 9.69037 8.45293 3.2
    endloop
  endfacet
  facet normal -0 0 1
    outer loop
      vertex 9.06533 110.612 3.2
      vertex 12 95 3.2
      vertex 9.23744 110.763 3.2
    endloop
  endfacet
  facet normal 0 0 1
    outer loop
      vertex 10 49 3.2
      vertex 9.51554 8.875 3.2
      vertex 9.61679 8.6697 3.2
    endloop
  endfacet
  facet normal -0 0 1
    outer loop
      vertex 8.875 110.484 3.2
      vertex 12 95 3.2
      vertex 9.06533 110.612 3.2
    endloop
  endfacet
  facet normal 0 0 1
    outer loop
      vertex 10 49 3.2
      vertex 9.38837 9.06533 3.2
      vertex 9.51554 8.875 3.2
    endloop
  endfacet
  facet normal -0 0 1
    outer loop
      vertex 8.6697 110.383 3.2
      vertex 12 95 3.2
      vertex 8.875 110.484 3.2
    endloop
  endfacet
  facet normal 0 0 1
    outer loop
      vertex 10 49 3.2
      vertex 9.23744 9.23744 3.2
      vertex 9.38837 9.06533 3.2
    endloop
  endfacet
  facet normal -0 0 1
    outer loop
      vertex 8.45293 110.31 3.2
      vertex 12 95 3.2
      vertex 8.6697 110.383 3.2
    endloop
  endfacet
  facet normal 0 0 1
    outer loop
      vertex 10 49 3.2
      vertex 9.06533 9.38837 3.2
      vertex 9.23744 9.23744 3.2
    endloop
  endfacet
  facet normal -0 0 1
    outer loop
      vertex 8.22842 110.265 3.2
      vertex 12 95 3.2
      vertex 8.45293 110.31 3.2
    endloop
  endfacet
  facet normal 0 0 1
    outer loop
      vertex 10 49 3.2
      vertex 8.875 9.51554 3.2
      vertex 9.06533 9.38837 3.2
    endloop
  endfacet
  facet normal -0 0 1
    outer loop
      vertex 8 110.25 3.2
      vertex 12 95 3.2
      vertex 8.22842 110.265 3.2
    endloop
  endfacet
  facet normal 0 0 1
    outer loop
      vertex 10 49 3.2
      vertex 8.6697 9.61679 3.2
      vertex 8.875 9.51554 3.2
    endloop
  endfacet
  facet normal 0 0 1
    outer loop
      vertex 7.77158 110.265 3.2
      vertex 12 95 3.2
      vertex 8 110.25 3.2
    endloop
  endfacet
  facet normal 0 0 1
    outer loop
      vertex 10 49 3.2
      vertex 8.45293 9.69037 3.2
      vertex 8.6697 9.61679 3.2
    endloop
  endfacet
  facet normal 0 0 1
    outer loop
      vertex 7.54707 110.31 3.2
      vertex 12 95 3.2
      vertex 7.77158 110.265 3.2
    endloop
  endfacet
  facet normal 0 0 1
    outer loop
      vertex 10 49 3.2
      vertex 8.22842 9.73503 3.2
      vertex 8.45293 9.69037 3.2
    endloop
  endfacet
  facet normal 0 0 1
    outer loop
      vertex 7.3303 110.383 3.2
      vertex 12 95 3.2
      vertex 7.54707 110.31 3.2
    endloop
  endfacet
  facet normal 0 0 1
    outer loop
      vertex 10 49 3.2
      vertex 8 9.75 3.2
      vertex 8.22842 9.73503 3.2
    endloop
  endfacet
  facet normal 0 0 1
    outer loop
      vertex 7.125 110.484 3.2
      vertex 12 95 3.2
      vertex 7.3303 110.383 3.2
    endloop
  endfacet
  facet normal 0 0 1
    outer loop
      vertex 10 49 3.2
      vertex 7.77158 9.73503 3.2
      vertex 8 9.75 3.2
    endloop
  endfacet
  facet normal 0 0 1
    outer loop
      vertex 12 95 3.2
      vertex 3.2 112 3.2
      vertex 12 67 3.2
    endloop
  endfacet
  facet normal 0 0 1
    outer loop
      vertex 10 49 3.2
      vertex 7.54707 9.69037 3.2
      vertex 7.77158 9.73503 3.2
    endloop
  endfacet
  facet normal 0 0 1
    outer loop
      vertex 12 67 3.2
      vertex 3.2 112 3.2
      vertex 10 49 3.2
    endloop
  endfacet
  facet normal 0 0 1
    outer loop
      vertex 10 49 3.2
      vertex 7.3303 9.61679 3.2
      vertex 7.54707 9.69037 3.2
    endloop
  endfacet
  facet normal 0 0 1
    outer loop
      vertex 12 95 3.2
      vertex 7.125 110.484 3.2
      vertex 3.2 112 3.2
    endloop
  endfacet
  facet normal 0 0 1
    outer loop
      vertex 3.2 8 3.2
      vertex 10 49 3.2
      vertex 3.2 112 3.2
    endloop
  endfacet
  facet normal 0 0 1
    outer loop
      vertex 3.2 112 3.2
      vertex 7.125 110.484 3.2
      vertex 6.93467 110.612 3.2
    endloop
  endfacet
  facet normal 0 0 1
    outer loop
      vertex 10 49 3.2
      vertex 3.2 8 3.2
      vertex 7.3303 9.61679 3.2
    endloop
  endfacet
  facet normal 0 0 1
    outer loop
      vertex 3.2 112 3.2
      vertex 6.93467 110.612 3.2
      vertex 6.76256 110.763 3.2
    endloop
  endfacet
  facet normal 0 0 1
    outer loop
      vertex 7.3303 9.61679 3.2
      vertex 3.2 8 3.2
      vertex 7.125 9.51554 3.2
    endloop
  endfacet
  facet normal 0 0 1
    outer loop
      vertex 3.2 112 3.2
      vertex 6.76256 110.763 3.2
      vertex 6.61163 110.935 3.2
    endloop
  endfacet
  facet normal 0 0 1
    outer loop
      vertex 7.125 9.51554 3.2
      vertex 3.2 8 3.2
      vertex 6.93467 9.38837 3.2
    endloop
  endfacet
  facet normal 0 0 1
    outer loop
      vertex 3.2 112 3.2
      vertex 6.61163 110.935 3.2
      vertex 6.48446 111.125 3.2
    endloop
  endfacet
  facet normal 0 0 1
    outer loop
      vertex 6.93467 9.38837 3.2
      vertex 3.2 8 3.2
      vertex 6.76256 9.23744 3.2
    endloop
  endfacet
  facet normal 0 0 1
    outer loop
      vertex 3.2 112 3.2
      vertex 6.48446 111.125 3.2
      vertex 6.38321 111.33 3.2
    endloop
  endfacet
  facet normal 0 0 1
    outer loop
      vertex 6.76256 9.23744 3.2
      vertex 3.2 8 3.2
      vertex 6.61163 9.06533 3.2
    endloop
  endfacet
  facet normal 0 0 1
    outer loop
      vertex 3.2 112 3.2
      vertex 6.38321 111.33 3.2
      vertex 6.30963 111.547 3.2
    endloop
  endfacet
  facet normal 0 0 1
    outer loop
      vertex 6.61163 9.06533 3.2
      vertex 3.2 8 3.2
      vertex 6.48446 8.875 3.2
    endloop
  endfacet
  facet normal 0 0 1
    outer loop
      vertex 3.2 112 3.2
      vertex 6.30963 111.547 3.2
      vertex 6.26497 111.772 3.2
    endloop
  endfacet
  facet normal 0 0 1
    outer loop
      vertex 6.48446 8.875 3.2
      vertex 3.2 8 3.2
      vertex 6.38321 8.6697 3.2
    endloop
  endfacet
  facet normal -0 0 1
    outer loop
      vertex 3.2 112 3.2
      vertex 6.26497 111.772 3.2
      vertex 6.25 112 3.2
    endloop
  endfacet
  facet normal 0 0 1
    outer loop
      vertex 6.38321 8.6697 3.2
      vertex 3.2 8 3.2
      vertex 6.30963 8.45293 3.2
    endloop
  endfacet
  facet normal 0 0 1
    outer loop
      vertex 12 12 3.2
      vertex 10 12 3.2
      vertex 12 10 3.2
    endloop
  endfacet
  facet normal 0 0 1
    outer loop
      vertex 96 12 3.2
      vertex 94 12 3.2
      vertex 96 10 3.2
    endloop
  endfacet
  facet normal 0 0 1
    outer loop
      vertex 230 67 3.2
      vertex 238 116.8 3.2
      vertex 230 109 3.2
    endloop
  endfacet
  facet normal 0 0 1
    outer loop
      vertex 238 116.8 3.2
      vertex 188 109 3.2
      vertex 230 109 3.2
    endloop
  endfacet
  facet normal 0 0 1
    outer loop
      vertex 174 51 3.2
      vertex 188 67 3.2
      vertex 188 109 3.2
    endloop
  endfacet
  facet normal 0 0 1
    outer loop
      vertex 180 51 3.2
      vertex 178 49 3.2
      vertex 180 49 3.2
    endloop
  endfacet
  facet normal 0 0 1
    outer loop
      vertex 188 67 3.2
      vertex 174 51 3.2
      vertex 180 51 3.2
    endloop
  endfacet
  facet normal 0 0 1
    outer loop
      vertex 178 49 3.2
      vertex 176 49 3.2
      vertex 178 12 3.2
    endloop
  endfacet
  facet normal 0 0 1
    outer loop
      vertex 180 51 3.2
      vertex 174 51 3.2
      vertex 178 49 3.2
    endloop
  endfacet
  facet normal 0 0 1
    outer loop
      vertex 178 49 3.2
      vertex 174 51 3.2
      vertex 176 49 3.2
    endloop
  endfacet
  facet normal 0 0 1
    outer loop
      vertex 188 109 3.2
      vertex 96 51 3.2
      vertex 174 51 3.2
    endloop
  endfacet
  facet normal 0 0 1
    outer loop
      vertex 96 51 3.2
      vertex 94 49 3.2
      vertex 96 49 3.2
    endloop
  endfacet
  facet normal 0 0 1
    outer loop
      vertex 94 49 3.2
      vertex 92 49 3.2
      vertex 94 12 3.2
    endloop
  endfacet
  facet normal 0 0 1
    outer loop
      vertex 96 51 3.2
      vertex 92 49 3.2
      vertex 94 49 3.2
    endloop
  endfacet
  facet normal -0 0 1
    outer loop
      vertex 73 95 3.2
      vertex 96 51 3.2
      vertex 188 109 3.2
    endloop
  endfacet
  facet normal 0 0 1
    outer loop
      vertex 96 51 3.2
      vertex 90 51 3.2
      vertex 92 49 3.2
    endloop
  endfacet
  facet normal -0 0 1
    outer loop
      vertex 73 67 3.2
      vertex 96 51 3.2
      vertex 73 95 3.2
    endloop
  endfacet
  facet normal -0 0 1
    outer loop
      vertex 8 116.8 3.2
      vertex 188 109 3.2
      vertex 238 116.8 3.2
    endloop
  endfacet
  facet normal 0 0 1
    outer loop
      vertex 188 109 3.2
      vertex 8 116.8 3.2
      vertex 73 95 3.2
    endloop
  endfacet
  facet normal 0 0 1
    outer loop
      vertex 73 95 3.2
      vertex 9.73503 111.772 3.2
      vertex 12 95 3.2
    endloop
  endfacet
  facet normal 0 0 1
    outer loop
      vertex 12 67 3.2
      vertex 10 49 3.2
      vertex 12 51 3.2
    endloop
  endfacet
  facet normal 0 0 1
    outer loop
      vertex 12 51 3.2
      vertex 10 49 3.2
      vertex 12 49 3.2
    endloop
  endfacet
  facet normal -0 0 1
    outer loop
      vertex 9.61679 111.33 3.2
      vertex 12 95 3.2
      vertex 9.69037 111.547 3.2
    endloop
  endfacet
  facet normal -0 0 1
    outer loop
      vertex 9.69037 111.547 3.2
      vertex 12 95 3.2
      vertex 9.73503 111.772 3.2
    endloop
  endfacet
  facet normal -0 0 1
    outer loop
      vertex 9.73503 111.772 3.2
      vertex 73 95 3.2
      vertex 9.75 112 3.2
    endloop
  endfacet
  facet normal 0 0 1
    outer loop
      vertex 73 95 3.2
      vertex 9.73503 112.228 3.2
      vertex 9.75 112 3.2
    endloop
  endfacet
  facet normal 0 0 1
    outer loop
      vertex 73 95 3.2
      vertex 9.69037 112.453 3.2
      vertex 9.73503 112.228 3.2
    endloop
  endfacet
  facet normal 0 0 1
    outer loop
      vertex 73 95 3.2
      vertex 9.61679 112.67 3.2
      vertex 9.69037 112.453 3.2
    endloop
  endfacet
  facet normal 0 0 1
    outer loop
      vertex 73 95 3.2
      vertex 8 116.8 3.2
      vertex 9.61679 112.67 3.2
    endloop
  endfacet
  facet normal 0 0 1
    outer loop
      vertex 9.61679 112.67 3.2
      vertex 8 116.8 3.2
      vertex 9.51554 112.875 3.2
    endloop
  endfacet
  facet normal 0 0 1
    outer loop
      vertex 9.51554 112.875 3.2
      vertex 8 116.8 3.2
      vertex 9.38837 113.065 3.2
    endloop
  endfacet
  facet normal 0 0 1
    outer loop
      vertex 9.38837 113.065 3.2
      vertex 8 116.8 3.2
      vertex 9.23744 113.237 3.2
    endloop
  endfacet
  facet normal 0 0 1
    outer loop
      vertex 9.23744 113.237 3.2
      vertex 8 116.8 3.2
      vertex 9.06533 113.388 3.2
    endloop
  endfacet
  facet normal 0 0 1
    outer loop
      vertex 9.06533 113.388 3.2
      vertex 8 116.8 3.2
      vertex 8.875 113.516 3.2
    endloop
  endfacet
  facet normal 0 0 1
    outer loop
      vertex 8.875 113.516 3.2
      vertex 8 116.8 3.2
      vertex 8.6697 113.617 3.2
    endloop
  endfacet
  facet normal 0 0 1
    outer loop
      vertex 8.6697 113.617 3.2
      vertex 8 116.8 3.2
      vertex 8.45293 113.69 3.2
    endloop
  endfacet
  facet normal 0 0 1
    outer loop
      vertex 8.45293 113.69 3.2
      vertex 8 116.8 3.2
      vertex 8.22842 113.735 3.2
    endloop
  endfacet
  facet normal 0 0 1
    outer loop
      vertex 8 116.8 3.2
      vertex 8 113.75 3.2
      vertex 8.22842 113.735 3.2
    endloop
  endfacet
  facet normal 0 0 1
    outer loop
      vertex 8 116.8 3.2
      vertex 7.77158 113.735 3.2
      vertex 8 113.75 3.2
    endloop
  endfacet
  facet normal -0 0 1
    outer loop
      vertex 7.37347 116.759 3.2
      vertex 7.77158 113.735 3.2
      vertex 8 116.8 3.2
    endloop
  endfacet
  facet normal 0 0 1
    outer loop
      vertex 7.77158 113.735 3.2
      vertex 7.37347 116.759 3.2
      vertex 7.54707 113.69 3.2
    endloop
  endfacet
  facet normal -0 0 1
    outer loop
      vertex 6.75767 116.636 3.2
      vertex 7.54707 113.69 3.2
      vertex 7.37347 116.759 3.2
    endloop
  endfacet
  facet normal 0 0 1
    outer loop
      vertex 7.54707 113.69 3.2
      vertex 6.75767 116.636 3.2
      vertex 7.3303 113.617 3.2
    endloop
  endfacet
  facet normal -0 0 1
    outer loop
      vertex 6.16312 116.435 3.2
      vertex 7.3303 113.617 3.2
      vertex 6.75767 116.636 3.2
    endloop
  endfacet
  facet normal 0 0 1
    outer loop
      vertex 7.3303 113.617 3.2
      vertex 6.16312 116.435 3.2
      vertex 7.125 113.516 3.2
    endloop
  endfacet
  facet normal -0 0 1
    outer loop
      vertex 5.6 116.157 3.2
      vertex 7.125 113.516 3.2
      vertex 6.16312 116.435 3.2
    endloop
  endfacet
  facet normal 0 0 1
    outer loop
      vertex 7.125 113.516 3.2
      vertex 5.6 116.157 3.2
      vertex 6.93467 113.388 3.2
    endloop
  endfacet
  facet normal -0 0 1
    outer loop
      vertex 5.07794 115.808 3.2
      vertex 6.93467 113.388 3.2
      vertex 5.6 116.157 3.2
    endloop
  endfacet
  facet normal 0 0 1
    outer loop
      vertex 6.93467 113.388 3.2
      vertex 5.07794 115.808 3.2
      vertex 6.76256 113.237 3.2
    endloop
  endfacet
  facet normal -0 0 1
    outer loop
      vertex 4.60589 115.394 3.2
      vertex 6.76256 113.237 3.2
      vertex 5.07794 115.808 3.2
    endloop
  endfacet
  facet normal 0 0 1
    outer loop
      vertex 6.76256 113.237 3.2
      vertex 4.60589 115.394 3.2
      vertex 6.61163 113.065 3.2
    endloop
  endfacet
  facet normal -0 0 1
    outer loop
      vertex 3.84308 114.4 3.2
      vertex 6.48446 112.875 3.2
      vertex 4.1919 114.922 3.2
    endloop
  endfacet
  facet normal 0 0 1
    outer loop
      vertex 6.61163 113.065 3.2
      vertex 4.1919 114.922 3.2
      vertex 6.48446 112.875 3.2
    endloop
  endfacet
  facet normal -0 0 1
    outer loop
      vertex 4.1919 114.922 3.2
      vertex 6.61163 113.065 3.2
      vertex 4.60589 115.394 3.2
    endloop
  endfacet
  facet normal 0 0 1
    outer loop
      vertex 238 116.8 3.2
      vertex 230 67 3.2
      vertex 238 51 3.2
    endloop
  endfacet
  facet normal -0 0 1
    outer loop
      vertex 188 67 3.2
      vertex 238 51 3.2
      vertex 230 67 3.2
    endloop
  endfacet
  facet normal 0 0 1
    outer loop
      vertex 238 51 3.2
      vertex 188 67 3.2
      vertex 180 51 3.2
    endloop
  endfacet
  facet normal 0 0 1
    outer loop
      vertex 180 12 3.2
      vertex 178 12 3.2
      vertex 180 10 3.2
    endloop
  endfacet
  facet normal -0 0 1
    outer loop
      vertex 180 10 3.2
      vertex 238 3.2 3.2
      vertex 238 10 3.2
    endloop
  endfacet
  facet normal 0 0 1
    outer loop
      vertex 176 12 3.2
      vertex 178 12 3.2
      vertex 176 49 3.2
    endloop
  endfacet
  facet normal -0 0 1
    outer loop
      vertex 176 12 3.2
      vertex 180 10 3.2
      vertex 178 12 3.2
    endloop
  endfacet
  facet normal 0 0 1
    outer loop
      vertex 174 10 3.2
      vertex 176 12 3.2
      vertex 174 12 3.2
    endloop
  endfacet
  facet normal 0 0 1
    outer loop
      vertex 176 12 3.2
      vertex 174 10 3.2
      vertex 180 10 3.2
    endloop
  endfacet
  facet normal -0 0 1
    outer loop
      vertex 174 10 3.2
      vertex 238 3.2 3.2
      vertex 180 10 3.2
    endloop
  endfacet
  facet normal -0 0 1
    outer loop
      vertex 96 10 3.2
      vertex 238 3.2 3.2
      vertex 174 10 3.2
    endloop
  endfacet
  facet normal 0 0 1
    outer loop
      vertex 92 12 3.2
      vertex 94 12 3.2
      vertex 92 49 3.2
    endloop
  endfacet
  facet normal -0 0 1
    outer loop
      vertex 92 12 3.2
      vertex 96 10 3.2
      vertex 94 12 3.2
    endloop
  endfacet
  facet normal 0 0 1
    outer loop
      vertex 90 10 3.2
      vertex 92 12 3.2
      vertex 90 12 3.2
    endloop
  endfacet
  facet normal 0 0 1
    outer loop
      vertex 92 12 3.2
      vertex 90 10 3.2
      vertex 96 10 3.2
    endloop
  endfacet
  facet normal 0 0 1
    outer loop
      vertex 8 3.2 3.2
      vertex 96 10 3.2
      vertex 90 10 3.2
    endloop
  endfacet
  facet normal 0 0 1
    outer loop
      vertex 8 3.2 3.2
      vertex 90 10 3.2
      vertex 12 10 3.2
    endloop
  endfacet
  facet normal 0 0 1
    outer loop
      vertex 10 49 3.2
      vertex 9.75 8 3.2
      vertex 10 12 3.2
    endloop
  endfacet
  facet normal 0 0 1
    outer loop
      vertex 9.75 8 3.2
      vertex 12 10 3.2
      vertex 10 12 3.2
    endloop
  endfacet
  facet normal 0 0 1
    outer loop
      vertex 9.73503 7.77158 3.2
      vertex 12 10 3.2
      vertex 9.75 8 3.2
    endloop
  endfacet
  facet normal 0 0 1
    outer loop
      vertex 9.69037 7.54707 3.2
      vertex 12 10 3.2
      vertex 9.73503 7.77158 3.2
    endloop
  endfacet
  facet normal 0 0 1
    outer loop
      vertex 9.61679 7.3303 3.2
      vertex 12 10 3.2
      vertex 9.69037 7.54707 3.2
    endloop
  endfacet
  facet normal 0 0 1
    outer loop
      vertex 9.51554 7.125 3.2
      vertex 12 10 3.2
      vertex 9.61679 7.3303 3.2
    endloop
  endfacet
  facet normal 0 0 1
    outer loop
      vertex 12 10 3.2
      vertex 9.51554 7.125 3.2
      vertex 8 3.2 3.2
    endloop
  endfacet
  facet normal 0 0 1
    outer loop
      vertex 8 3.2 3.2
      vertex 9.51554 7.125 3.2
      vertex 9.38837 6.93467 3.2
    endloop
  endfacet
  facet normal 0 0 1
    outer loop
      vertex 8 3.2 3.2
      vertex 9.38837 6.93467 3.2
      vertex 9.23744 6.76256 3.2
    endloop
  endfacet
  facet normal 0 0 1
    outer loop
      vertex 8 3.2 3.2
      vertex 9.23744 6.76256 3.2
      vertex 9.06533 6.61163 3.2
    endloop
  endfacet
  facet normal 0 0 1
    outer loop
      vertex 8 3.2 3.2
      vertex 9.06533 6.61163 3.2
      vertex 8.875 6.48446 3.2
    endloop
  endfacet
  facet normal 0 0 1
    outer loop
      vertex 8 3.2 3.2
      vertex 8.875 6.48446 3.2
      vertex 8.6697 6.38321 3.2
    endloop
  endfacet
  facet normal 0 0 1
    outer loop
      vertex 8 3.2 3.2
      vertex 8.6697 6.38321 3.2
      vertex 8.45293 6.30963 3.2
    endloop
  endfacet
  facet normal 0 0 1
    outer loop
      vertex 8 3.2 3.2
      vertex 8.45293 6.30963 3.2
      vertex 8.22842 6.26497 3.2
    endloop
  endfacet
  facet normal 0 0 1
    outer loop
      vertex 8 3.2 3.2
      vertex 8.22842 6.26497 3.2
      vertex 8 6.25 3.2
    endloop
  endfacet
  facet normal 0 0 1
    outer loop
      vertex 96 10 3.2
      vertex 8 3.2 3.2
      vertex 238 3.2 3.2
    endloop
  endfacet
  facet normal 0 0 1
    outer loop
      vertex 7.77158 6.26497 3.2
      vertex 8 3.2 3.2
      vertex 8 6.25 3.2
    endloop
  endfacet
  facet normal 0 0 1
    outer loop
      vertex 7.37347 3.24106 3.2
      vertex 7.77158 6.26497 3.2
      vertex 7.54707 6.30963 3.2
    endloop
  endfacet
  facet normal 0 0 1
    outer loop
      vertex 7.77158 6.26497 3.2
      vertex 7.37347 3.24106 3.2
      vertex 8 3.2 3.2
    endloop
  endfacet
  facet normal 0 0 1
    outer loop
      vertex 6.75767 3.36356 3.2
      vertex 7.54707 6.30963 3.2
      vertex 7.3303 6.38321 3.2
    endloop
  endfacet
  facet normal 0 0 1
    outer loop
      vertex 6.16312 3.56538 3.2
      vertex 7.3303 6.38321 3.2
      vertex 7.125 6.48446 3.2
    endloop
  endfacet
  facet normal 0 0 1
    outer loop
      vertex 5.6 3.84308 3.2
      vertex 7.125 6.48446 3.2
      vertex 6.93467 6.61163 3.2
    endloop
  endfacet
  facet normal 0 0 1
    outer loop
      vertex 5.07794 4.1919 3.2
      vertex 6.93467 6.61163 3.2
      vertex 6.76256 6.76256 3.2
    endloop
  endfacet
  facet normal 0 0 1
    outer loop
      vertex 7.54707 6.30963 3.2
      vertex 6.75767 3.36356 3.2
      vertex 7.37347 3.24106 3.2
    endloop
  endfacet
  facet normal 0 0 1
    outer loop
      vertex 4.60589 4.60589 3.2
      vertex 6.76256 6.76256 3.2
      vertex 6.61163 6.93467 3.2
    endloop
  endfacet
  facet normal 0 0 1
    outer loop
      vertex 4.1919 5.07794 3.2
      vertex 6.61163 6.93467 3.2
      vertex 6.48446 7.125 3.2
    endloop
  endfacet
  facet normal 0 0 1
    outer loop
      vertex 3.84308 5.6 3.2
      vertex 6.48446 7.125 3.2
      vertex 6.38321 7.3303 3.2
    endloop
  endfacet
  facet normal 0 0 1
    outer loop
      vertex 3.56538 6.16312 3.2
      vertex 6.38321 7.3303 3.2
      vertex 6.30963 7.54707 3.2
    endloop
  endfacet
  facet normal 0 0 1
    outer loop
      vertex 3.36356 6.75767 3.2
      vertex 6.30963 7.54707 3.2
      vertex 6.26497 7.77158 3.2
    endloop
  endfacet
  facet normal 0 0 1
    outer loop
      vertex 7.3303 6.38321 3.2
      vertex 6.16312 3.56538 3.2
      vertex 6.75767 3.36356 3.2
    endloop
  endfacet
  facet normal 0 0 1
    outer loop
      vertex 3.24106 7.37347 3.2
      vertex 6.26497 7.77158 3.2
      vertex 6.25 8 3.2
    endloop
  endfacet
  facet normal 0 0 1
    outer loop
      vertex 6.30963 8.45293 3.2
      vertex 3.2 8 3.2
      vertex 6.26497 8.22842 3.2
    endloop
  endfacet
  facet normal 0 0 1
    outer loop
      vertex 6.48446 112.875 3.2
      vertex 3.84308 114.4 3.2
      vertex 6.38321 112.67 3.2
    endloop
  endfacet
  facet normal 0 0 1
    outer loop
      vertex 6.26497 8.22842 3.2
      vertex 3.2 8 3.2
      vertex 6.25 8 3.2
    endloop
  endfacet
  facet normal -0 0 1
    outer loop
      vertex 3.56538 113.837 3.2
      vertex 6.38321 112.67 3.2
      vertex 3.84308 114.4 3.2
    endloop
  endfacet
  facet normal 0 -0 1
    outer loop
      vertex 3.24106 7.37347 3.2
      vertex 6.25 8 3.2
      vertex 3.2 8 3.2
    endloop
  endfacet
  facet normal 0 0 1
    outer loop
      vertex 6.38321 112.67 3.2
      vertex 3.56538 113.837 3.2
      vertex 6.30963 112.453 3.2
    endloop
  endfacet
  facet normal 0 0 1
    outer loop
      vertex 7.125 6.48446 3.2
      vertex 5.6 3.84308 3.2
      vertex 6.16312 3.56538 3.2
    endloop
  endfacet
  facet normal -0 0 1
    outer loop
      vertex 3.36356 113.242 3.2
      vertex 6.30963 112.453 3.2
      vertex 3.56538 113.837 3.2
    endloop
  endfacet
  facet normal 0 0 1
    outer loop
      vertex 6.93467 6.61163 3.2
      vertex 5.07794 4.1919 3.2
      vertex 5.6 3.84308 3.2
    endloop
  endfacet
  facet normal 0 0 1
    outer loop
      vertex 6.30963 112.453 3.2
      vertex 3.36356 113.242 3.2
      vertex 6.26497 112.228 3.2
    endloop
  endfacet
  facet normal 0 0 1
    outer loop
      vertex 6.76256 6.76256 3.2
      vertex 4.60589 4.60589 3.2
      vertex 5.07794 4.1919 3.2
    endloop
  endfacet
  facet normal -0 0 1
    outer loop
      vertex 3.24106 112.627 3.2
      vertex 6.26497 112.228 3.2
      vertex 3.36356 113.242 3.2
    endloop
  endfacet
  facet normal 0 0 1
    outer loop
      vertex 6.61163 6.93467 3.2
      vertex 4.1919 5.07794 3.2
      vertex 4.60589 4.60589 3.2
    endloop
  endfacet
  facet normal 0 0 1
    outer loop
      vertex 6.26497 112.228 3.2
      vertex 3.24106 112.627 3.2
      vertex 6.25 112 3.2
    endloop
  endfacet
  facet normal 0 0 1
    outer loop
      vertex 6.48446 7.125 3.2
      vertex 3.84308 5.6 3.2
      vertex 4.1919 5.07794 3.2
    endloop
  endfacet
  facet normal 0 0 1
    outer loop
      vertex 6.25 112 3.2
      vertex 3.24106 112.627 3.2
      vertex 3.2 112 3.2
    endloop
  endfacet
  facet normal 0 0 1
    outer loop
      vertex 6.38321 7.3303 3.2
      vertex 3.56538 6.16312 3.2
      vertex 3.84308 5.6 3.2
    endloop
  endfacet
  facet normal 0 0 1
    outer loop
      vertex 6.30963 7.54707 3.2
      vertex 3.36356 6.75767 3.2
      vertex 3.56538 6.16312 3.2
    endloop
  endfacet
  facet normal 0 0 1
    outer loop
      vertex 6.26497 7.77158 3.2
      vertex 3.24106 7.37347 3.2
      vertex 3.36356 6.75767 3.2
    endloop
  endfacet
  facet normal 0 0 1
    outer loop
      vertex 176 49 3.2
      vertex 174 51 3.2
      vertex 174 49 3.2
    endloop
  endfacet
  facet normal 0 0 1
    outer loop
      vertex 92 49 3.2
      vertex 90 51 3.2
      vertex 90 49 3.2
    endloop
  endfacet
  facet normal 0 0 1
    outer loop
      vertex 96 51 3.2
      vertex 73 67 3.2
      vertex 90 51 3.2
    endloop
  endfacet
  facet normal 0 0 1
    outer loop
      vertex 12 51 3.2
      vertex 73 67 3.2
      vertex 12 67 3.2
    endloop
  endfacet
  facet normal 0 0 1
    outer loop
      vertex 73 67 3.2
      vertex 12 51 3.2
      vertex 90 51 3.2
    endloop
  endfacet
  facet normal 0 0 1
    outer loop
      vertex 266.8 112 3.2
      vertex 260 49 3.2
      vertex 266.8 8 3.2
    endloop
  endfacet
  facet normal 0 0 1
    outer loop
      vertex 266.8 8 3.2
      vertex 263.735 8.22842 3.2
      vertex 263.75 8 3.2
    endloop
  endfacet
  facet normal 0 0 1
    outer loop
      vertex 260 49 3.2
      vertex 263.735 111.772 3.2
      vertex 263.69 111.547 3.2
    endloop
  endfacet
  facet normal -0 0 1
    outer loop
      vertex 260 12 3.2
      vertex 266.8 8 3.2
      vertex 260 49 3.2
    endloop
  endfacet
  facet normal 0 0 1
    outer loop
      vertex 260 49 3.2
      vertex 263.69 111.547 3.2
      vertex 263.617 111.33 3.2
    endloop
  endfacet
  facet normal 0 0 1
    outer loop
      vertex 266.8 8 3.2
      vertex 263.69 8.45293 3.2
      vertex 263.735 8.22842 3.2
    endloop
  endfacet
  facet normal 0 0 1
    outer loop
      vertex 260 49 3.2
      vertex 263.617 111.33 3.2
      vertex 263.516 111.125 3.2
    endloop
  endfacet
  facet normal 0 0 1
    outer loop
      vertex 266.8 8 3.2
      vertex 263.617 8.6697 3.2
      vertex 263.69 8.45293 3.2
    endloop
  endfacet
  facet normal 0 0 1
    outer loop
      vertex 260 49 3.2
      vertex 263.516 111.125 3.2
      vertex 263.388 110.935 3.2
    endloop
  endfacet
  facet normal 0 0 1
    outer loop
      vertex 266.8 8 3.2
      vertex 263.516 8.875 3.2
      vertex 263.617 8.6697 3.2
    endloop
  endfacet
  facet normal 0 0 1
    outer loop
      vertex 260 49 3.2
      vertex 263.388 110.935 3.2
      vertex 263.237 110.763 3.2
    endloop
  endfacet
  facet normal 0 0 1
    outer loop
      vertex 266.8 8 3.2
      vertex 263.388 9.06533 3.2
      vertex 263.516 8.875 3.2
    endloop
  endfacet
  facet normal 0 0 1
    outer loop
      vertex 260 49 3.2
      vertex 263.237 110.763 3.2
      vertex 263.065 110.612 3.2
    endloop
  endfacet
  facet normal 0 0 1
    outer loop
      vertex 266.8 8 3.2
      vertex 263.237 9.23744 3.2
      vertex 263.388 9.06533 3.2
    endloop
  endfacet
  facet normal 0 0 1
    outer loop
      vertex 258 51 3.2
      vertex 263.065 110.612 3.2
      vertex 262.875 110.484 3.2
    endloop
  endfacet
  facet normal 0 0 1
    outer loop
      vertex 266.8 8 3.2
      vertex 263.065 9.38837 3.2
      vertex 263.237 9.23744 3.2
    endloop
  endfacet
  facet normal 0 0 1
    outer loop
      vertex 258 51 3.2
      vertex 262.875 110.484 3.2
      vertex 262.67 110.383 3.2
    endloop
  endfacet
  facet normal -0 -0 1
    outer loop
      vertex 262.875 9.51554 3.2
      vertex 266.8 8 3.2
      vertex 260 12 3.2
    endloop
  endfacet
  facet normal 0 0 1
    outer loop
      vertex 258 51 3.2
      vertex 262.67 110.383 3.2
      vertex 262.453 110.31 3.2
    endloop
  endfacet
  facet normal 0 0 1
    outer loop
      vertex 266.8 8 3.2
      vertex 262.875 9.51554 3.2
      vertex 263.065 9.38837 3.2
    endloop
  endfacet
  facet normal 0 0 1
    outer loop
      vertex 258 51 3.2
      vertex 262.453 110.31 3.2
      vertex 262.228 110.265 3.2
    endloop
  endfacet
  facet normal 0 0 1
    outer loop
      vertex 262.875 9.51554 3.2
      vertex 260 12 3.2
      vertex 262.67 9.61679 3.2
    endloop
  endfacet
  facet normal 0 0 1
    outer loop
      vertex 258 51 3.2
      vertex 262.228 110.265 3.2
      vertex 262 110.25 3.2
    endloop
  endfacet
  facet normal 0 0 1
    outer loop
      vertex 262.67 9.61679 3.2
      vertex 260 12 3.2
      vertex 262.453 9.69037 3.2
    endloop
  endfacet
  facet normal 0 0 1
    outer loop
      vertex 258 51 3.2
      vertex 262 110.25 3.2
      vertex 261.772 110.265 3.2
    endloop
  endfacet
  facet normal 0 0 1
    outer loop
      vertex 262.453 9.69037 3.2
      vertex 260 12 3.2
      vertex 262.228 9.73503 3.2
    endloop
  endfacet
  facet normal 0 0 1
    outer loop
      vertex 258 51 3.2
      vertex 261.772 110.265 3.2
      vertex 261.547 110.31 3.2
    endloop
  endfacet
  facet normal 0 0 1
    outer loop
      vertex 262.228 9.73503 3.2
      vertex 260 12 3.2
      vertex 262 9.75 3.2
    endloop
  endfacet
  facet normal 0 0 1
    outer loop
      vertex 258 51 3.2
      vertex 261.547 110.31 3.2
      vertex 261.33 110.383 3.2
    endloop
  endfacet
  facet normal 0 0 1
    outer loop
      vertex 262 9.75 3.2
      vertex 260 12 3.2
      vertex 261.772 9.73503 3.2
    endloop
  endfacet
  facet normal 0 0 1
    outer loop
      vertex 242 51 3.2
      vertex 261.33 110.383 3.2
      vertex 261.125 110.484 3.2
    endloop
  endfacet
  facet normal 0 0 1
    outer loop
      vertex 261.772 9.73503 3.2
      vertex 260 12 3.2
      vertex 261.547 9.69037 3.2
    endloop
  endfacet
  facet normal 0 0 1
    outer loop
      vertex 242 51 3.2
      vertex 261.125 110.484 3.2
      vertex 260.935 110.612 3.2
    endloop
  endfacet
  facet normal 0 0 1
    outer loop
      vertex 261.547 9.69037 3.2
      vertex 260 12 3.2
      vertex 261.33 9.61679 3.2
    endloop
  endfacet
  facet normal 0 0 1
    outer loop
      vertex 242 116.8 3.2
      vertex 260.935 110.612 3.2
      vertex 260.763 110.763 3.2
    endloop
  endfacet
  facet normal 0 0 1
    outer loop
      vertex 261.33 9.61679 3.2
      vertex 260 12 3.2
      vertex 261.125 9.51554 3.2
    endloop
  endfacet
  facet normal 0 0 1
    outer loop
      vertex 242 116.8 3.2
      vertex 260.763 110.763 3.2
      vertex 260.612 110.935 3.2
    endloop
  endfacet
  facet normal 0 0 1
    outer loop
      vertex 261.125 9.51554 3.2
      vertex 260 12 3.2
      vertex 260.935 9.38837 3.2
    endloop
  endfacet
  facet normal 0 0 1
    outer loop
      vertex 242 116.8 3.2
      vertex 260.612 110.935 3.2
      vertex 260.484 111.125 3.2
    endloop
  endfacet
  facet normal 0 0 1
    outer loop
      vertex 260.935 9.38837 3.2
      vertex 260 12 3.2
      vertex 260.763 9.23744 3.2
    endloop
  endfacet
  facet normal 0 0 1
    outer loop
      vertex 242 116.8 3.2
      vertex 260.484 111.125 3.2
      vertex 260.383 111.33 3.2
    endloop
  endfacet
  facet normal -0 0 1
    outer loop
      vertex 258 10 3.2
      vertex 260.763 9.23744 3.2
      vertex 260 12 3.2
    endloop
  endfacet
  facet normal 0 0 1
    outer loop
      vertex 242 116.8 3.2
      vertex 260.383 111.33 3.2
      vertex 260.31 111.547 3.2
    endloop
  endfacet
  facet normal 0 0 1
    outer loop
      vertex 260.763 9.23744 3.2
      vertex 258 10 3.2
      vertex 260.612 9.06533 3.2
    endloop
  endfacet
  facet normal 0 0 1
    outer loop
      vertex 242 116.8 3.2
      vertex 260.31 111.547 3.2
      vertex 260.265 111.772 3.2
    endloop
  endfacet
  facet normal 0 0 1
    outer loop
      vertex 260.612 9.06533 3.2
      vertex 258 10 3.2
      vertex 260.484 8.875 3.2
    endloop
  endfacet
  facet normal 0 0 1
    outer loop
      vertex 242 116.8 3.2
      vertex 260.265 111.772 3.2
      vertex 260.25 112 3.2
    endloop
  endfacet
  facet normal 0 0 1
    outer loop
      vertex 260.484 8.875 3.2
      vertex 258 10 3.2
      vertex 260.383 8.6697 3.2
    endloop
  endfacet
  facet normal 0 0 1
    outer loop
      vertex 263.75 112 3.2
      vertex 266.8 112 3.2
      vertex 266.759 112.627 3.2
    endloop
  endfacet
  facet normal 0 0 1
    outer loop
      vertex 263.735 111.772 3.2
      vertex 266.8 112 3.2
      vertex 263.75 112 3.2
    endloop
  endfacet
  facet normal 0 0 1
    outer loop
      vertex 263.735 112.228 3.2
      vertex 266.759 112.627 3.2
      vertex 266.636 113.242 3.2
    endloop
  endfacet
  facet normal 0 0 1
    outer loop
      vertex 260 49 3.2
      vertex 266.8 112 3.2
      vertex 263.735 111.772 3.2
    endloop
  endfacet
  facet normal 0 0 1
    outer loop
      vertex 263.69 112.453 3.2
      vertex 266.636 113.242 3.2
      vertex 266.435 113.837 3.2
    endloop
  endfacet
  facet normal 0 0 1
    outer loop
      vertex 266.8 8 3.2
      vertex 263.75 8 3.2
      vertex 266.759 7.37347 3.2
    endloop
  endfacet
  facet normal 0 0 1
    outer loop
      vertex 263.617 112.67 3.2
      vertex 266.435 113.837 3.2
      vertex 266.157 114.4 3.2
    endloop
  endfacet
  facet normal -0 0 1
    outer loop
      vertex 263.735 7.77158 3.2
      vertex 266.759 7.37347 3.2
      vertex 263.75 8 3.2
    endloop
  endfacet
  facet normal 0 0 1
    outer loop
      vertex 263.516 112.875 3.2
      vertex 266.157 114.4 3.2
      vertex 265.808 114.922 3.2
    endloop
  endfacet
  facet normal 0 0 1
    outer loop
      vertex 266.759 7.37347 3.2
      vertex 263.735 7.77158 3.2
      vertex 266.636 6.75767 3.2
    endloop
  endfacet
  facet normal 0 0 1
    outer loop
      vertex 263.388 113.065 3.2
      vertex 265.808 114.922 3.2
      vertex 265.394 115.394 3.2
    endloop
  endfacet
  facet normal -0 0 1
    outer loop
      vertex 263.69 7.54707 3.2
      vertex 266.636 6.75767 3.2
      vertex 263.735 7.77158 3.2
    endloop
  endfacet
  facet normal 0 0 1
    outer loop
      vertex 263.237 113.237 3.2
      vertex 265.394 115.394 3.2
      vertex 264.922 115.808 3.2
    endloop
  endfacet
  facet normal 0 0 1
    outer loop
      vertex 266.636 6.75767 3.2
      vertex 263.69 7.54707 3.2
      vertex 266.435 6.16312 3.2
    endloop
  endfacet
  facet normal 0 0 1
    outer loop
      vertex 263.065 113.388 3.2
      vertex 264.922 115.808 3.2
      vertex 264.4 116.157 3.2
    endloop
  endfacet
  facet normal -0 0 1
    outer loop
      vertex 263.617 7.3303 3.2
      vertex 266.435 6.16312 3.2
      vertex 263.69 7.54707 3.2
    endloop
  endfacet
  facet normal 0 0 1
    outer loop
      vertex 262.875 113.516 3.2
      vertex 264.4 116.157 3.2
      vertex 263.837 116.435 3.2
    endloop
  endfacet
  facet normal 0 0 1
    outer loop
      vertex 266.435 6.16312 3.2
      vertex 263.617 7.3303 3.2
      vertex 266.157 5.6 3.2
    endloop
  endfacet
  facet normal -0 0 1
    outer loop
      vertex 263.516 7.125 3.2
      vertex 266.157 5.6 3.2
      vertex 263.617 7.3303 3.2
    endloop
  endfacet
  facet normal 0 0 1
    outer loop
      vertex 266.759 112.627 3.2
      vertex 263.735 112.228 3.2
      vertex 263.75 112 3.2
    endloop
  endfacet
  facet normal 0 0 1
    outer loop
      vertex 266.636 113.242 3.2
      vertex 263.69 112.453 3.2
      vertex 263.735 112.228 3.2
    endloop
  endfacet
  facet normal 0 0 1
    outer loop
      vertex 266.435 113.837 3.2
      vertex 263.617 112.67 3.2
      vertex 263.69 112.453 3.2
    endloop
  endfacet
  facet normal 0 0 1
    outer loop
      vertex 266.157 114.4 3.2
      vertex 263.516 112.875 3.2
      vertex 263.617 112.67 3.2
    endloop
  endfacet
  facet normal 0 0 1
    outer loop
      vertex 265.808 114.922 3.2
      vertex 263.388 113.065 3.2
      vertex 263.516 112.875 3.2
    endloop
  endfacet
  facet normal 0 0 1
    outer loop
      vertex 262.67 113.617 3.2
      vertex 263.837 116.435 3.2
      vertex 263.242 116.636 3.2
    endloop
  endfacet
  facet normal 0 0 1
    outer loop
      vertex 265.394 115.394 3.2
      vertex 263.237 113.237 3.2
      vertex 263.388 113.065 3.2
    endloop
  endfacet
  facet normal 0 0 1
    outer loop
      vertex 264.922 115.808 3.2
      vertex 263.065 113.388 3.2
      vertex 263.237 113.237 3.2
    endloop
  endfacet
  facet normal 0 0 1
    outer loop
      vertex 264.4 116.157 3.2
      vertex 262.875 113.516 3.2
      vertex 263.065 113.388 3.2
    endloop
  endfacet
  facet normal 0 0 1
    outer loop
      vertex 263.837 116.435 3.2
      vertex 262.67 113.617 3.2
      vertex 262.875 113.516 3.2
    endloop
  endfacet
  facet normal 0 0 1
    outer loop
      vertex 262.453 113.69 3.2
      vertex 263.242 116.636 3.2
      vertex 262.627 116.759 3.2
    endloop
  endfacet
  facet normal 0 0 1
    outer loop
      vertex 263.242 116.636 3.2
      vertex 262.453 113.69 3.2
      vertex 262.67 113.617 3.2
    endloop
  endfacet
  facet normal 0 0 1
    outer loop
      vertex 262.627 116.759 3.2
      vertex 262.228 113.735 3.2
      vertex 262.453 113.69 3.2
    endloop
  endfacet
  facet normal 0 0 1
    outer loop
      vertex 262 116.8 3.2
      vertex 262.228 113.735 3.2
      vertex 262.627 116.759 3.2
    endloop
  endfacet
  facet normal 0 0 1
    outer loop
      vertex 262 116.8 3.2
      vertex 262 113.75 3.2
      vertex 262.228 113.735 3.2
    endloop
  endfacet
  facet normal 0 0 1
    outer loop
      vertex 262 116.8 3.2
      vertex 261.772 113.735 3.2
      vertex 262 113.75 3.2
    endloop
  endfacet
  facet normal 0 0 1
    outer loop
      vertex 262 116.8 3.2
      vertex 261.547 113.69 3.2
      vertex 261.772 113.735 3.2
    endloop
  endfacet
  facet normal 0 0 1
    outer loop
      vertex 262 116.8 3.2
      vertex 261.33 113.617 3.2
      vertex 261.547 113.69 3.2
    endloop
  endfacet
  facet normal 0 0 1
    outer loop
      vertex 262 116.8 3.2
      vertex 261.125 113.516 3.2
      vertex 261.33 113.617 3.2
    endloop
  endfacet
  facet normal 0 0 1
    outer loop
      vertex 262 116.8 3.2
      vertex 260.935 113.388 3.2
      vertex 261.125 113.516 3.2
    endloop
  endfacet
  facet normal 0 0 1
    outer loop
      vertex 262 116.8 3.2
      vertex 260.763 113.237 3.2
      vertex 260.935 113.388 3.2
    endloop
  endfacet
  facet normal 0 0 1
    outer loop
      vertex 262 116.8 3.2
      vertex 260.612 113.065 3.2
      vertex 260.763 113.237 3.2
    endloop
  endfacet
  facet normal 0 0 1
    outer loop
      vertex 262 116.8 3.2
      vertex 260.484 112.875 3.2
      vertex 260.612 113.065 3.2
    endloop
  endfacet
  facet normal -0 0 1
    outer loop
      vertex 242 116.8 3.2
      vertex 260.484 112.875 3.2
      vertex 262 116.8 3.2
    endloop
  endfacet
  facet normal 0 0 1
    outer loop
      vertex 260.383 8.6697 3.2
      vertex 258 10 3.2
      vertex 260.31 8.45293 3.2
    endloop
  endfacet
  facet normal 0 0 1
    outer loop
      vertex 263.065 110.612 3.2
      vertex 258 51 3.2
      vertex 260 49 3.2
    endloop
  endfacet
  facet normal 0 0 1
    outer loop
      vertex 260.484 112.875 3.2
      vertex 242 116.8 3.2
      vertex 260.383 112.67 3.2
    endloop
  endfacet
  facet normal 0 0 1
    outer loop
      vertex 242 116.8 3.2
      vertex 260.31 112.453 3.2
      vertex 260.383 112.67 3.2
    endloop
  endfacet
  facet normal 0 0 1
    outer loop
      vertex 242 116.8 3.2
      vertex 260.265 112.228 3.2
      vertex 260.31 112.453 3.2
    endloop
  endfacet
  facet normal 0 0 1
    outer loop
      vertex 242 116.8 3.2
      vertex 260.25 112 3.2
      vertex 260.265 112.228 3.2
    endloop
  endfacet
  facet normal 0 0 1
    outer loop
      vertex 260.935 110.612 3.2
      vertex 242 116.8 3.2
      vertex 242 51 3.2
    endloop
  endfacet
  facet normal 0 0 1
    outer loop
      vertex 261.33 110.383 3.2
      vertex 242 51 3.2
      vertex 258 51 3.2
    endloop
  endfacet
  facet normal 0 0 1
    outer loop
      vertex 266.157 5.6 3.2
      vertex 263.516 7.125 3.2
      vertex 265.808 5.07794 3.2
    endloop
  endfacet
  facet normal -0 0 1
    outer loop
      vertex 263.388 6.93467 3.2
      vertex 265.808 5.07794 3.2
      vertex 263.516 7.125 3.2
    endloop
  endfacet
  facet normal 0 0 1
    outer loop
      vertex 265.808 5.07794 3.2
      vertex 263.388 6.93467 3.2
      vertex 265.394 4.60589 3.2
    endloop
  endfacet
  facet normal -0 0 1
    outer loop
      vertex 263.237 6.76256 3.2
      vertex 265.394 4.60589 3.2
      vertex 263.388 6.93467 3.2
    endloop
  endfacet
  facet normal 0 0 1
    outer loop
      vertex 265.394 4.60589 3.2
      vertex 263.237 6.76256 3.2
      vertex 264.922 4.1919 3.2
    endloop
  endfacet
  facet normal -0 0 1
    outer loop
      vertex 263.065 6.61163 3.2
      vertex 264.922 4.1919 3.2
      vertex 263.237 6.76256 3.2
    endloop
  endfacet
  facet normal 0 0 1
    outer loop
      vertex 264.922 4.1919 3.2
      vertex 263.065 6.61163 3.2
      vertex 264.4 3.84308 3.2
    endloop
  endfacet
  facet normal -0 0 1
    outer loop
      vertex 262.875 6.48446 3.2
      vertex 264.4 3.84308 3.2
      vertex 263.065 6.61163 3.2
    endloop
  endfacet
  facet normal 0 0 1
    outer loop
      vertex 264.4 3.84308 3.2
      vertex 262.875 6.48446 3.2
      vertex 263.837 3.56538 3.2
    endloop
  endfacet
  facet normal -0 0 1
    outer loop
      vertex 262.67 6.38321 3.2
      vertex 263.837 3.56538 3.2
      vertex 262.875 6.48446 3.2
    endloop
  endfacet
  facet normal 0 0 1
    outer loop
      vertex 263.837 3.56538 3.2
      vertex 262.67 6.38321 3.2
      vertex 263.242 3.36356 3.2
    endloop
  endfacet
  facet normal -0 0 1
    outer loop
      vertex 262.453 6.30963 3.2
      vertex 263.242 3.36356 3.2
      vertex 262.67 6.38321 3.2
    endloop
  endfacet
  facet normal 0 0 1
    outer loop
      vertex 263.242 3.36356 3.2
      vertex 262.453 6.30963 3.2
      vertex 262.627 3.24106 3.2
    endloop
  endfacet
  facet normal -0 0 1
    outer loop
      vertex 262.228 6.26497 3.2
      vertex 262.627 3.24106 3.2
      vertex 262.453 6.30963 3.2
    endloop
  endfacet
  facet normal -0 0 1
    outer loop
      vertex 262 6.25 3.2
      vertex 262.627 3.24106 3.2
      vertex 262.228 6.26497 3.2
    endloop
  endfacet
  facet normal 0 0 1
    outer loop
      vertex 262 6.25 3.2
      vertex 262 3.2 3.2
      vertex 262.627 3.24106 3.2
    endloop
  endfacet
  facet normal 0 0 1
    outer loop
      vertex 261.772 6.26497 3.2
      vertex 262 3.2 3.2
      vertex 262 6.25 3.2
    endloop
  endfacet
  facet normal 0 0 1
    outer loop
      vertex 261.547 6.30963 3.2
      vertex 262 3.2 3.2
      vertex 261.772 6.26497 3.2
    endloop
  endfacet
  facet normal 0 0 1
    outer loop
      vertex 261.33 6.38321 3.2
      vertex 262 3.2 3.2
      vertex 261.547 6.30963 3.2
    endloop
  endfacet
  facet normal 0 0 1
    outer loop
      vertex 261.125 6.48446 3.2
      vertex 262 3.2 3.2
      vertex 261.33 6.38321 3.2
    endloop
  endfacet
  facet normal 0 0 1
    outer loop
      vertex 260.935 6.61163 3.2
      vertex 262 3.2 3.2
      vertex 261.125 6.48446 3.2
    endloop
  endfacet
  facet normal 0 0 1
    outer loop
      vertex 260.763 6.76256 3.2
      vertex 262 3.2 3.2
      vertex 260.935 6.61163 3.2
    endloop
  endfacet
  facet normal 0 0 1
    outer loop
      vertex 260.612 6.93467 3.2
      vertex 262 3.2 3.2
      vertex 260.763 6.76256 3.2
    endloop
  endfacet
  facet normal 0 0 1
    outer loop
      vertex 260.484 7.125 3.2
      vertex 262 3.2 3.2
      vertex 260.612 6.93467 3.2
    endloop
  endfacet
  facet normal 0 0 1
    outer loop
      vertex 258 10 3.2
      vertex 260.484 7.125 3.2
      vertex 260.383 7.3303 3.2
    endloop
  endfacet
  facet normal 0 0 1
    outer loop
      vertex 260.31 8.45293 3.2
      vertex 258 10 3.2
      vertex 260.265 8.22842 3.2
    endloop
  endfacet
  facet normal 0 0 1
    outer loop
      vertex 258 10 3.2
      vertex 260 12 3.2
      vertex 258 12 3.2
    endloop
  endfacet
  facet normal 0 0 1
    outer loop
      vertex 260.265 8.22842 3.2
      vertex 258 10 3.2
      vertex 260.25 8 3.2
    endloop
  endfacet
  facet normal 0 0 1
    outer loop
      vertex 260.25 8 3.2
      vertex 258 10 3.2
      vertex 260.265 7.77158 3.2
    endloop
  endfacet
  facet normal 0 0 1
    outer loop
      vertex 260.265 7.77158 3.2
      vertex 258 10 3.2
      vertex 260.31 7.54707 3.2
    endloop
  endfacet
  facet normal 0 0 1
    outer loop
      vertex 260.31 7.54707 3.2
      vertex 258 10 3.2
      vertex 260.383 7.3303 3.2
    endloop
  endfacet
  facet normal 0 0 1
    outer loop
      vertex 260.484 7.125 3.2
      vertex 258 10 3.2
      vertex 242 3.2 3.2
    endloop
  endfacet
  facet normal 0 0 1
    outer loop
      vertex 242 3.2 3.2
      vertex 258 10 3.2
      vertex 242 10 3.2
    endloop
  endfacet
  facet normal 0 0 1
    outer loop
      vertex 260.484 7.125 3.2
      vertex 242 3.2 3.2
      vertex 262 3.2 3.2
    endloop
  endfacet
  facet normal 0 0 1
    outer loop
      vertex 260 49 3.2
      vertex 258 51 3.2
      vertex 258 49 3.2
    endloop
  endfacet
  facet normal -0 0 1
    outer loop
      vertex 12.4 48.6 3.2
      vertex 89.6 12.4 3.2
      vertex 89.6 48.6 3.2
    endloop
  endfacet
  facet normal 0 0 1
    outer loop
      vertex 89.6 12.4 3.2
      vertex 12.4 48.6 3.2
      vertex 12.4 12.4 3.2
    endloop
  endfacet
  facet normal -0 0 1
    outer loop
      vertex 96.4 48.6 3.2
      vertex 173.6 12.4 3.2
      vertex 173.6 48.6 3.2
    endloop
  endfacet
  facet normal 0 0 1
    outer loop
      vertex 173.6 12.4 3.2
      vertex 96.4 48.6 3.2
      vertex 96.4 12.4 3.2
    endloop
  endfacet
  facet normal -0 0 1
    outer loop
      vertex 180.4 48.6 3.2
      vertex 238 12.4 3.2
      vertex 238 48.6 3.2
    endloop
  endfacet
  facet normal 0 0 1
    outer loop
      vertex 238 12.4 3.2
      vertex 180.4 48.6 3.2
      vertex 180.4 12.4 3.2
    endloop
  endfacet
  facet normal -0 0 1
    outer loop
      vertex 242 48.6 3.2
      vertex 257.6 12.4 3.2
      vertex 257.6 48.6 3.2
    endloop
  endfacet
  facet normal 0 0 1
    outer loop
      vertex 257.6 12.4 3.2
      vertex 242 48.6 3.2
      vertex 242 12.4 3.2
    endloop
  endfacet
  facet normal -0 0 1
    outer loop
      vertex 191 106 3.2
      vertex 227 70 3.2
      vertex 227 106 3.2
    endloop
  endfacet
  facet normal 0 0 1
    outer loop
      vertex 227 70 3.2
      vertex 191 106 3.2
      vertex 191 70 3.2
    endloop
  endfacet
  facet normal -0 0 1
    outer loop
      vertex 15 92.5 3.2
      vertex 70 69.5 3.2
      vertex 70 92.5 3.2
    endloop
  endfacet
  facet normal 0 0 1
    outer loop
      vertex 70 69.5 3.2
      vertex 15 92.5 3.2
      vertex 15 69.5 3.2
    endloop
  endfacet
  facet normal 0.321436 0.946931 -0
    outer loop
      vertex 6.75767 3.36356 56
      vertex 6.16312 3.56538 62
      vertex 6.75767 3.36356 62
    endloop
  endfacet
  facet normal 0.321436 0.946931 0
    outer loop
      vertex 6.16312 3.56538 62
      vertex 6.75767 3.36356 56
      vertex 6.16312 3.56538 56
    endloop
  endfacet
  facet normal -0.947402 -0.320047 0
    outer loop
      vertex 266.636 113.242 56
      vertex 266.435 113.837 62
      vertex 266.435 113.837 56
    endloop
  endfacet
  facet normal -0.947402 -0.320047 0
    outer loop
      vertex 266.435 113.837 62
      vertex 266.636 113.242 56
      vertex 266.636 113.242 62
    endloop
  endfacet
  facet normal 0.980734 -0.195349 0
    outer loop
      vertex 3.24106 112.627 62
      vertex 3.36356 113.242 56
      vertex 3.36356 113.242 62
    endloop
  endfacet
  facet normal 0.980734 -0.195349 0
    outer loop
      vertex 3.36356 113.242 56
      vertex 3.24106 112.627 62
      vertex 3.24106 112.627 56
    endloop
  endfacet
  facet normal 0.442289 0.896873 -0
    outer loop
      vertex 6.16312 3.56538 56
      vertex 5.6 3.84308 62
      vertex 6.16312 3.56538 62
    endloop
  endfacet
  facet normal 0.442289 0.896873 0
    outer loop
      vertex 5.6 3.84308 62
      vertex 6.16312 3.56538 56
      vertex 5.6 3.84308 56
    endloop
  endfacet
  facet normal 0.947005 -0.321218 0
    outer loop
      vertex 3.36356 113.242 62
      vertex 3.56538 113.837 56
      vertex 3.56538 113.837 62
    endloop
  endfacet
  facet normal 0.947005 -0.321218 0
    outer loop
      vertex 3.56538 113.837 56
      vertex 3.36356 113.242 62
      vertex 3.36356 113.242 56
    endloop
  endfacet
  facet normal -0.442749 -0.896646 0
    outer loop
      vertex 263.837 116.435 56
      vertex 264.4 116.157 62
      vertex 263.837 116.435 62
    endloop
  endfacet
  facet normal -0.442749 -0.896646 -0
    outer loop
      vertex 264.4 116.157 62
      vertex 263.837 116.435 56
      vertex 264.4 116.157 56
    endloop
  endfacet
  facet normal -0.320047 -0.947402 0
    outer loop
      vertex 263.242 116.636 56
      vertex 263.837 116.435 62
      vertex 263.242 116.636 62
    endloop
  endfacet
  facet normal -0.320047 -0.947402 -0
    outer loop
      vertex 263.837 116.435 62
      vertex 263.242 116.636 56
      vertex 263.837 116.435 56
    endloop
  endfacet
  facet normal 0.946931 0.321436 0
    outer loop
      vertex 3.56538 6.16312 62
      vertex 3.36356 6.75767 56
      vertex 3.36356 6.75767 62
    endloop
  endfacet
  facet normal 0.946931 0.321436 0
    outer loop
      vertex 3.36356 6.75767 56
      vertex 3.56538 6.16312 62
      vertex 3.56538 6.16312 56
    endloop
  endfacet
  facet normal -0.896683 0.442673 0
    outer loop
      vertex 266.157 5.6 56
      vertex 266.435 6.16312 62
      vertex 266.435 6.16312 56
    endloop
  endfacet
  facet normal -0.896683 0.442673 0
    outer loop
      vertex 266.435 6.16312 62
      vertex 266.157 5.6 56
      vertex 266.157 5.6 62
    endloop
  endfacet
  facet normal 0.980784 0.195096 0
    outer loop
      vertex 12.9572 8.65263 56
      vertex 12.8296 9.2941 3.2
      vertex 12.8296 9.2941 56
    endloop
  endfacet
  facet normal 0.980784 0.195096 0
    outer loop
      vertex 12.8296 9.2941 3.2
      vertex 12.9572 8.65263 56
      vertex 12.9572 8.65263 3.2
    endloop
  endfacet
  facet normal 0.997856 0.0654402 0
    outer loop
      vertex 13 8 56
      vertex 12.9572 8.65263 3.2
      vertex 12.9572 8.65263 56
    endloop
  endfacet
  facet normal 0.997856 0.0654402 0
    outer loop
      vertex 12.9572 8.65263 3.2
      vertex 13 8 56
      vertex 13 8 3.2
    endloop
  endfacet
  facet normal 0.321434 -0.946932 0
    outer loop
      vertex 9.38138 3.2 3.2
      vertex 9.91342 3.3806 56
      vertex 9.38138 3.2 56
    endloop
  endfacet
  facet normal 0.321434 -0.946932 0
    outer loop
      vertex 9.91342 3.3806 56
      vertex 9.38138 3.2 3.2
      vertex 9.91342 3.3806 3.2
    endloop
  endfacet
  facet normal 0.831535 0.555472 0
    outer loop
      vertex 11.9668 11.0438 56
      vertex 12 10.9941 12.2
      vertex 11.9668 11.0438 3.2
    endloop
  endfacet
  facet normal 0.831509 0.555512 -6.45841e-08
    outer loop
      vertex 12.3301 10.5 56
      vertex 12 10.9941 12.2
      vertex 11.9668 11.0438 56
    endloop
  endfacet
  facet normal 0.831506 0.555515 0
    outer loop
      vertex 12 10.9941 12.2
      vertex 12.3301 10.5 56
      vertex 12.3301 10.5 12.2
    endloop
  endfacet
  facet normal 0.831535 0.555472 0
    outer loop
      vertex 11.9668 11.0438 3.2
      vertex 12 10.9941 12.2
      vertex 12 10.9941 3.2
    endloop
  endfacet
  facet normal -0.896872 0.44229 0
    outer loop
      vertex 3.3806 9.91342 3.2
      vertex 3.66987 10.5 56
      vertex 3.66987 10.5 3.2
    endloop
  endfacet
  facet normal -0.896872 0.44229 0
    outer loop
      vertex 3.66987 10.5 56
      vertex 3.3806 9.91342 3.2
      vertex 3.3806 9.91342 56
    endloop
  endfacet
  facet normal -0.555504 0.831514 0
    outer loop
      vertex 5.5 12.3301 3.2
      vertex 4.95619 11.9668 56
      vertex 5.5 12.3301 56
    endloop
  endfacet
  facet normal -0.555504 0.831514 0
    outer loop
      vertex 4.95619 11.9668 56
      vertex 5.5 12.3301 3.2
      vertex 4.95619 11.9668 3.2
    endloop
  endfacet
  facet normal -0.659409 0.751784 0
    outer loop
      vertex 4.95619 11.9668 3.2
      vertex 4.46447 11.5355 56
      vertex 4.95619 11.9668 56
    endloop
  endfacet
  facet normal -0.659409 0.751784 0
    outer loop
      vertex 4.46447 11.5355 56
      vertex 4.95619 11.9668 3.2
      vertex 4.46447 11.5355 3.2
    endloop
  endfacet
  facet normal -0.751817 0.659372 0
    outer loop
      vertex 4.03323 11.0438 3.2
      vertex 4.46447 11.5355 56
      vertex 4.46447 11.5355 3.2
    endloop
  endfacet
  facet normal -0.751817 0.659372 0
    outer loop
      vertex 4.46447 11.5355 56
      vertex 4.03323 11.0438 3.2
      vertex 4.03323 11.0438 56
    endloop
  endfacet
  facet normal 0.946944 -0.321397 0
    outer loop
      vertex 12.6194 6.08658 56
      vertex 12.8296 6.7059 3.2
      vertex 12.8296 6.7059 56
    endloop
  endfacet
  facet normal 0.946944 -0.321397 0
    outer loop
      vertex 12.8296 6.7059 3.2
      vertex 12.6194 6.08658 56
      vertex 12.6194 6.08658 3.2
    endloop
  endfacet
  facet normal 0.555512 0.831509 -6.45841e-08
    outer loop
      vertex 11.0438 11.9668 56
      vertex 10.9941 12 12.2
      vertex 10.5 12.3301 56
    endloop
  endfacet
  facet normal 0.555472 0.831535 -0
    outer loop
      vertex 11.0438 11.9668 3.2
      vertex 10.9941 12 12.2
      vertex 11.0438 11.9668 56
    endloop
  endfacet
  facet normal 0.555472 0.831535 0
    outer loop
      vertex 10.9941 12 12.2
      vertex 11.0438 11.9668 3.2
      vertex 10.9941 12 3.2
    endloop
  endfacet
  facet normal 0.555515 0.831506 0
    outer loop
      vertex 10.5 12.3301 56
      vertex 10.9941 12 12.2
      vertex 10.5 12.3301 12.2
    endloop
  endfacet
  facet normal -0.321397 0.946944 0
    outer loop
      vertex 6.7059 12.8296 3.2
      vertex 6.08658 12.6194 56
      vertex 6.7059 12.8296 56
    endloop
  endfacet
  facet normal -0.321397 0.946944 0
    outer loop
      vertex 6.08658 12.6194 56
      vertex 6.7059 12.8296 3.2
      vertex 6.08658 12.6194 3.2
    endloop
  endfacet
  facet normal 0.555575 -0.831466 0
    outer loop
      vertex 10.5 3.66987 3.2
      vertex 11.0438 4.03323 56
      vertex 10.5 3.66987 56
    endloop
  endfacet
  facet normal 0.555575 -0.831466 0
    outer loop
      vertex 11.0438 4.03323 56
      vertex 10.5 3.66987 3.2
      vertex 11.0438 4.03323 3.2
    endloop
  endfacet
  facet normal -0.946932 0.321434 0
    outer loop
      vertex 3.2 9.38138 3.2
      vertex 3.3806 9.91342 56
      vertex 3.3806 9.91342 3.2
    endloop
  endfacet
  facet normal -0.946932 0.321434 0
    outer loop
      vertex 3.3806 9.91342 56
      vertex 3.2 9.38138 3.2
      vertex 3.2 9.38138 56
    endloop
  endfacet
  facet normal 0.321397 0.946944 -0
    outer loop
      vertex 9.91342 12.6194 3.2
      vertex 9.2941 12.8296 56
      vertex 9.91342 12.6194 56
    endloop
  endfacet
  facet normal 0.321397 0.946944 0
    outer loop
      vertex 9.2941 12.8296 56
      vertex 9.91342 12.6194 3.2
      vertex 9.2941 12.8296 3.2
    endloop
  endfacet
  facet normal 0.0654402 0.997856 -0
    outer loop
      vertex 8.65263 12.9572 3.2
      vertex 8 13 56
      vertex 8.65263 12.9572 56
    endloop
  endfacet
  facet normal 0.0654402 0.997856 0
    outer loop
      vertex 8 13 56
      vertex 8.65263 12.9572 3.2
      vertex 8 13 3.2
    endloop
  endfacet
  facet normal -0.442327 0.896854 0
    outer loop
      vertex 6.08658 12.6194 3.2
      vertex 5.5 12.3301 56
      vertex 6.08658 12.6194 56
    endloop
  endfacet
  facet normal -0.442327 0.896854 0
    outer loop
      vertex 5.5 12.3301 56
      vertex 6.08658 12.6194 3.2
      vertex 5.5 12.3301 3.2
    endloop
  endfacet
  facet normal 0.831514 -0.555504 0
    outer loop
      vertex 11.9668 4.95619 56
      vertex 12.3301 5.5 3.2
      vertex 12.3301 5.5 56
    endloop
  endfacet
  facet normal 0.831514 -0.555504 0
    outer loop
      vertex 12.3301 5.5 3.2
      vertex 11.9668 4.95619 56
      vertex 11.9668 4.95619 3.2
    endloop
  endfacet
  facet normal 0.442327 0.896854 -0
    outer loop
      vertex 10.5 12.3301 12.2
      vertex 9.91342 12.6194 56
      vertex 10.5 12.3301 56
    endloop
  endfacet
  facet normal 0.442328 0.896853 2.5718e-08
    outer loop
      vertex 10 12.5767 12.2
      vertex 9.91342 12.6194 56
      vertex 10.5 12.3301 12.2
    endloop
  endfacet
  facet normal 0.442318 0.896858 0
    outer loop
      vertex 9.91342 12.6194 3.2
      vertex 10 12.5767 12.2
      vertex 10 12.5767 3.2
    endloop
  endfacet
  facet normal 0.442318 0.896858 0
    outer loop
      vertex 10 12.5767 12.2
      vertex 9.91342 12.6194 3.2
      vertex 9.91342 12.6194 56
    endloop
  endfacet
  facet normal -0.195096 0.980784 0
    outer loop
      vertex 7.34737 12.9572 3.2
      vertex 6.7059 12.8296 56
      vertex 7.34737 12.9572 56
    endloop
  endfacet
  facet normal -0.195096 0.980784 0
    outer loop
      vertex 6.7059 12.8296 56
      vertex 7.34737 12.9572 3.2
      vertex 6.7059 12.8296 3.2
    endloop
  endfacet
  facet normal 0.751771 0.659424 0
    outer loop
      vertex 11.9668 11.0438 56
      vertex 11.5355 11.5355 3.2
      vertex 11.5355 11.5355 56
    endloop
  endfacet
  facet normal 0.751771 0.659424 0
    outer loop
      vertex 11.5355 11.5355 3.2
      vertex 11.9668 11.0438 56
      vertex 11.9668 11.0438 3.2
    endloop
  endfacet
  facet normal 0.195096 0.980784 -0
    outer loop
      vertex 9.2941 12.8296 3.2
      vertex 8.65263 12.9572 56
      vertex 9.2941 12.8296 56
    endloop
  endfacet
  facet normal 0.195096 0.980784 0
    outer loop
      vertex 8.65263 12.9572 56
      vertex 9.2941 12.8296 3.2
      vertex 8.65263 12.9572 3.2
    endloop
  endfacet
  facet normal 0.751784 -0.659409 0
    outer loop
      vertex 11.5355 4.46447 56
      vertex 11.9668 4.95619 3.2
      vertex 11.9668 4.95619 56
    endloop
  endfacet
  facet normal 0.751784 -0.659409 0
    outer loop
      vertex 11.9668 4.95619 3.2
      vertex 11.5355 4.46447 56
      vertex 11.5355 4.46447 3.2
    endloop
  endfacet
  facet normal -0.0654402 0.997856 0
    outer loop
      vertex 8 13 3.2
      vertex 7.34737 12.9572 56
      vertex 8 13 56
    endloop
  endfacet
  facet normal -0.0654402 0.997856 0
    outer loop
      vertex 7.34737 12.9572 56
      vertex 8 13 3.2
      vertex 7.34737 12.9572 3.2
    endloop
  endfacet
  facet normal 0.44229 -0.896872 0
    outer loop
      vertex 9.91342 3.3806 3.2
      vertex 10.5 3.66987 56
      vertex 9.91342 3.3806 56
    endloop
  endfacet
  facet normal 0.44229 -0.896872 0
    outer loop
      vertex 10.5 3.66987 56
      vertex 9.91342 3.3806 3.2
      vertex 10.5 3.66987 3.2
    endloop
  endfacet
  facet normal 0 0 -1
    outer loop
      vertex 9.75 8 3.2
      vertex 13 8 3.2
      vertex 12.9572 7.34737 3.2
    endloop
  endfacet
  facet normal 0 0 -1
    outer loop
      vertex 9.73503 7.77158 3.2
      vertex 12.9572 7.34737 3.2
      vertex 12.8296 6.7059 3.2
    endloop
  endfacet
  facet normal 0 0 -1
    outer loop
      vertex 13 8 3.2
      vertex 9.75 8 3.2
      vertex 12.9572 8.65263 3.2
    endloop
  endfacet
  facet normal 0 0 -1
    outer loop
      vertex 9.69037 7.54707 3.2
      vertex 12.8296 6.7059 3.2
      vertex 12.6194 6.08658 3.2
    endloop
  endfacet
  facet normal 0 0 -1
    outer loop
      vertex 9.73503 8.22842 3.2
      vertex 12.9572 8.65263 3.2
      vertex 9.75 8 3.2
    endloop
  endfacet
  facet normal 0 0 -1
    outer loop
      vertex 12.8296 9.2941 3.2
      vertex 12 10 3.2
      vertex 12.6194 9.91342 3.2
    endloop
  endfacet
  facet normal 0 0 -1
    outer loop
      vertex 9.61679 7.3303 3.2
      vertex 12.6194 6.08658 3.2
      vertex 12.3301 5.5 3.2
    endloop
  endfacet
  facet normal 0 0 -1
    outer loop
      vertex 12.6194 9.91342 3.2
      vertex 12 10 3.2
      vertex 12.5767 10 3.2
    endloop
  endfacet
  facet normal 0 0 -1
    outer loop
      vertex 9.51554 7.125 3.2
      vertex 12.3301 5.5 3.2
      vertex 11.9668 4.95619 3.2
    endloop
  endfacet
  facet normal 0 0 -1
    outer loop
      vertex 12.9572 7.34737 3.2
      vertex 9.73503 7.77158 3.2
      vertex 9.75 8 3.2
    endloop
  endfacet
  facet normal 0 0 -1
    outer loop
      vertex 12.9572 8.65263 3.2
      vertex 12 10 3.2
      vertex 12.8296 9.2941 3.2
    endloop
  endfacet
  facet normal 0 0 -1
    outer loop
      vertex 9.38837 6.93467 3.2
      vertex 11.9668 4.95619 3.2
      vertex 11.5355 4.46447 3.2
    endloop
  endfacet
  facet normal 0 0 -1
    outer loop
      vertex 9.69037 8.45293 3.2
      vertex 12 10 3.2
      vertex 9.73503 8.22842 3.2
    endloop
  endfacet
  facet normal 0 0 -1
    outer loop
      vertex 9.23744 6.76256 3.2
      vertex 11.5355 4.46447 3.2
      vertex 11.0438 4.03323 3.2
    endloop
  endfacet
  facet normal 0 0 -1
    outer loop
      vertex 9.61679 8.6697 3.2
      vertex 12 10 3.2
      vertex 9.69037 8.45293 3.2
    endloop
  endfacet
  facet normal 0 0 -1
    outer loop
      vertex 9.51554 8.875 3.2
      vertex 12 10 3.2
      vertex 9.61679 8.6697 3.2
    endloop
  endfacet
  facet normal 0 0 -1
    outer loop
      vertex 9.06533 6.61163 3.2
      vertex 11.0438 4.03323 3.2
      vertex 10.5 3.66987 3.2
    endloop
  endfacet
  facet normal 0 0 -1
    outer loop
      vertex 9.38837 9.06533 3.2
      vertex 12 10 3.2
      vertex 9.51554 8.875 3.2
    endloop
  endfacet
  facet normal 0 0 -1
    outer loop
      vertex 8.875 6.48446 3.2
      vertex 10.5 3.66987 3.2
      vertex 9.91342 3.3806 3.2
    endloop
  endfacet
  facet normal 0 0 -1
    outer loop
      vertex 9.23744 9.23744 3.2
      vertex 12 10 3.2
      vertex 9.38837 9.06533 3.2
    endloop
  endfacet
  facet normal 0 0 -1
    outer loop
      vertex 12 10 3.2
      vertex 11.9668 11.0438 3.2
      vertex 12 10.9941 3.2
    endloop
  endfacet
  facet normal 0 0 -1
    outer loop
      vertex 12 10 3.2
      vertex 11.5355 11.5355 3.2
      vertex 11.9668 11.0438 3.2
    endloop
  endfacet
  facet normal 0 -0 -1
    outer loop
      vertex 12 10 3.2
      vertex 12.9572 8.65263 3.2
      vertex 9.73503 8.22842 3.2
    endloop
  endfacet
  facet normal 0 0 -1
    outer loop
      vertex 12.8296 6.7059 3.2
      vertex 9.69037 7.54707 3.2
      vertex 9.73503 7.77158 3.2
    endloop
  endfacet
  facet normal 0 0 -1
    outer loop
      vertex 12.6194 6.08658 3.2
      vertex 9.61679 7.3303 3.2
      vertex 9.69037 7.54707 3.2
    endloop
  endfacet
  facet normal 0 0 -1
    outer loop
      vertex 12.3301 5.5 3.2
      vertex 9.51554 7.125 3.2
      vertex 9.61679 7.3303 3.2
    endloop
  endfacet
  facet normal 0 0 -1
    outer loop
      vertex 11.9668 4.95619 3.2
      vertex 9.38837 6.93467 3.2
      vertex 9.51554 7.125 3.2
    endloop
  endfacet
  facet normal 0 0 -1
    outer loop
      vertex 8.6697 6.38321 3.2
      vertex 9.91342 3.3806 3.2
      vertex 9.38138 3.2 3.2
    endloop
  endfacet
  facet normal 0 0 -1
    outer loop
      vertex 11.5355 4.46447 3.2
      vertex 9.23744 6.76256 3.2
      vertex 9.38837 6.93467 3.2
    endloop
  endfacet
  facet normal 0 0 -1
    outer loop
      vertex 11.0438 4.03323 3.2
      vertex 9.06533 6.61163 3.2
      vertex 9.23744 6.76256 3.2
    endloop
  endfacet
  facet normal 0 0 -1
    outer loop
      vertex 10.5 3.66987 3.2
      vertex 8.875 6.48446 3.2
      vertex 9.06533 6.61163 3.2
    endloop
  endfacet
  facet normal 0 0 -1
    outer loop
      vertex 9.91342 3.3806 3.2
      vertex 8.6697 6.38321 3.2
      vertex 8.875 6.48446 3.2
    endloop
  endfacet
  facet normal 0 0 -1
    outer loop
      vertex 9.38138 3.2 3.2
      vertex 8.45293 6.30963 3.2
      vertex 8.6697 6.38321 3.2
    endloop
  endfacet
  facet normal 0 0 -1
    outer loop
      vertex 8 3.2 3.2
      vertex 8.45293 6.30963 3.2
      vertex 9.38138 3.2 3.2
    endloop
  endfacet
  facet normal 0 0 -1
    outer loop
      vertex 8.45293 6.30963 3.2
      vertex 8 3.2 3.2
      vertex 8.22842 6.26497 3.2
    endloop
  endfacet
  facet normal 0 0 -1
    outer loop
      vertex 8 3.2 3.2
      vertex 8 6.25 3.2
      vertex 8.22842 6.26497 3.2
    endloop
  endfacet
  facet normal 0 0 -1
    outer loop
      vertex 8 3.2 3.2
      vertex 7.77158 6.26497 3.2
      vertex 8 6.25 3.2
    endloop
  endfacet
  facet normal 0 0 -1
    outer loop
      vertex 7.37347 3.24106 3.2
      vertex 7.77158 6.26497 3.2
      vertex 8 3.2 3.2
    endloop
  endfacet
  facet normal -0 0 -1
    outer loop
      vertex 7.77158 6.26497 3.2
      vertex 7.37347 3.24106 3.2
      vertex 7.54707 6.30963 3.2
    endloop
  endfacet
  facet normal 0 0 -1
    outer loop
      vertex 6.75767 3.36356 3.2
      vertex 7.54707 6.30963 3.2
      vertex 7.37347 3.24106 3.2
    endloop
  endfacet
  facet normal -0 0 -1
    outer loop
      vertex 7.54707 6.30963 3.2
      vertex 6.75767 3.36356 3.2
      vertex 7.3303 6.38321 3.2
    endloop
  endfacet
  facet normal 0 0 -1
    outer loop
      vertex 6.16312 3.56538 3.2
      vertex 7.3303 6.38321 3.2
      vertex 6.75767 3.36356 3.2
    endloop
  endfacet
  facet normal -0 0 -1
    outer loop
      vertex 7.3303 6.38321 3.2
      vertex 6.16312 3.56538 3.2
      vertex 7.125 6.48446 3.2
    endloop
  endfacet
  facet normal 0 0 -1
    outer loop
      vertex 5.6 3.84308 3.2
      vertex 7.125 6.48446 3.2
      vertex 6.16312 3.56538 3.2
    endloop
  endfacet
  facet normal -0 0 -1
    outer loop
      vertex 7.125 6.48446 3.2
      vertex 5.6 3.84308 3.2
      vertex 6.93467 6.61163 3.2
    endloop
  endfacet
  facet normal 0 0 -1
    outer loop
      vertex 5.07794 4.1919 3.2
      vertex 6.93467 6.61163 3.2
      vertex 5.6 3.84308 3.2
    endloop
  endfacet
  facet normal -0 0 -1
    outer loop
      vertex 6.93467 6.61163 3.2
      vertex 5.07794 4.1919 3.2
      vertex 6.76256 6.76256 3.2
    endloop
  endfacet
  facet normal 0 0 -1
    outer loop
      vertex 4.60589 4.60589 3.2
      vertex 6.76256 6.76256 3.2
      vertex 5.07794 4.1919 3.2
    endloop
  endfacet
  facet normal -0 0 -1
    outer loop
      vertex 6.76256 6.76256 3.2
      vertex 4.60589 4.60589 3.2
      vertex 6.61163 6.93467 3.2
    endloop
  endfacet
  facet normal -0 0 -1
    outer loop
      vertex 6.61163 6.93467 3.2
      vertex 4.1919 5.07794 3.2
      vertex 6.48446 7.125 3.2
    endloop
  endfacet
  facet normal 0 0 -1
    outer loop
      vertex 4.1919 5.07794 3.2
      vertex 6.61163 6.93467 3.2
      vertex 4.60589 4.60589 3.2
    endloop
  endfacet
  facet normal -0 0 -1
    outer loop
      vertex 12 10 3.2
      vertex 9.23744 9.23744 3.2
      vertex 11.5355 11.5355 3.2
    endloop
  endfacet
  facet normal 0 -0 -1
    outer loop
      vertex 10 12 3.2
      vertex 11.5355 11.5355 3.2
      vertex 9.23744 9.23744 3.2
    endloop
  endfacet
  facet normal 0 0 -1
    outer loop
      vertex 11.5355 11.5355 3.2
      vertex 10 12 3.2
      vertex 11.0438 11.9668 3.2
    endloop
  endfacet
  facet normal 0 0 -1
    outer loop
      vertex 11.0438 11.9668 3.2
      vertex 10 12 3.2
      vertex 10.9941 12 3.2
    endloop
  endfacet
  facet normal 0 0 -1
    outer loop
      vertex 9.06533 9.38837 3.2
      vertex 10 12 3.2
      vertex 9.23744 9.23744 3.2
    endloop
  endfacet
  facet normal 0 0 -1
    outer loop
      vertex 8.875 9.51554 3.2
      vertex 10 12 3.2
      vertex 9.06533 9.38837 3.2
    endloop
  endfacet
  facet normal 0 0 -1
    outer loop
      vertex 8.6697 9.61679 3.2
      vertex 10 12 3.2
      vertex 8.875 9.51554 3.2
    endloop
  endfacet
  facet normal 0 0 -1
    outer loop
      vertex 8.45293 9.69037 3.2
      vertex 10 12 3.2
      vertex 8.6697 9.61679 3.2
    endloop
  endfacet
  facet normal 0 0 -1
    outer loop
      vertex 10 12 3.2
      vertex 9.91342 12.6194 3.2
      vertex 10 12.5767 3.2
    endloop
  endfacet
  facet normal 0 0 -1
    outer loop
      vertex 10 12 3.2
      vertex 9.2941 12.8296 3.2
      vertex 9.91342 12.6194 3.2
    endloop
  endfacet
  facet normal 0 0 -1
    outer loop
      vertex 8.22842 9.73503 3.2
      vertex 10 12 3.2
      vertex 8.45293 9.69037 3.2
    endloop
  endfacet
  facet normal 0 0 -1
    outer loop
      vertex 10 12 3.2
      vertex 8.65263 12.9572 3.2
      vertex 9.2941 12.8296 3.2
    endloop
  endfacet
  facet normal -0 0 -1
    outer loop
      vertex 10 12 3.2
      vertex 8.22842 9.73503 3.2
      vertex 8.65263 12.9572 3.2
    endloop
  endfacet
  facet normal 0 0 -1
    outer loop
      vertex 8 9.75 3.2
      vertex 8.65263 12.9572 3.2
      vertex 8.22842 9.73503 3.2
    endloop
  endfacet
  facet normal 0 0 -1
    outer loop
      vertex 8 9.75 3.2
      vertex 8 13 3.2
      vertex 8.65263 12.9572 3.2
    endloop
  endfacet
  facet normal 0 0 -1
    outer loop
      vertex 7.77158 9.73503 3.2
      vertex 8 13 3.2
      vertex 8 9.75 3.2
    endloop
  endfacet
  facet normal 0 0 -1
    outer loop
      vertex 7.34737 12.9572 3.2
      vertex 7.77158 9.73503 3.2
      vertex 7.54707 9.69037 3.2
    endloop
  endfacet
  facet normal 0 0 -1
    outer loop
      vertex 7.77158 9.73503 3.2
      vertex 7.34737 12.9572 3.2
      vertex 8 13 3.2
    endloop
  endfacet
  facet normal 0 0 -1
    outer loop
      vertex 6.7059 12.8296 3.2
      vertex 7.54707 9.69037 3.2
      vertex 7.3303 9.61679 3.2
    endloop
  endfacet
  facet normal 0 0 -1
    outer loop
      vertex 6.08658 12.6194 3.2
      vertex 7.3303 9.61679 3.2
      vertex 7.125 9.51554 3.2
    endloop
  endfacet
  facet normal 0 0 -1
    outer loop
      vertex 5.5 12.3301 3.2
      vertex 7.125 9.51554 3.2
      vertex 6.93467 9.38837 3.2
    endloop
  endfacet
  facet normal 0 0 -1
    outer loop
      vertex 4.95619 11.9668 3.2
      vertex 6.93467 9.38837 3.2
      vertex 6.76256 9.23744 3.2
    endloop
  endfacet
  facet normal 0 0 -1
    outer loop
      vertex 7.54707 9.69037 3.2
      vertex 6.7059 12.8296 3.2
      vertex 7.34737 12.9572 3.2
    endloop
  endfacet
  facet normal 0 0 -1
    outer loop
      vertex 4.46447 11.5355 3.2
      vertex 6.76256 9.23744 3.2
      vertex 6.61163 9.06533 3.2
    endloop
  endfacet
  facet normal 0 0 -1
    outer loop
      vertex 4.03323 11.0438 3.2
      vertex 6.61163 9.06533 3.2
      vertex 6.48446 8.875 3.2
    endloop
  endfacet
  facet normal 0 0 -1
    outer loop
      vertex 3.66987 10.5 3.2
      vertex 6.48446 8.875 3.2
      vertex 6.38321 8.6697 3.2
    endloop
  endfacet
  facet normal 0 0 -1
    outer loop
      vertex 3.2 9.38138 3.2
      vertex 6.38321 8.6697 3.2
      vertex 6.30963 8.45293 3.2
    endloop
  endfacet
  facet normal 0 0 -1
    outer loop
      vertex 3.2 8 3.2
      vertex 6.30963 8.45293 3.2
      vertex 6.26497 8.22842 3.2
    endloop
  endfacet
  facet normal 0 0 -1
    outer loop
      vertex 7.3303 9.61679 3.2
      vertex 6.08658 12.6194 3.2
      vertex 6.7059 12.8296 3.2
    endloop
  endfacet
  facet normal 0 0 -1
    outer loop
      vertex 3.2 8 3.2
      vertex 6.26497 8.22842 3.2
      vertex 6.25 8 3.2
    endloop
  endfacet
  facet normal 0 0 -1
    outer loop
      vertex 3.84308 5.6 3.2
      vertex 6.48446 7.125 3.2
      vertex 4.1919 5.07794 3.2
    endloop
  endfacet
  facet normal -0 0 -1
    outer loop
      vertex 6.48446 7.125 3.2
      vertex 3.84308 5.6 3.2
      vertex 6.38321 7.3303 3.2
    endloop
  endfacet
  facet normal -0 0 -1
    outer loop
      vertex 6.30963 8.45293 3.2
      vertex 3.2 8 3.2
      vertex 3.2 9.38138 3.2
    endloop
  endfacet
  facet normal 0 0 -1
    outer loop
      vertex 3.56538 6.16312 3.2
      vertex 6.38321 7.3303 3.2
      vertex 3.84308 5.6 3.2
    endloop
  endfacet
  facet normal 0 0 -1
    outer loop
      vertex 7.125 9.51554 3.2
      vertex 5.5 12.3301 3.2
      vertex 6.08658 12.6194 3.2
    endloop
  endfacet
  facet normal -0 0 -1
    outer loop
      vertex 6.38321 7.3303 3.2
      vertex 3.56538 6.16312 3.2
      vertex 6.30963 7.54707 3.2
    endloop
  endfacet
  facet normal 0 0 -1
    outer loop
      vertex 6.93467 9.38837 3.2
      vertex 4.95619 11.9668 3.2
      vertex 5.5 12.3301 3.2
    endloop
  endfacet
  facet normal 0 0 -1
    outer loop
      vertex 3.36356 6.75767 3.2
      vertex 6.30963 7.54707 3.2
      vertex 3.56538 6.16312 3.2
    endloop
  endfacet
  facet normal 0 0 -1
    outer loop
      vertex 6.76256 9.23744 3.2
      vertex 4.46447 11.5355 3.2
      vertex 4.95619 11.9668 3.2
    endloop
  endfacet
  facet normal -0 0 -1
    outer loop
      vertex 6.30963 7.54707 3.2
      vertex 3.36356 6.75767 3.2
      vertex 6.26497 7.77158 3.2
    endloop
  endfacet
  facet normal 0 0 -1
    outer loop
      vertex 6.61163 9.06533 3.2
      vertex 4.03323 11.0438 3.2
      vertex 4.46447 11.5355 3.2
    endloop
  endfacet
  facet normal 0 0 -1
    outer loop
      vertex 3.24106 7.37347 3.2
      vertex 6.26497 7.77158 3.2
      vertex 3.36356 6.75767 3.2
    endloop
  endfacet
  facet normal 0 0 -1
    outer loop
      vertex 6.48446 8.875 3.2
      vertex 3.66987 10.5 3.2
      vertex 4.03323 11.0438 3.2
    endloop
  endfacet
  facet normal -0 0 -1
    outer loop
      vertex 6.26497 7.77158 3.2
      vertex 3.24106 7.37347 3.2
      vertex 6.25 8 3.2
    endloop
  endfacet
  facet normal -0 0 -1
    outer loop
      vertex 6.25 8 3.2
      vertex 3.24106 7.37347 3.2
      vertex 3.2 8 3.2
    endloop
  endfacet
  facet normal 0 0 -1
    outer loop
      vertex 6.38321 8.6697 3.2
      vertex 3.3806 9.91342 3.2
      vertex 3.66987 10.5 3.2
    endloop
  endfacet
  facet normal 0 0 -1
    outer loop
      vertex 6.38321 8.6697 3.2
      vertex 3.2 9.38138 3.2
      vertex 3.3806 9.91342 3.2
    endloop
  endfacet
  facet normal 0.659372 -0.751817 0
    outer loop
      vertex 11.0438 4.03323 3.2
      vertex 11.5355 4.46447 56
      vertex 11.0438 4.03323 56
    endloop
  endfacet
  facet normal 0.659372 -0.751817 0
    outer loop
      vertex 11.5355 4.46447 56
      vertex 11.0438 4.03323 3.2
      vertex 11.5355 4.46447 3.2
    endloop
  endfacet
  facet normal 0.896854 -0.442327 0
    outer loop
      vertex 12.3301 5.5 56
      vertex 12.6194 6.08658 3.2
      vertex 12.6194 6.08658 56
    endloop
  endfacet
  facet normal 0.896854 -0.442327 0
    outer loop
      vertex 12.6194 6.08658 3.2
      vertex 12.3301 5.5 56
      vertex 12.3301 5.5 3.2
    endloop
  endfacet
  facet normal 0.659424 0.751771 -0
    outer loop
      vertex 11.5355 11.5355 3.2
      vertex 11.0438 11.9668 56
      vertex 11.5355 11.5355 56
    endloop
  endfacet
  facet normal 0.659424 0.751771 0
    outer loop
      vertex 11.0438 11.9668 56
      vertex 11.5355 11.5355 3.2
      vertex 11.0438 11.9668 3.2
    endloop
  endfacet
  facet normal 0.997856 -0.0654402 0
    outer loop
      vertex 12.9572 7.34737 56
      vertex 13 8 3.2
      vertex 13 8 56
    endloop
  endfacet
  facet normal 0.997856 -0.0654402 0
    outer loop
      vertex 13 8 3.2
      vertex 12.9572 7.34737 56
      vertex 12.9572 7.34737 3.2
    endloop
  endfacet
  facet normal 0.896853 0.442328 0
    outer loop
      vertex 12.3301 10.5 56
      vertex 12.5767 10 12.2
      vertex 12.3301 10.5 12.2
    endloop
  endfacet
  facet normal 0.896854 0.442327 2.1922e-08
    outer loop
      vertex 12.6194 9.91342 56
      vertex 12.5767 10 12.2
      vertex 12.3301 10.5 56
    endloop
  endfacet
  facet normal 0.896858 0.442318 -0
    outer loop
      vertex 12.6194 9.91342 3.2
      vertex 12.5767 10 12.2
      vertex 12.6194 9.91342 56
    endloop
  endfacet
  facet normal 0.896858 0.442318 0
    outer loop
      vertex 12.5767 10 12.2
      vertex 12.6194 9.91342 3.2
      vertex 12.5767 10 3.2
    endloop
  endfacet
  facet normal 0.980784 -0.195096 0
    outer loop
      vertex 12.8296 6.7059 56
      vertex 12.9572 7.34737 3.2
      vertex 12.9572 7.34737 56
    endloop
  endfacet
  facet normal 0.980784 -0.195096 0
    outer loop
      vertex 12.9572 7.34737 3.2
      vertex 12.8296 6.7059 56
      vertex 12.8296 6.7059 3.2
    endloop
  endfacet
  facet normal 0.946944 0.321397 0
    outer loop
      vertex 12.8296 9.2941 56
      vertex 12.6194 9.91342 3.2
      vertex 12.6194 9.91342 56
    endloop
  endfacet
  facet normal 0.946944 0.321397 0
    outer loop
      vertex 12.6194 9.91342 3.2
      vertex 12.8296 9.2941 56
      vertex 12.8296 9.2941 3.2
    endloop
  endfacet
  facet normal 0 0 1
    outer loop
      vertex 9.75 8 56
      vertex 13 8 56
      vertex 12.9572 8.65263 56
    endloop
  endfacet
  facet normal 0 0 1
    outer loop
      vertex 9.73503 8.22842 56
      vertex 12.9572 8.65263 56
      vertex 12.8296 9.2941 56
    endloop
  endfacet
  facet normal 0 0 1
    outer loop
      vertex 13 8 56
      vertex 9.75 8 56
      vertex 12.9572 7.34737 56
    endloop
  endfacet
  facet normal 0 0 1
    outer loop
      vertex 9.69037 8.45293 56
      vertex 12.8296 9.2941 56
      vertex 12.6194 9.91342 56
    endloop
  endfacet
  facet normal -0 0 1
    outer loop
      vertex 9.73503 7.77158 56
      vertex 12.9572 7.34737 56
      vertex 9.75 8 56
    endloop
  endfacet
  facet normal 0 0 1
    outer loop
      vertex 9.61679 8.6697 56
      vertex 12.6194 9.91342 56
      vertex 12.3301 10.5 56
    endloop
  endfacet
  facet normal 0 0 1
    outer loop
      vertex 12.9572 7.34737 56
      vertex 9.73503 7.77158 56
      vertex 12.8296 6.7059 56
    endloop
  endfacet
  facet normal 0 0 1
    outer loop
      vertex 9.51554 8.875 56
      vertex 12.3301 10.5 56
      vertex 11.9668 11.0438 56
    endloop
  endfacet
  facet normal -0 0 1
    outer loop
      vertex 9.69037 7.54707 56
      vertex 12.8296 6.7059 56
      vertex 9.73503 7.77158 56
    endloop
  endfacet
  facet normal 0 0 1
    outer loop
      vertex 9.38837 9.06533 56
      vertex 11.9668 11.0438 56
      vertex 11.5355 11.5355 56
    endloop
  endfacet
  facet normal 0 0 1
    outer loop
      vertex 12.8296 6.7059 56
      vertex 9.69037 7.54707 56
      vertex 12.6194 6.08658 56
    endloop
  endfacet
  facet normal 0 0 1
    outer loop
      vertex 9.23744 9.23744 56
      vertex 11.5355 11.5355 56
      vertex 11.0438 11.9668 56
    endloop
  endfacet
  facet normal -0 0 1
    outer loop
      vertex 9.61679 7.3303 56
      vertex 12.6194 6.08658 56
      vertex 9.69037 7.54707 56
    endloop
  endfacet
  facet normal 0 0 1
    outer loop
      vertex 9.06533 9.38837 56
      vertex 11.0438 11.9668 56
      vertex 10.5 12.3301 56
    endloop
  endfacet
  facet normal 0 0 1
    outer loop
      vertex 12.6194 6.08658 56
      vertex 9.61679 7.3303 56
      vertex 12.3301 5.5 56
    endloop
  endfacet
  facet normal 0 0 1
    outer loop
      vertex 8.875 9.51554 56
      vertex 10.5 12.3301 56
      vertex 9.91342 12.6194 56
    endloop
  endfacet
  facet normal -0 0 1
    outer loop
      vertex 9.51554 7.125 56
      vertex 12.3301 5.5 56
      vertex 9.61679 7.3303 56
    endloop
  endfacet
  facet normal 0 0 1
    outer loop
      vertex 12.3301 5.5 56
      vertex 9.51554 7.125 56
      vertex 11.9668 4.95619 56
    endloop
  endfacet
  facet normal 0 0 1
    outer loop
      vertex 12.9572 8.65263 56
      vertex 9.73503 8.22842 56
      vertex 9.75 8 56
    endloop
  endfacet
  facet normal 0 0 1
    outer loop
      vertex 12.8296 9.2941 56
      vertex 9.69037 8.45293 56
      vertex 9.73503 8.22842 56
    endloop
  endfacet
  facet normal 0 0 1
    outer loop
      vertex 12.6194 9.91342 56
      vertex 9.61679 8.6697 56
      vertex 9.69037 8.45293 56
    endloop
  endfacet
  facet normal 0 0 1
    outer loop
      vertex 12.3301 10.5 56
      vertex 9.51554 8.875 56
      vertex 9.61679 8.6697 56
    endloop
  endfacet
  facet normal 0 0 1
    outer loop
      vertex 11.9668 11.0438 56
      vertex 9.38837 9.06533 56
      vertex 9.51554 8.875 56
    endloop
  endfacet
  facet normal 0 0 1
    outer loop
      vertex 8.6697 9.61679 56
      vertex 9.91342 12.6194 56
      vertex 9.2941 12.8296 56
    endloop
  endfacet
  facet normal 0 0 1
    outer loop
      vertex 11.5355 11.5355 56
      vertex 9.23744 9.23744 56
      vertex 9.38837 9.06533 56
    endloop
  endfacet
  facet normal 0 0 1
    outer loop
      vertex 11.0438 11.9668 56
      vertex 9.06533 9.38837 56
      vertex 9.23744 9.23744 56
    endloop
  endfacet
  facet normal 0 0 1
    outer loop
      vertex 10.5 12.3301 56
      vertex 8.875 9.51554 56
      vertex 9.06533 9.38837 56
    endloop
  endfacet
  facet normal 0 0 1
    outer loop
      vertex 9.91342 12.6194 56
      vertex 8.6697 9.61679 56
      vertex 8.875 9.51554 56
    endloop
  endfacet
  facet normal 0 0 1
    outer loop
      vertex 8.45293 9.69037 56
      vertex 9.2941 12.8296 56
      vertex 8.65263 12.9572 56
    endloop
  endfacet
  facet normal 0 0 1
    outer loop
      vertex 9.2941 12.8296 56
      vertex 8.45293 9.69037 56
      vertex 8.6697 9.61679 56
    endloop
  endfacet
  facet normal 0 0 1
    outer loop
      vertex 8.65263 12.9572 56
      vertex 8.22842 9.73503 56
      vertex 8.45293 9.69037 56
    endloop
  endfacet
  facet normal 0 0 1
    outer loop
      vertex 8 13 56
      vertex 8.22842 9.73503 56
      vertex 8.65263 12.9572 56
    endloop
  endfacet
  facet normal 0 0 1
    outer loop
      vertex 8 13 56
      vertex 8 9.75 56
      vertex 8.22842 9.73503 56
    endloop
  endfacet
  facet normal 0 0 1
    outer loop
      vertex 8 13 56
      vertex 7.77158 9.73503 56
      vertex 8 9.75 56
    endloop
  endfacet
  facet normal -0 0 1
    outer loop
      vertex 7.34737 12.9572 56
      vertex 7.77158 9.73503 56
      vertex 8 13 56
    endloop
  endfacet
  facet normal 0 0 1
    outer loop
      vertex 7.77158 9.73503 56
      vertex 7.34737 12.9572 56
      vertex 7.54707 9.69037 56
    endloop
  endfacet
  facet normal -0 0 1
    outer loop
      vertex 6.7059 12.8296 56
      vertex 7.54707 9.69037 56
      vertex 7.34737 12.9572 56
    endloop
  endfacet
  facet normal 0 0 1
    outer loop
      vertex 7.54707 9.69037 56
      vertex 6.7059 12.8296 56
      vertex 7.3303 9.61679 56
    endloop
  endfacet
  facet normal -0 0 1
    outer loop
      vertex 6.08658 12.6194 56
      vertex 7.3303 9.61679 56
      vertex 6.7059 12.8296 56
    endloop
  endfacet
  facet normal 0 0 1
    outer loop
      vertex 7.3303 9.61679 56
      vertex 6.08658 12.6194 56
      vertex 7.125 9.51554 56
    endloop
  endfacet
  facet normal -0 0 1
    outer loop
      vertex 5.5 12.3301 56
      vertex 7.125 9.51554 56
      vertex 6.08658 12.6194 56
    endloop
  endfacet
  facet normal 0 0 1
    outer loop
      vertex 7.125 9.51554 56
      vertex 5.5 12.3301 56
      vertex 6.93467 9.38837 56
    endloop
  endfacet
  facet normal -0 0 1
    outer loop
      vertex 4.95619 11.9668 56
      vertex 6.93467 9.38837 56
      vertex 5.5 12.3301 56
    endloop
  endfacet
  facet normal 0 0 1
    outer loop
      vertex 6.93467 9.38837 56
      vertex 4.95619 11.9668 56
      vertex 6.76256 9.23744 56
    endloop
  endfacet
  facet normal -0 0 1
    outer loop
      vertex 4.46447 11.5355 56
      vertex 6.76256 9.23744 56
      vertex 4.95619 11.9668 56
    endloop
  endfacet
  facet normal 0 0 1
    outer loop
      vertex 6.76256 9.23744 56
      vertex 4.46447 11.5355 56
      vertex 6.61163 9.06533 56
    endloop
  endfacet
  facet normal -0 0 1
    outer loop
      vertex 4.03323 11.0438 56
      vertex 6.61163 9.06533 56
      vertex 4.46447 11.5355 56
    endloop
  endfacet
  facet normal 0 0 1
    outer loop
      vertex 6.61163 9.06533 56
      vertex 4.03323 11.0438 56
      vertex 6.48446 8.875 56
    endloop
  endfacet
  facet normal -0 0 1
    outer loop
      vertex 3.66987 10.5 56
      vertex 6.48446 8.875 56
      vertex 4.03323 11.0438 56
    endloop
  endfacet
  facet normal 0 -0 1
    outer loop
      vertex 3.24106 7.37347 56
      vertex 6.25 8 56
      vertex 3.2 8 56
    endloop
  endfacet
  facet normal 0 0 1
    outer loop
      vertex 6.48446 8.875 56
      vertex 3.66987 10.5 56
      vertex 6.38321 8.6697 56
    endloop
  endfacet
  facet normal 0 0 1
    outer loop
      vertex 6.25 8 56
      vertex 5.6 3.84308 56
      vertex 6.16312 3.56538 56
    endloop
  endfacet
  facet normal -0 0 1
    outer loop
      vertex 3.3806 9.91342 56
      vertex 6.38321 8.6697 56
      vertex 3.66987 10.5 56
    endloop
  endfacet
  facet normal 0 0 1
    outer loop
      vertex 6.25 8 56
      vertex 5.07794 4.1919 56
      vertex 5.6 3.84308 56
    endloop
  endfacet
  facet normal -0 0 1
    outer loop
      vertex 3.2 9.38138 56
      vertex 6.38321 8.6697 56
      vertex 3.3806 9.91342 56
    endloop
  endfacet
  facet normal 0 0 1
    outer loop
      vertex 6.25 8 56
      vertex 4.60589 4.60589 56
      vertex 5.07794 4.1919 56
    endloop
  endfacet
  facet normal 0 0 1
    outer loop
      vertex 6.38321 8.6697 56
      vertex 3.2 9.38138 56
      vertex 6.30963 8.45293 56
    endloop
  endfacet
  facet normal 0 0 1
    outer loop
      vertex 6.25 8 56
      vertex 4.1919 5.07794 56
      vertex 4.60589 4.60589 56
    endloop
  endfacet
  facet normal 0 0 1
    outer loop
      vertex 3.2 8 56
      vertex 6.30963 8.45293 56
      vertex 3.2 9.38138 56
    endloop
  endfacet
  facet normal 0 0 1
    outer loop
      vertex 6.25 8 56
      vertex 3.84308 5.6 56
      vertex 4.1919 5.07794 56
    endloop
  endfacet
  facet normal 0 0 1
    outer loop
      vertex 6.30963 8.45293 56
      vertex 3.2 8 56
      vertex 6.26497 8.22842 56
    endloop
  endfacet
  facet normal 0 0 1
    outer loop
      vertex 6.25 8 56
      vertex 3.56538 6.16312 56
      vertex 3.84308 5.6 56
    endloop
  endfacet
  facet normal 0 0 1
    outer loop
      vertex 6.25 8 56
      vertex 3.36356 6.75767 56
      vertex 3.56538 6.16312 56
    endloop
  endfacet
  facet normal 0 0 1
    outer loop
      vertex 6.26497 8.22842 56
      vertex 3.2 8 56
      vertex 6.25 8 56
    endloop
  endfacet
  facet normal 0 0 1
    outer loop
      vertex 6.25 8 56
      vertex 3.24106 7.37347 56
      vertex 3.36356 6.75767 56
    endloop
  endfacet
  facet normal -0 0 1
    outer loop
      vertex 9.38837 6.93467 56
      vertex 11.9668 4.95619 56
      vertex 9.51554 7.125 56
    endloop
  endfacet
  facet normal 0 0 1
    outer loop
      vertex 11.9668 4.95619 56
      vertex 9.38837 6.93467 56
      vertex 11.5355 4.46447 56
    endloop
  endfacet
  facet normal -0 0 1
    outer loop
      vertex 9.23744 6.76256 56
      vertex 11.5355 4.46447 56
      vertex 9.38837 6.93467 56
    endloop
  endfacet
  facet normal 0 0 1
    outer loop
      vertex 11.5355 4.46447 56
      vertex 9.23744 6.76256 56
      vertex 11.0438 4.03323 56
    endloop
  endfacet
  facet normal -0 0 1
    outer loop
      vertex 9.06533 6.61163 56
      vertex 11.0438 4.03323 56
      vertex 9.23744 6.76256 56
    endloop
  endfacet
  facet normal 0 0 1
    outer loop
      vertex 11.0438 4.03323 56
      vertex 9.06533 6.61163 56
      vertex 10.5 3.66987 56
    endloop
  endfacet
  facet normal -0 0 1
    outer loop
      vertex 8.875 6.48446 56
      vertex 10.5 3.66987 56
      vertex 9.06533 6.61163 56
    endloop
  endfacet
  facet normal 0 0 1
    outer loop
      vertex 10.5 3.66987 56
      vertex 8.875 6.48446 56
      vertex 9.91342 3.3806 56
    endloop
  endfacet
  facet normal -0 0 1
    outer loop
      vertex 8.6697 6.38321 56
      vertex 9.91342 3.3806 56
      vertex 8.875 6.48446 56
    endloop
  endfacet
  facet normal 0 0 1
    outer loop
      vertex 9.91342 3.3806 56
      vertex 8.6697 6.38321 56
      vertex 9.38138 3.2 56
    endloop
  endfacet
  facet normal -0 0 1
    outer loop
      vertex 8.45293 6.30963 56
      vertex 9.38138 3.2 56
      vertex 8.6697 6.38321 56
    endloop
  endfacet
  facet normal 0 0 1
    outer loop
      vertex 8 3.2 56
      vertex 8.45293 6.30963 56
      vertex 8.22842 6.26497 56
    endloop
  endfacet
  facet normal 0 0 1
    outer loop
      vertex 8 3.2 56
      vertex 8.22842 6.26497 56
      vertex 8 6.25 56
    endloop
  endfacet
  facet normal 0 0 1
    outer loop
      vertex 8.45293 6.30963 56
      vertex 8 3.2 56
      vertex 9.38138 3.2 56
    endloop
  endfacet
  facet normal 0 0 1
    outer loop
      vertex 7.77158 6.26497 56
      vertex 8 3.2 56
      vertex 8 6.25 56
    endloop
  endfacet
  facet normal 0 0 1
    outer loop
      vertex 7.37347 3.24106 56
      vertex 7.77158 6.26497 56
      vertex 7.54707 6.30963 56
    endloop
  endfacet
  facet normal 0 0 1
    outer loop
      vertex 7.77158 6.26497 56
      vertex 7.37347 3.24106 56
      vertex 8 3.2 56
    endloop
  endfacet
  facet normal 0 0 1
    outer loop
      vertex 6.75767 3.36356 56
      vertex 7.54707 6.30963 56
      vertex 7.3303 6.38321 56
    endloop
  endfacet
  facet normal 0 0 1
    outer loop
      vertex 6.16312 3.56538 56
      vertex 7.3303 6.38321 56
      vertex 7.125 6.48446 56
    endloop
  endfacet
  facet normal 0 0 1
    outer loop
      vertex 6.16312 3.56538 56
      vertex 7.125 6.48446 56
      vertex 6.93467 6.61163 56
    endloop
  endfacet
  facet normal 0 0 1
    outer loop
      vertex 6.16312 3.56538 56
      vertex 6.93467 6.61163 56
      vertex 6.76256 6.76256 56
    endloop
  endfacet
  facet normal 0 0 1
    outer loop
      vertex 7.54707 6.30963 56
      vertex 6.75767 3.36356 56
      vertex 7.37347 3.24106 56
    endloop
  endfacet
  facet normal 0 0 1
    outer loop
      vertex 6.16312 3.56538 56
      vertex 6.76256 6.76256 56
      vertex 6.61163 6.93467 56
    endloop
  endfacet
  facet normal 0 0 1
    outer loop
      vertex 6.16312 3.56538 56
      vertex 6.61163 6.93467 56
      vertex 6.48446 7.125 56
    endloop
  endfacet
  facet normal 0 0 1
    outer loop
      vertex 6.16312 3.56538 56
      vertex 6.48446 7.125 56
      vertex 6.38321 7.3303 56
    endloop
  endfacet
  facet normal 0 0 1
    outer loop
      vertex 6.16312 3.56538 56
      vertex 6.38321 7.3303 56
      vertex 6.30963 7.54707 56
    endloop
  endfacet
  facet normal 0 0 1
    outer loop
      vertex 6.16312 3.56538 56
      vertex 6.30963 7.54707 56
      vertex 6.26497 7.77158 56
    endloop
  endfacet
  facet normal 0 0 1
    outer loop
      vertex 7.3303 6.38321 56
      vertex 6.16312 3.56538 56
      vertex 6.75767 3.36356 56
    endloop
  endfacet
  facet normal 0 0 1
    outer loop
      vertex 6.16312 3.56538 56
      vertex 6.26497 7.77158 56
      vertex 6.25 8 56
    endloop
  endfacet
  facet normal -0.831466 0.555575 0
    outer loop
      vertex 3.66987 10.5 3.2
      vertex 4.03323 11.0438 56
      vertex 4.03323 11.0438 3.2
    endloop
  endfacet
  facet normal -0.831466 0.555575 0
    outer loop
      vertex 4.03323 11.0438 56
      vertex 3.66987 10.5 3.2
      vertex 3.66987 10.5 56
    endloop
  endfacet
  facet normal -0.980783 -0.1951 0
    outer loop
      vertex 9.73503 8.22842 3.2
      vertex 9.69037 8.45293 56
      vertex 9.69037 8.45293 3.2
    endloop
  endfacet
  facet normal -0.980783 -0.1951 0
    outer loop
      vertex 9.69037 8.45293 56
      vertex 9.73503 8.22842 3.2
      vertex 9.73503 8.22842 56
    endloop
  endfacet
  facet normal -0.980783 -0.1951 0
    outer loop
      vertex 9.73503 8.22842 0
      vertex 9.69037 8.45293 3.2
      vertex 9.69037 8.45293 0
    endloop
  endfacet
  facet normal -0.980783 -0.1951 0
    outer loop
      vertex 9.69037 8.45293 3.2
      vertex 9.73503 8.22842 0
      vertex 9.73503 8.22842 3.2
    endloop
  endfacet
  facet normal -0.997859 -0.0653969 0
    outer loop
      vertex 9.75 8 3.2
      vertex 9.73503 8.22842 56
      vertex 9.73503 8.22842 3.2
    endloop
  endfacet
  facet normal -0.997859 -0.0653969 0
    outer loop
      vertex 9.73503 8.22842 56
      vertex 9.75 8 3.2
      vertex 9.75 8 56
    endloop
  endfacet
  facet normal -0.997859 -0.0653969 0
    outer loop
      vertex 9.75 8 0
      vertex 9.73503 8.22842 3.2
      vertex 9.73503 8.22842 0
    endloop
  endfacet
  facet normal -0.997859 -0.0653969 0
    outer loop
      vertex 9.73503 8.22842 3.2
      vertex 9.75 8 0
      vertex 9.75 8 3.2
    endloop
  endfacet
  facet normal -0.946935 -0.321426 0
    outer loop
      vertex 9.69037 8.45293 3.2
      vertex 9.61679 8.6697 56
      vertex 9.61679 8.6697 3.2
    endloop
  endfacet
  facet normal -0.946935 -0.321426 0
    outer loop
      vertex 9.61679 8.6697 56
      vertex 9.69037 8.45293 3.2
      vertex 9.69037 8.45293 56
    endloop
  endfacet
  facet normal -0.946935 -0.321426 0
    outer loop
      vertex 9.69037 8.45293 0
      vertex 9.61679 8.6697 3.2
      vertex 9.61679 8.6697 0
    endloop
  endfacet
  facet normal -0.946935 -0.321426 0
    outer loop
      vertex 9.61679 8.6697 3.2
      vertex 9.69037 8.45293 0
      vertex 9.69037 8.45293 3.2
    endloop
  endfacet
  facet normal -0.89686 -0.442314 0
    outer loop
      vertex 9.61679 8.6697 3.2
      vertex 9.51554 8.875 56
      vertex 9.51554 8.875 3.2
    endloop
  endfacet
  facet normal -0.89686 -0.442314 0
    outer loop
      vertex 9.51554 8.875 56
      vertex 9.61679 8.6697 3.2
      vertex 9.61679 8.6697 56
    endloop
  endfacet
  facet normal -0.89686 -0.442314 0
    outer loop
      vertex 9.61679 8.6697 0
      vertex 9.51554 8.875 3.2
      vertex 9.51554 8.875 0
    endloop
  endfacet
  facet normal -0.89686 -0.442314 0
    outer loop
      vertex 9.51554 8.875 3.2
      vertex 9.61679 8.6697 0
      vertex 9.61679 8.6697 3.2
    endloop
  endfacet
  facet normal -0.831479 -0.555557 0
    outer loop
      vertex 9.51554 8.875 3.2
      vertex 9.38837 9.06533 56
      vertex 9.38837 9.06533 3.2
    endloop
  endfacet
  facet normal -0.831479 -0.555557 0
    outer loop
      vertex 9.38837 9.06533 56
      vertex 9.51554 8.875 3.2
      vertex 9.51554 8.875 56
    endloop
  endfacet
  facet normal -0.831479 -0.555557 0
    outer loop
      vertex 9.51554 8.875 0
      vertex 9.38837 9.06533 3.2
      vertex 9.38837 9.06533 0
    endloop
  endfacet
  facet normal -0.831479 -0.555557 0
    outer loop
      vertex 9.38837 9.06533 3.2
      vertex 9.51554 8.875 0
      vertex 9.51554 8.875 3.2
    endloop
  endfacet
  facet normal -0.442314 -0.89686 0
    outer loop
      vertex 8.6697 9.61679 3.2
      vertex 8.875 9.51554 56
      vertex 8.6697 9.61679 56
    endloop
  endfacet
  facet normal -0.442314 -0.89686 -0
    outer loop
      vertex 8.875 9.51554 56
      vertex 8.6697 9.61679 3.2
      vertex 8.875 9.51554 3.2
    endloop
  endfacet
  facet normal -0.442314 -0.89686 0
    outer loop
      vertex 8.6697 9.61679 0
      vertex 8.875 9.51554 3.2
      vertex 8.6697 9.61679 3.2
    endloop
  endfacet
  facet normal -0.442314 -0.89686 -0
    outer loop
      vertex 8.875 9.51554 3.2
      vertex 8.6697 9.61679 0
      vertex 8.875 9.51554 0
    endloop
  endfacet
  facet normal -0.751854 -0.65933 0
    outer loop
      vertex 9.38837 9.06533 3.2
      vertex 9.23744 9.23744 56
      vertex 9.23744 9.23744 3.2
    endloop
  endfacet
  facet normal -0.751854 -0.65933 0
    outer loop
      vertex 9.23744 9.23744 56
      vertex 9.38837 9.06533 3.2
      vertex 9.38837 9.06533 56
    endloop
  endfacet
  facet normal -0.751854 -0.65933 0
    outer loop
      vertex 9.38837 9.06533 0
      vertex 9.23744 9.23744 3.2
      vertex 9.23744 9.23744 0
    endloop
  endfacet
  facet normal -0.751854 -0.65933 0
    outer loop
      vertex 9.23744 9.23744 3.2
      vertex 9.38837 9.06533 0
      vertex 9.38837 9.06533 3.2
    endloop
  endfacet
  facet normal -0.555557 -0.831479 0
    outer loop
      vertex 8.875 9.51554 3.2
      vertex 9.06533 9.38837 56
      vertex 8.875 9.51554 56
    endloop
  endfacet
  facet normal -0.555557 -0.831479 -0
    outer loop
      vertex 9.06533 9.38837 56
      vertex 8.875 9.51554 3.2
      vertex 9.06533 9.38837 3.2
    endloop
  endfacet
  facet normal -0.555557 -0.831479 0
    outer loop
      vertex 8.875 9.51554 0
      vertex 9.06533 9.38837 3.2
      vertex 8.875 9.51554 3.2
    endloop
  endfacet
  facet normal -0.555557 -0.831479 -0
    outer loop
      vertex 9.06533 9.38837 3.2
      vertex 8.875 9.51554 0
      vertex 9.06533 9.38837 0
    endloop
  endfacet
  facet normal -0.65933 -0.751854 0
    outer loop
      vertex 9.06533 9.38837 3.2
      vertex 9.23744 9.23744 56
      vertex 9.06533 9.38837 56
    endloop
  endfacet
  facet normal -0.65933 -0.751854 -0
    outer loop
      vertex 9.23744 9.23744 56
      vertex 9.06533 9.38837 3.2
      vertex 9.23744 9.23744 3.2
    endloop
  endfacet
  facet normal -0.65933 -0.751854 0
    outer loop
      vertex 9.06533 9.38837 0
      vertex 9.23744 9.23744 3.2
      vertex 9.06533 9.38837 3.2
    endloop
  endfacet
  facet normal -0.65933 -0.751854 -0
    outer loop
      vertex 9.23744 9.23744 3.2
      vertex 9.06533 9.38837 0
      vertex 9.23744 9.23744 0
    endloop
  endfacet
  facet normal -0.0653969 -0.997859 0
    outer loop
      vertex 8 9.75 3.2
      vertex 8.22842 9.73503 56
      vertex 8 9.75 56
    endloop
  endfacet
  facet normal -0.0653969 -0.997859 -0
    outer loop
      vertex 8.22842 9.73503 56
      vertex 8 9.75 3.2
      vertex 8.22842 9.73503 3.2
    endloop
  endfacet
  facet normal -0.0653969 -0.997859 0
    outer loop
      vertex 8 9.75 0
      vertex 8.22842 9.73503 3.2
      vertex 8 9.75 3.2
    endloop
  endfacet
  facet normal -0.0653969 -0.997859 -0
    outer loop
      vertex 8.22842 9.73503 3.2
      vertex 8 9.75 0
      vertex 8.22842 9.73503 0
    endloop
  endfacet
  facet normal -0.1951 -0.980783 0
    outer loop
      vertex 8.22842 9.73503 3.2
      vertex 8.45293 9.69037 56
      vertex 8.22842 9.73503 56
    endloop
  endfacet
  facet normal -0.1951 -0.980783 -0
    outer loop
      vertex 8.45293 9.69037 56
      vertex 8.22842 9.73503 3.2
      vertex 8.45293 9.69037 3.2
    endloop
  endfacet
  facet normal -0.1951 -0.980783 0
    outer loop
      vertex 8.22842 9.73503 0
      vertex 8.45293 9.69037 3.2
      vertex 8.22842 9.73503 3.2
    endloop
  endfacet
  facet normal -0.1951 -0.980783 -0
    outer loop
      vertex 8.45293 9.69037 3.2
      vertex 8.22842 9.73503 0
      vertex 8.45293 9.69037 0
    endloop
  endfacet
  facet normal -0.321426 -0.946935 0
    outer loop
      vertex 8.45293 9.69037 3.2
      vertex 8.6697 9.61679 56
      vertex 8.45293 9.69037 56
    endloop
  endfacet
  facet normal -0.321426 -0.946935 -0
    outer loop
      vertex 8.6697 9.61679 56
      vertex 8.45293 9.69037 3.2
      vertex 8.6697 9.61679 3.2
    endloop
  endfacet
  facet normal -0.321426 -0.946935 0
    outer loop
      vertex 8.45293 9.69037 0
      vertex 8.6697 9.61679 3.2
      vertex 8.45293 9.69037 3.2
    endloop
  endfacet
  facet normal -0.321426 -0.946935 -0
    outer loop
      vertex 8.6697 9.61679 3.2
      vertex 8.45293 9.69037 0
      vertex 8.6697 9.61679 0
    endloop
  endfacet
  facet normal 0.831721 0.555194 0
    outer loop
      vertex 266.33 10.5 56
      vertex 265.967 11.0438 3.2
      vertex 265.967 11.0438 56
    endloop
  endfacet
  facet normal 0.831721 0.555194 0
    outer loop
      vertex 265.967 11.0438 3.2
      vertex 266.33 10.5 56
      vertex 266.33 10.5 3.2
    endloop
  endfacet
  facet normal -0.899725 0.436457 0
    outer loop
      vertex 257.423 10 3.2
      vertex 257.381 9.91342 3.2
      vertex 257.423 10 12.2
    endloop
  endfacet
  facet normal -0.896569 0.442905 0
    outer loop
      vertex 257.423 10 12.2
      vertex 257.67 10.5 56
      vertex 257.67 10.5 12.2
    endloop
  endfacet
  facet normal -0.897036 0.441957 1.34512e-05
    outer loop
      vertex 257.423 10 12.2
      vertex 257.381 9.91342 56
      vertex 257.67 10.5 56
    endloop
  endfacet
  facet normal -0.899725 0.436457 0
    outer loop
      vertex 257.381 9.91342 56
      vertex 257.423 10 12.2
      vertex 257.381 9.91342 3.2
    endloop
  endfacet
  facet normal -0.55537 0.831603 0
    outer loop
      vertex 259.5 12.3301 12.2
      vertex 258.956 11.9668 56
      vertex 259.5 12.3301 56
    endloop
  endfacet
  facet normal -0.555593 0.831454 -4.0041e-06
    outer loop
      vertex 259.006 12 12.2
      vertex 258.956 11.9668 56
      vertex 259.5 12.3301 12.2
    endloop
  endfacet
  facet normal -0.553161 0.833074 0
    outer loop
      vertex 258.956 11.9668 3.2
      vertex 259.006 12 12.2
      vertex 259.006 12 3.2
    endloop
  endfacet
  facet normal -0.553161 0.833074 0
    outer loop
      vertex 259.006 12 12.2
      vertex 258.956 11.9668 3.2
      vertex 258.956 11.9668 56
    endloop
  endfacet
  facet normal -0.659197 0.75197 0
    outer loop
      vertex 258.956 11.9668 3.2
      vertex 258.464 11.5355 56
      vertex 258.956 11.9668 56
    endloop
  endfacet
  facet normal -0.659197 0.75197 0
    outer loop
      vertex 258.464 11.5355 56
      vertex 258.956 11.9668 3.2
      vertex 258.464 11.5355 3.2
    endloop
  endfacet
  facet normal -0.751998 0.659165 0
    outer loop
      vertex 258.033 11.0438 3.2
      vertex 258.464 11.5355 56
      vertex 258.464 11.5355 3.2
    endloop
  endfacet
  facet normal -0.751998 0.659165 0
    outer loop
      vertex 258.464 11.5355 56
      vertex 258.033 11.0438 3.2
      vertex 258.033 11.0438 56
    endloop
  endfacet
  facet normal -0.997836 0.0657447 0
    outer loop
      vertex 257 8 3.2
      vertex 257.043 8.65263 56
      vertex 257.043 8.65263 3.2
    endloop
  endfacet
  facet normal -0.997836 0.0657447 0
    outer loop
      vertex 257.043 8.65263 56
      vertex 257 8 3.2
      vertex 257 8 56
    endloop
  endfacet
  facet normal 0.55537 0.831603 -0
    outer loop
      vertex 265.044 11.9668 3.2
      vertex 264.5 12.3301 56
      vertex 265.044 11.9668 56
    endloop
  endfacet
  facet normal 0.55537 0.831603 0
    outer loop
      vertex 264.5 12.3301 56
      vertex 265.044 11.9668 3.2
      vertex 264.5 12.3301 3.2
    endloop
  endfacet
  facet normal -0.321456 -0.946925 0
    outer loop
      vertex 260.087 3.3806 27
      vertex 260.619 3.2 56
      vertex 260.087 3.3806 56
    endloop
  endfacet
  facet normal -0.321456 -0.946925 -0
    outer loop
      vertex 260.619 3.2 56
      vertex 260.087 3.3806 27
      vertex 260.619 3.2 27
    endloop
  endfacet
  facet normal -0.321456 -0.946925 0
    outer loop
      vertex 260.087 3.3806 3.2
      vertex 260.619 3.2 12
      vertex 260.087 3.3806 12
    endloop
  endfacet
  facet normal -0.321456 -0.946925 -0
    outer loop
      vertex 260.619 3.2 12
      vertex 260.087 3.3806 3.2
      vertex 260.619 3.2 3.2
    endloop
  endfacet
  facet normal -0.321546 0.946894 0
    outer loop
      vertex 260.706 12.8296 3.2
      vertex 260.087 12.6194 56
      vertex 260.706 12.8296 56
    endloop
  endfacet
  facet normal -0.321546 0.946894 0
    outer loop
      vertex 260.087 12.6194 56
      vertex 260.706 12.8296 3.2
      vertex 260.087 12.6194 3.2
    endloop
  endfacet
  facet normal -0.831725 -0.555187 0
    outer loop
      vertex 258.033 4.95619 3.2
      vertex 257.67 5.5 56
      vertex 257.67 5.5 3.2
    endloop
  endfacet
  facet normal -0.831725 -0.555187 0
    outer loop
      vertex 257.67 5.5 56
      vertex 258.033 4.95619 3.2
      vertex 258.033 4.95619 56
    endloop
  endfacet
  facet normal -0.946572 0.322493 0
    outer loop
      vertex 257.17 9.2941 3.2
      vertex 257.381 9.91342 56
      vertex 257.381 9.91342 3.2
    endloop
  endfacet
  facet normal -0.946572 0.322493 0
    outer loop
      vertex 257.381 9.91342 56
      vertex 257.17 9.2941 3.2
      vertex 257.17 9.2941 56
    endloop
  endfacet
  facet normal 0.321546 0.946894 -0
    outer loop
      vertex 263.913 12.6194 3.2
      vertex 263.294 12.8296 56
      vertex 263.913 12.6194 56
    endloop
  endfacet
  facet normal 0.321546 0.946894 0
    outer loop
      vertex 263.294 12.8296 56
      vertex 263.913 12.6194 3.2
      vertex 263.294 12.8296 3.2
    endloop
  endfacet
  facet normal 0.0654033 0.997859 -0
    outer loop
      vertex 262.653 12.9572 3.2
      vertex 262 13 56
      vertex 262.653 12.9572 56
    endloop
  endfacet
  facet normal 0.0654033 0.997859 0
    outer loop
      vertex 262 13 56
      vertex 262.653 12.9572 3.2
      vertex 262 13 3.2
    endloop
  endfacet
  facet normal -0.442072 0.89698 3.63528e-06
    outer loop
      vertex 260.087 12.6194 56
      vertex 260 12.5767 12.2
      vertex 259.5 12.3301 56
    endloop
  endfacet
  facet normal -0.440598 0.897705 0
    outer loop
      vertex 260.087 12.6194 3.2
      vertex 260 12.5767 12.2
      vertex 260.087 12.6194 56
    endloop
  endfacet
  facet normal -0.440598 0.897705 0
    outer loop
      vertex 260 12.5767 12.2
      vertex 260.087 12.6194 3.2
      vertex 260 12.5767 3.2
    endloop
  endfacet
  facet normal -0.442328 0.896853 0
    outer loop
      vertex 259.5 12.3301 56
      vertex 260 12.5767 12.2
      vertex 259.5 12.3301 12.2
    endloop
  endfacet
  facet normal -0.997836 -0.0657447 0
    outer loop
      vertex 257.043 7.34737 3.2
      vertex 257 8 56
      vertex 257 8 3.2
    endloop
  endfacet
  facet normal -0.997836 -0.0657447 0
    outer loop
      vertex 257 8 56
      vertex 257.043 7.34737 3.2
      vertex 257.043 7.34737 56
    endloop
  endfacet
  facet normal -0.946572 -0.322493 0
    outer loop
      vertex 257.381 6.08658 3.2
      vertex 257.17 6.7059 56
      vertex 257.17 6.7059 3.2
    endloop
  endfacet
  facet normal -0.946572 -0.322493 0
    outer loop
      vertex 257.17 6.7059 56
      vertex 257.381 6.08658 3.2
      vertex 257.381 6.08658 56
    endloop
  endfacet
  facet normal -0.659145 -0.752016 0
    outer loop
      vertex 258.464 4.46447 27
      vertex 258.956 4.03323 56
      vertex 258.464 4.46447 56
    endloop
  endfacet
  facet normal -0.659145 -0.752016 -0
    outer loop
      vertex 258.956 4.03323 56
      vertex 258.464 4.46447 27
      vertex 258.956 4.03323 27
    endloop
  endfacet
  facet normal -0.659145 -0.752016 0
    outer loop
      vertex 258.464 4.46447 3.2
      vertex 258.956 4.03323 12
      vertex 258.464 4.46447 12
    endloop
  endfacet
  facet normal -0.659145 -0.752016 -0
    outer loop
      vertex 258.956 4.03323 12
      vertex 258.464 4.46447 3.2
      vertex 258.956 4.03323 3.2
    endloop
  endfacet
  facet normal 0.442072 0.89698 -0
    outer loop
      vertex 264.5 12.3301 3.2
      vertex 263.913 12.6194 56
      vertex 264.5 12.3301 56
    endloop
  endfacet
  facet normal 0.442072 0.89698 0
    outer loop
      vertex 263.913 12.6194 56
      vertex 264.5 12.3301 3.2
      vertex 263.913 12.6194 3.2
    endloop
  endfacet
  facet normal -0.195233 0.980757 0
    outer loop
      vertex 261.347 12.9572 3.2
      vertex 260.706 12.8296 56
      vertex 261.347 12.9572 56
    endloop
  endfacet
  facet normal -0.195233 0.980757 0
    outer loop
      vertex 260.706 12.8296 56
      vertex 261.347 12.9572 3.2
      vertex 260.706 12.8296 3.2
    endloop
  endfacet
  facet normal 0.751998 0.659165 0
    outer loop
      vertex 265.967 11.0438 56
      vertex 265.536 11.5355 3.2
      vertex 265.536 11.5355 56
    endloop
  endfacet
  facet normal 0.751998 0.659165 0
    outer loop
      vertex 265.536 11.5355 3.2
      vertex 265.967 11.0438 56
      vertex 265.967 11.0438 3.2
    endloop
  endfacet
  facet normal 0.195233 0.980757 -0
    outer loop
      vertex 263.294 12.8296 3.2
      vertex 262.653 12.9572 56
      vertex 263.294 12.8296 56
    endloop
  endfacet
  facet normal 0.195233 0.980757 0
    outer loop
      vertex 262.653 12.9572 56
      vertex 263.294 12.8296 3.2
      vertex 262.653 12.9572 3.2
    endloop
  endfacet
  facet normal -0.442035 -0.896998 0
    outer loop
      vertex 259.5 3.66987 3.2
      vertex 260.087 3.3806 12
      vertex 259.5 3.66987 12
    endloop
  endfacet
  facet normal -0.442035 -0.896998 -0
    outer loop
      vertex 260.087 3.3806 12
      vertex 259.5 3.66987 3.2
      vertex 260.087 3.3806 3.2
    endloop
  endfacet
  facet normal -0.442035 -0.896998 0
    outer loop
      vertex 259.5 3.66987 27
      vertex 260.087 3.3806 56
      vertex 259.5 3.66987 56
    endloop
  endfacet
  facet normal -0.442035 -0.896998 -0
    outer loop
      vertex 260.087 3.3806 56
      vertex 259.5 3.66987 27
      vertex 260.087 3.3806 27
    endloop
  endfacet
  facet normal -0.0654033 0.997859 0
    outer loop
      vertex 262 13 3.2
      vertex 261.347 12.9572 56
      vertex 262 13 56
    endloop
  endfacet
  facet normal -0.0654033 0.997859 0
    outer loop
      vertex 261.347 12.9572 56
      vertex 262 13 3.2
      vertex 261.347 12.9572 3.2
    endloop
  endfacet
  facet normal -0.980959 0.194213 0
    outer loop
      vertex 257.043 8.65263 3.2
      vertex 257.17 9.2941 56
      vertex 257.17 9.2941 3.2
    endloop
  endfacet
  facet normal -0.980959 0.194213 0
    outer loop
      vertex 257.17 9.2941 56
      vertex 257.043 8.65263 3.2
      vertex 257.043 8.65263 56
    endloop
  endfacet
  facet normal 0 0 -1
    outer loop
      vertex 260.087 12.6194 3.2
      vertex 260 12 3.2
      vertex 260 12.5767 3.2
    endloop
  endfacet
  facet normal 0 0 -1
    outer loop
      vertex 258.033 11.0438 3.2
      vertex 258 10 3.2
      vertex 258 10.9941 3.2
    endloop
  endfacet
  facet normal 0 0 -1
    outer loop
      vertex 266.759 7.37347 3.2
      vertex 263.735 7.77158 3.2
      vertex 263.75 8 3.2
    endloop
  endfacet
  facet normal 0 0 -1
    outer loop
      vertex 264.4 3.84308 3.2
      vertex 263.69 7.54707 3.2
      vertex 263.735 7.77158 3.2
    endloop
  endfacet
  facet normal 0 0 -1
    outer loop
      vertex 264.4 3.84308 3.2
      vertex 263.617 7.3303 3.2
      vertex 263.69 7.54707 3.2
    endloop
  endfacet
  facet normal 0 0 -1
    outer loop
      vertex 264.4 3.84308 3.2
      vertex 263.516 7.125 3.2
      vertex 263.617 7.3303 3.2
    endloop
  endfacet
  facet normal 0 0 -1
    outer loop
      vertex 264.4 3.84308 3.2
      vertex 263.388 6.93467 3.2
      vertex 263.516 7.125 3.2
    endloop
  endfacet
  facet normal 0 0 -1
    outer loop
      vertex 262.67 6.38321 3.2
      vertex 263.837 3.56538 3.2
      vertex 263.242 3.36356 3.2
    endloop
  endfacet
  facet normal 0 0 -1
    outer loop
      vertex 264.4 3.84308 3.2
      vertex 263.237 6.76256 3.2
      vertex 263.388 6.93467 3.2
    endloop
  endfacet
  facet normal 0 0 -1
    outer loop
      vertex 264.4 3.84308 3.2
      vertex 263.065 6.61163 3.2
      vertex 263.237 6.76256 3.2
    endloop
  endfacet
  facet normal 0 0 -1
    outer loop
      vertex 264.4 3.84308 3.2
      vertex 262.875 6.48446 3.2
      vertex 263.065 6.61163 3.2
    endloop
  endfacet
  facet normal 0 0 -1
    outer loop
      vertex 263.837 3.56538 3.2
      vertex 262.67 6.38321 3.2
      vertex 262.875 6.48446 3.2
    endloop
  endfacet
  facet normal 0 0 -1
    outer loop
      vertex 262.453 6.30963 3.2
      vertex 263.242 3.36356 3.2
      vertex 262.627 3.24106 3.2
    endloop
  endfacet
  facet normal 0 0 -1
    outer loop
      vertex 263.242 3.36356 3.2
      vertex 262.453 6.30963 3.2
      vertex 262.67 6.38321 3.2
    endloop
  endfacet
  facet normal 0 0 -1
    outer loop
      vertex 262.627 3.24106 3.2
      vertex 262.228 6.26497 3.2
      vertex 262.453 6.30963 3.2
    endloop
  endfacet
  facet normal 0 0 -1
    outer loop
      vertex 262 3.2 3.2
      vertex 262.228 6.26497 3.2
      vertex 262.627 3.24106 3.2
    endloop
  endfacet
  facet normal 0 0 -1
    outer loop
      vertex 262 3.2 3.2
      vertex 262 6.25 3.2
      vertex 262.228 6.26497 3.2
    endloop
  endfacet
  facet normal 0 0 -1
    outer loop
      vertex 262 3.2 3.2
      vertex 261.772 6.26497 3.2
      vertex 262 6.25 3.2
    endloop
  endfacet
  facet normal 0 0 -1
    outer loop
      vertex 262 3.2 3.2
      vertex 261.547 6.30963 3.2
      vertex 261.772 6.26497 3.2
    endloop
  endfacet
  facet normal 0 0 -1
    outer loop
      vertex 260.619 3.2 3.2
      vertex 261.547 6.30963 3.2
      vertex 262 3.2 3.2
    endloop
  endfacet
  facet normal -0 0 -1
    outer loop
      vertex 261.547 6.30963 3.2
      vertex 260.619 3.2 3.2
      vertex 261.33 6.38321 3.2
    endloop
  endfacet
  facet normal 0 0 -1
    outer loop
      vertex 260.087 3.3806 3.2
      vertex 261.33 6.38321 3.2
      vertex 260.619 3.2 3.2
    endloop
  endfacet
  facet normal -0 0 -1
    outer loop
      vertex 261.33 6.38321 3.2
      vertex 260.087 3.3806 3.2
      vertex 261.125 6.48446 3.2
    endloop
  endfacet
  facet normal 0 0 -1
    outer loop
      vertex 259.5 3.66987 3.2
      vertex 261.125 6.48446 3.2
      vertex 260.087 3.3806 3.2
    endloop
  endfacet
  facet normal -0 0 -1
    outer loop
      vertex 261.125 6.48446 3.2
      vertex 259.5 3.66987 3.2
      vertex 260.935 6.61163 3.2
    endloop
  endfacet
  facet normal 0 0 -1
    outer loop
      vertex 258.956 4.03323 3.2
      vertex 260.935 6.61163 3.2
      vertex 259.5 3.66987 3.2
    endloop
  endfacet
  facet normal -0 0 -1
    outer loop
      vertex 260.935 6.61163 3.2
      vertex 258.956 4.03323 3.2
      vertex 260.763 6.76256 3.2
    endloop
  endfacet
  facet normal 0 0 -1
    outer loop
      vertex 258.464 4.46447 3.2
      vertex 260.763 6.76256 3.2
      vertex 258.956 4.03323 3.2
    endloop
  endfacet
  facet normal -0 0 -1
    outer loop
      vertex 260.763 6.76256 3.2
      vertex 258.464 4.46447 3.2
      vertex 260.612 6.93467 3.2
    endloop
  endfacet
  facet normal -0 0 -1
    outer loop
      vertex 260.612 6.93467 3.2
      vertex 258.033 4.95619 3.2
      vertex 260.484 7.125 3.2
    endloop
  endfacet
  facet normal 0 0 -1
    outer loop
      vertex 258.033 4.95619 3.2
      vertex 260.612 6.93467 3.2
      vertex 258.464 4.46447 3.2
    endloop
  endfacet
  facet normal 0 0 -1
    outer loop
      vertex 263.75 8 3.2
      vertex 266.8 8 3.2
      vertex 266.759 7.37347 3.2
    endloop
  endfacet
  facet normal 0 0 -1
    outer loop
      vertex 263.735 7.77158 3.2
      vertex 266.759 7.37347 3.2
      vertex 266.636 6.75767 3.2
    endloop
  endfacet
  facet normal 0 0 -1
    outer loop
      vertex 266.8 8 3.2
      vertex 263.75 8 3.2
      vertex 263.735 8.22842 3.2
    endloop
  endfacet
  facet normal 0 0 -1
    outer loop
      vertex 263.735 7.77158 3.2
      vertex 266.636 6.75767 3.2
      vertex 266.435 6.16312 3.2
    endloop
  endfacet
  facet normal 0 0 -1
    outer loop
      vertex 263.69 8.45293 3.2
      vertex 266.8 8 3.2
      vertex 263.735 8.22842 3.2
    endloop
  endfacet
  facet normal 0 0 -1
    outer loop
      vertex 263.735 7.77158 3.2
      vertex 266.435 6.16312 3.2
      vertex 266.157 5.6 3.2
    endloop
  endfacet
  facet normal 0 0 -1
    outer loop
      vertex 266.8 8 3.2
      vertex 263.69 8.45293 3.2
      vertex 266.8 9.38138 3.2
    endloop
  endfacet
  facet normal 0 0 -1
    outer loop
      vertex 263.735 7.77158 3.2
      vertex 266.157 5.6 3.2
      vertex 265.808 5.07794 3.2
    endloop
  endfacet
  facet normal 0 0 -1
    outer loop
      vertex 263.617 8.6697 3.2
      vertex 266.8 9.38138 3.2
      vertex 263.69 8.45293 3.2
    endloop
  endfacet
  facet normal 0 0 -1
    outer loop
      vertex 263.735 7.77158 3.2
      vertex 265.808 5.07794 3.2
      vertex 265.394 4.60589 3.2
    endloop
  endfacet
  facet normal -0 0 -1
    outer loop
      vertex 266.8 9.38138 3.2
      vertex 263.617 8.6697 3.2
      vertex 266.619 9.91342 3.2
    endloop
  endfacet
  facet normal 0 0 -1
    outer loop
      vertex 263.735 7.77158 3.2
      vertex 265.394 4.60589 3.2
      vertex 264.922 4.1919 3.2
    endloop
  endfacet
  facet normal -0 0 -1
    outer loop
      vertex 266.619 9.91342 3.2
      vertex 263.617 8.6697 3.2
      vertex 266.33 10.5 3.2
    endloop
  endfacet
  facet normal 0 0 -1
    outer loop
      vertex 263.735 7.77158 3.2
      vertex 264.922 4.1919 3.2
      vertex 264.4 3.84308 3.2
    endloop
  endfacet
  facet normal 0 0 -1
    outer loop
      vertex 263.516 8.875 3.2
      vertex 266.33 10.5 3.2
      vertex 263.617 8.6697 3.2
    endloop
  endfacet
  facet normal 0 0 -1
    outer loop
      vertex 262.875 6.48446 3.2
      vertex 264.4 3.84308 3.2
      vertex 263.837 3.56538 3.2
    endloop
  endfacet
  facet normal -0 0 -1
    outer loop
      vertex 266.33 10.5 3.2
      vertex 263.516 8.875 3.2
      vertex 265.967 11.0438 3.2
    endloop
  endfacet
  facet normal 0 0 -1
    outer loop
      vertex 263.388 9.06533 3.2
      vertex 265.967 11.0438 3.2
      vertex 263.516 8.875 3.2
    endloop
  endfacet
  facet normal -0 0 -1
    outer loop
      vertex 265.967 11.0438 3.2
      vertex 263.388 9.06533 3.2
      vertex 265.536 11.5355 3.2
    endloop
  endfacet
  facet normal 0 0 -1
    outer loop
      vertex 263.237 9.23744 3.2
      vertex 265.536 11.5355 3.2
      vertex 263.388 9.06533 3.2
    endloop
  endfacet
  facet normal -0 0 -1
    outer loop
      vertex 265.536 11.5355 3.2
      vertex 263.237 9.23744 3.2
      vertex 265.044 11.9668 3.2
    endloop
  endfacet
  facet normal 0 0 -1
    outer loop
      vertex 263.065 9.38837 3.2
      vertex 265.044 11.9668 3.2
      vertex 263.237 9.23744 3.2
    endloop
  endfacet
  facet normal -0 0 -1
    outer loop
      vertex 265.044 11.9668 3.2
      vertex 263.065 9.38837 3.2
      vertex 264.5 12.3301 3.2
    endloop
  endfacet
  facet normal 0 0 -1
    outer loop
      vertex 262.875 9.51554 3.2
      vertex 264.5 12.3301 3.2
      vertex 263.065 9.38837 3.2
    endloop
  endfacet
  facet normal -0 0 -1
    outer loop
      vertex 264.5 12.3301 3.2
      vertex 262.875 9.51554 3.2
      vertex 263.913 12.6194 3.2
    endloop
  endfacet
  facet normal 0 0 -1
    outer loop
      vertex 262.67 9.61679 3.2
      vertex 263.913 12.6194 3.2
      vertex 262.875 9.51554 3.2
    endloop
  endfacet
  facet normal -0 0 -1
    outer loop
      vertex 263.913 12.6194 3.2
      vertex 262.67 9.61679 3.2
      vertex 263.294 12.8296 3.2
    endloop
  endfacet
  facet normal 0 0 -1
    outer loop
      vertex 262.453 9.69037 3.2
      vertex 263.294 12.8296 3.2
      vertex 262.67 9.61679 3.2
    endloop
  endfacet
  facet normal -0 0 -1
    outer loop
      vertex 263.294 12.8296 3.2
      vertex 262.453 9.69037 3.2
      vertex 262.653 12.9572 3.2
    endloop
  endfacet
  facet normal 0 0 -1
    outer loop
      vertex 262.228 9.73503 3.2
      vertex 262.653 12.9572 3.2
      vertex 262.453 9.69037 3.2
    endloop
  endfacet
  facet normal 0 0 -1
    outer loop
      vertex 262 9.75 3.2
      vertex 262.653 12.9572 3.2
      vertex 262.228 9.73503 3.2
    endloop
  endfacet
  facet normal 0 0 -1
    outer loop
      vertex 262 9.75 3.2
      vertex 262 13 3.2
      vertex 262.653 12.9572 3.2
    endloop
  endfacet
  facet normal 0 0 -1
    outer loop
      vertex 261.772 9.73503 3.2
      vertex 262 13 3.2
      vertex 262 9.75 3.2
    endloop
  endfacet
  facet normal 0 0 -1
    outer loop
      vertex 260 12 3.2
      vertex 261.772 9.73503 3.2
      vertex 261.547 9.69037 3.2
    endloop
  endfacet
  facet normal 0 0 -1
    outer loop
      vertex 261.772 9.73503 3.2
      vertex 261.347 12.9572 3.2
      vertex 262 13 3.2
    endloop
  endfacet
  facet normal 0 0 -1
    outer loop
      vertex 260 12 3.2
      vertex 261.547 9.69037 3.2
      vertex 261.33 9.61679 3.2
    endloop
  endfacet
  facet normal 0 0 -1
    outer loop
      vertex 260 12 3.2
      vertex 261.33 9.61679 3.2
      vertex 261.125 9.51554 3.2
    endloop
  endfacet
  facet normal 0 0 -1
    outer loop
      vertex 260 12 3.2
      vertex 261.125 9.51554 3.2
      vertex 260.935 9.38837 3.2
    endloop
  endfacet
  facet normal 0 0 -1
    outer loop
      vertex 260 12 3.2
      vertex 260.935 9.38837 3.2
      vertex 260.763 9.23744 3.2
    endloop
  endfacet
  facet normal 0 0 -1
    outer loop
      vertex 261.772 9.73503 3.2
      vertex 260 12 3.2
      vertex 261.347 12.9572 3.2
    endloop
  endfacet
  facet normal 0 0 -1
    outer loop
      vertex 258 10 3.2
      vertex 260.763 9.23744 3.2
      vertex 260.612 9.06533 3.2
    endloop
  endfacet
  facet normal 0 0 -1
    outer loop
      vertex 258 10 3.2
      vertex 260.612 9.06533 3.2
      vertex 260.484 8.875 3.2
    endloop
  endfacet
  facet normal 0 0 -1
    outer loop
      vertex 258 10 3.2
      vertex 260.484 8.875 3.2
      vertex 260.383 8.6697 3.2
    endloop
  endfacet
  facet normal 0 0 -1
    outer loop
      vertex 258 10 3.2
      vertex 260.383 8.6697 3.2
      vertex 260.31 8.45293 3.2
    endloop
  endfacet
  facet normal 0 0 -1
    outer loop
      vertex 258 10 3.2
      vertex 260.31 8.45293 3.2
      vertex 260.265 8.22842 3.2
    endloop
  endfacet
  facet normal 0 0 -1
    outer loop
      vertex 261.347 12.9572 3.2
      vertex 260 12 3.2
      vertex 260.706 12.8296 3.2
    endloop
  endfacet
  facet normal 0 0 -1
    outer loop
      vertex 257.043 8.65263 3.2
      vertex 260.265 8.22842 3.2
      vertex 260.25 8 3.2
    endloop
  endfacet
  facet normal 0 0 -1
    outer loop
      vertex 257.67 5.5 3.2
      vertex 260.484 7.125 3.2
      vertex 258.033 4.95619 3.2
    endloop
  endfacet
  facet normal 0 0 -1
    outer loop
      vertex 260.706 12.8296 3.2
      vertex 260 12 3.2
      vertex 260.087 12.6194 3.2
    endloop
  endfacet
  facet normal -0 0 -1
    outer loop
      vertex 260.484 7.125 3.2
      vertex 257.67 5.5 3.2
      vertex 260.383 7.3303 3.2
    endloop
  endfacet
  facet normal 0 0 -1
    outer loop
      vertex 260.763 9.23744 3.2
      vertex 258 10 3.2
      vertex 258.464 11.5355 3.2
    endloop
  endfacet
  facet normal 0 0 -1
    outer loop
      vertex 257.381 6.08658 3.2
      vertex 260.383 7.3303 3.2
      vertex 257.67 5.5 3.2
    endloop
  endfacet
  facet normal 0 0 -1
    outer loop
      vertex 260.763 9.23744 3.2
      vertex 258.464 11.5355 3.2
      vertex 260 12 3.2
    endloop
  endfacet
  facet normal -0 0 -1
    outer loop
      vertex 260.383 7.3303 3.2
      vertex 257.381 6.08658 3.2
      vertex 260.31 7.54707 3.2
    endloop
  endfacet
  facet normal -0 0 -1
    outer loop
      vertex 260 12 3.2
      vertex 258.956 11.9668 3.2
      vertex 259.006 12 3.2
    endloop
  endfacet
  facet normal 0 0 -1
    outer loop
      vertex 257.17 6.7059 3.2
      vertex 260.31 7.54707 3.2
      vertex 257.381 6.08658 3.2
    endloop
  endfacet
  facet normal 0 0 -1
    outer loop
      vertex 260 12 3.2
      vertex 258.464 11.5355 3.2
      vertex 258.956 11.9668 3.2
    endloop
  endfacet
  facet normal 0 0 -1
    outer loop
      vertex 258.464 11.5355 3.2
      vertex 258 10 3.2
      vertex 258.033 11.0438 3.2
    endloop
  endfacet
  facet normal -0 0 -1
    outer loop
      vertex 260.31 7.54707 3.2
      vertex 257.17 6.7059 3.2
      vertex 260.265 7.77158 3.2
    endloop
  endfacet
  facet normal 0 0 -1
    outer loop
      vertex 257.043 7.34737 3.2
      vertex 260.265 7.77158 3.2
      vertex 257.17 6.7059 3.2
    endloop
  endfacet
  facet normal -0 0 -1
    outer loop
      vertex 260.265 7.77158 3.2
      vertex 257.043 7.34737 3.2
      vertex 260.25 8 3.2
    endloop
  endfacet
  facet normal 0 0 -1
    outer loop
      vertex 257 8 3.2
      vertex 260.25 8 3.2
      vertex 257.043 7.34737 3.2
    endloop
  endfacet
  facet normal 0 -0 -1
    outer loop
      vertex 257.381 9.91342 3.2
      vertex 258 10 3.2
      vertex 257.17 9.2941 3.2
    endloop
  endfacet
  facet normal -0 0 -1
    outer loop
      vertex 258 10 3.2
      vertex 257.381 9.91342 3.2
      vertex 257.423 10 3.2
    endloop
  endfacet
  facet normal 0 -0 -1
    outer loop
      vertex 257.043 8.65263 3.2
      vertex 260.25 8 3.2
      vertex 257 8 3.2
    endloop
  endfacet
  facet normal 0 0 -1
    outer loop
      vertex 258 10 3.2
      vertex 257.043 8.65263 3.2
      vertex 257.17 9.2941 3.2
    endloop
  endfacet
  facet normal 0 0 -1
    outer loop
      vertex 260.265 8.22842 3.2
      vertex 257.043 8.65263 3.2
      vertex 258 10 3.2
    endloop
  endfacet
  facet normal -0.897036 -0.441957 0
    outer loop
      vertex 257.67 5.5 3.2
      vertex 257.381 6.08658 56
      vertex 257.381 6.08658 3.2
    endloop
  endfacet
  facet normal -0.897036 -0.441957 0
    outer loop
      vertex 257.381 6.08658 56
      vertex 257.67 5.5 3.2
      vertex 257.67 5.5 56
    endloop
  endfacet
  facet normal 0.659197 0.75197 -0
    outer loop
      vertex 265.536 11.5355 3.2
      vertex 265.044 11.9668 56
      vertex 265.536 11.5355 56
    endloop
  endfacet
  facet normal 0.659197 0.75197 0
    outer loop
      vertex 265.044 11.9668 56
      vertex 265.536 11.5355 3.2
      vertex 265.044 11.9668 3.2
    endloop
  endfacet
  facet normal -0.555434 -0.831561 0
    outer loop
      vertex 258.956 4.03323 3.2
      vertex 259.5 3.66987 12
      vertex 258.956 4.03323 12
    endloop
  endfacet
  facet normal -0.555434 -0.831561 -0
    outer loop
      vertex 259.5 3.66987 12
      vertex 258.956 4.03323 3.2
      vertex 259.5 3.66987 3.2
    endloop
  endfacet
  facet normal -0.555434 -0.831561 0
    outer loop
      vertex 258.956 4.03323 27
      vertex 259.5 3.66987 56
      vertex 258.956 4.03323 56
    endloop
  endfacet
  facet normal -0.555434 -0.831561 -0
    outer loop
      vertex 259.5 3.66987 56
      vertex 258.956 4.03323 27
      vertex 259.5 3.66987 27
    endloop
  endfacet
  facet normal 0.897036 0.441957 0
    outer loop
      vertex 266.619 9.91342 56
      vertex 266.33 10.5 3.2
      vertex 266.33 10.5 56
    endloop
  endfacet
  facet normal 0.897036 0.441957 0
    outer loop
      vertex 266.33 10.5 3.2
      vertex 266.619 9.91342 56
      vertex 266.619 9.91342 3.2
    endloop
  endfacet
  facet normal 0.946715 0.322072 0
    outer loop
      vertex 266.8 9.38138 56
      vertex 266.619 9.91342 3.2
      vertex 266.619 9.91342 56
    endloop
  endfacet
  facet normal 0.946715 0.322072 0
    outer loop
      vertex 266.619 9.91342 3.2
      vertex 266.8 9.38138 56
      vertex 266.8 9.38138 3.2
    endloop
  endfacet
  facet normal -0.980959 -0.194213 0
    outer loop
      vertex 257.17 6.7059 3.2
      vertex 257.043 7.34737 56
      vertex 257.043 7.34737 3.2
    endloop
  endfacet
  facet normal -0.980959 -0.194213 0
    outer loop
      vertex 257.043 7.34737 56
      vertex 257.17 6.7059 3.2
      vertex 257.17 6.7059 56
    endloop
  endfacet
  facet normal -0.747057 -0.66476 0
    outer loop
      vertex 258.033 4.95619 3.2
      vertex 258.083 4.9 12
      vertex 258.033 4.95619 56
    endloop
  endfacet
  facet normal -0.752012 -0.65915 6.39737e-05
    outer loop
      vertex 258.464 4.46447 3.2
      vertex 258.083 4.9 12
      vertex 258.033 4.95619 3.2
    endloop
  endfacet
  facet normal -0.752653 -0.658418 0
    outer loop
      vertex 258.083 4.9 12
      vertex 258.464 4.46447 3.2
      vertex 258.464 4.46447 12
    endloop
  endfacet
  facet normal -0.747057 -0.66476 -0
    outer loop
      vertex 258.083 4.9 27
      vertex 258.033 4.95619 56
      vertex 258.083 4.9 12
    endloop
  endfacet
  facet normal -0.752653 -0.658418 -2.19359e-05
    outer loop
      vertex 258.464 4.46447 27
      vertex 258.033 4.95619 56
      vertex 258.083 4.9 27
    endloop
  endfacet
  facet normal -0.752012 -0.65915 0
    outer loop
      vertex 258.033 4.95619 56
      vertex 258.464 4.46447 27
      vertex 258.464 4.46447 56
    endloop
  endfacet
  facet normal -0 0 1
    outer loop
      vertex 263.69 8.45293 56
      vertex 266.8 8 56
      vertex 266.8 9.38138 56
    endloop
  endfacet
  facet normal 0 -0 1
    outer loop
      vertex 263.75 8 56
      vertex 266.8 8 56
      vertex 263.735 8.22842 56
    endloop
  endfacet
  facet normal 0 0 1
    outer loop
      vertex 263.617 8.6697 56
      vertex 266.8 9.38138 56
      vertex 266.619 9.91342 56
    endloop
  endfacet
  facet normal 0 0 1
    outer loop
      vertex 266.8 8 56
      vertex 263.75 8 56
      vertex 266.759 7.37347 56
    endloop
  endfacet
  facet normal 0 0 1
    outer loop
      vertex 263.617 8.6697 56
      vertex 266.619 9.91342 56
      vertex 266.33 10.5 56
    endloop
  endfacet
  facet normal -0 0 1
    outer loop
      vertex 263.735 7.77158 56
      vertex 266.759 7.37347 56
      vertex 263.75 8 56
    endloop
  endfacet
  facet normal 0 0 1
    outer loop
      vertex 263.516 8.875 56
      vertex 266.33 10.5 56
      vertex 265.967 11.0438 56
    endloop
  endfacet
  facet normal 0 0 1
    outer loop
      vertex 266.759 7.37347 56
      vertex 263.735 7.77158 56
      vertex 266.636 6.75767 56
    endloop
  endfacet
  facet normal 0 0 1
    outer loop
      vertex 263.388 9.06533 56
      vertex 265.967 11.0438 56
      vertex 265.536 11.5355 56
    endloop
  endfacet
  facet normal 0 0 1
    outer loop
      vertex 266.636 6.75767 56
      vertex 263.69 7.54707 56
      vertex 266.435 6.16312 56
    endloop
  endfacet
  facet normal 0 0 1
    outer loop
      vertex 263.237 9.23744 56
      vertex 265.536 11.5355 56
      vertex 265.044 11.9668 56
    endloop
  endfacet
  facet normal -0 0 1
    outer loop
      vertex 263.617 7.3303 56
      vertex 266.435 6.16312 56
      vertex 263.69 7.54707 56
    endloop
  endfacet
  facet normal 0 0 1
    outer loop
      vertex 263.065 9.38837 56
      vertex 265.044 11.9668 56
      vertex 264.5 12.3301 56
    endloop
  endfacet
  facet normal 0 0 1
    outer loop
      vertex 266.435 6.16312 56
      vertex 263.617 7.3303 56
      vertex 266.157 5.6 56
    endloop
  endfacet
  facet normal 0 0 1
    outer loop
      vertex 262.875 9.51554 56
      vertex 264.5 12.3301 56
      vertex 263.913 12.6194 56
    endloop
  endfacet
  facet normal -0 0 1
    outer loop
      vertex 263.516 7.125 56
      vertex 266.157 5.6 56
      vertex 263.617 7.3303 56
    endloop
  endfacet
  facet normal 0 0 1
    outer loop
      vertex 266.157 5.6 56
      vertex 263.516 7.125 56
      vertex 265.808 5.07794 56
    endloop
  endfacet
  facet normal -0 0 1
    outer loop
      vertex 263.69 7.54707 56
      vertex 266.636 6.75767 56
      vertex 263.735 7.77158 56
    endloop
  endfacet
  facet normal 0 0 1
    outer loop
      vertex 266.8 8 56
      vertex 263.69 8.45293 56
      vertex 263.735 8.22842 56
    endloop
  endfacet
  facet normal 0 0 1
    outer loop
      vertex 266.8 9.38138 56
      vertex 263.617 8.6697 56
      vertex 263.69 8.45293 56
    endloop
  endfacet
  facet normal 0 0 1
    outer loop
      vertex 266.33 10.5 56
      vertex 263.516 8.875 56
      vertex 263.617 8.6697 56
    endloop
  endfacet
  facet normal 0 0 1
    outer loop
      vertex 265.967 11.0438 56
      vertex 263.388 9.06533 56
      vertex 263.516 8.875 56
    endloop
  endfacet
  facet normal 0 0 1
    outer loop
      vertex 262.67 9.61679 56
      vertex 263.913 12.6194 56
      vertex 263.294 12.8296 56
    endloop
  endfacet
  facet normal 0 0 1
    outer loop
      vertex 265.536 11.5355 56
      vertex 263.237 9.23744 56
      vertex 263.388 9.06533 56
    endloop
  endfacet
  facet normal 0 0 1
    outer loop
      vertex 265.044 11.9668 56
      vertex 263.065 9.38837 56
      vertex 263.237 9.23744 56
    endloop
  endfacet
  facet normal 0 0 1
    outer loop
      vertex 264.5 12.3301 56
      vertex 262.875 9.51554 56
      vertex 263.065 9.38837 56
    endloop
  endfacet
  facet normal 0 0 1
    outer loop
      vertex 263.913 12.6194 56
      vertex 262.67 9.61679 56
      vertex 262.875 9.51554 56
    endloop
  endfacet
  facet normal 0 0 1
    outer loop
      vertex 262.453 9.69037 56
      vertex 263.294 12.8296 56
      vertex 262.653 12.9572 56
    endloop
  endfacet
  facet normal 0 0 1
    outer loop
      vertex 263.294 12.8296 56
      vertex 262.453 9.69037 56
      vertex 262.67 9.61679 56
    endloop
  endfacet
  facet normal 0 0 1
    outer loop
      vertex 262.653 12.9572 56
      vertex 262.228 9.73503 56
      vertex 262.453 9.69037 56
    endloop
  endfacet
  facet normal 0 0 1
    outer loop
      vertex 262 13 56
      vertex 262.228 9.73503 56
      vertex 262.653 12.9572 56
    endloop
  endfacet
  facet normal 0 0 1
    outer loop
      vertex 262 13 56
      vertex 262 9.75 56
      vertex 262.228 9.73503 56
    endloop
  endfacet
  facet normal 0 0 1
    outer loop
      vertex 262 13 56
      vertex 261.772 9.73503 56
      vertex 262 9.75 56
    endloop
  endfacet
  facet normal -0 0 1
    outer loop
      vertex 261.347 12.9572 56
      vertex 261.772 9.73503 56
      vertex 262 13 56
    endloop
  endfacet
  facet normal 0 0 1
    outer loop
      vertex 261.772 9.73503 56
      vertex 261.347 12.9572 56
      vertex 261.547 9.69037 56
    endloop
  endfacet
  facet normal -0 0 1
    outer loop
      vertex 260.706 12.8296 56
      vertex 261.547 9.69037 56
      vertex 261.347 12.9572 56
    endloop
  endfacet
  facet normal 0 0 1
    outer loop
      vertex 261.547 9.69037 56
      vertex 260.706 12.8296 56
      vertex 261.33 9.61679 56
    endloop
  endfacet
  facet normal -0 0 1
    outer loop
      vertex 260.087 12.6194 56
      vertex 261.33 9.61679 56
      vertex 260.706 12.8296 56
    endloop
  endfacet
  facet normal 0 0 1
    outer loop
      vertex 261.33 9.61679 56
      vertex 260.087 12.6194 56
      vertex 261.125 9.51554 56
    endloop
  endfacet
  facet normal -0 0 1
    outer loop
      vertex 259.5 12.3301 56
      vertex 261.125 9.51554 56
      vertex 260.087 12.6194 56
    endloop
  endfacet
  facet normal 0 0 1
    outer loop
      vertex 261.125 9.51554 56
      vertex 259.5 12.3301 56
      vertex 260.935 9.38837 56
    endloop
  endfacet
  facet normal -0 0 1
    outer loop
      vertex 258.956 11.9668 56
      vertex 260.935 9.38837 56
      vertex 259.5 12.3301 56
    endloop
  endfacet
  facet normal 0 0 1
    outer loop
      vertex 260.935 9.38837 56
      vertex 258.956 11.9668 56
      vertex 260.763 9.23744 56
    endloop
  endfacet
  facet normal -0 0 1
    outer loop
      vertex 258.464 11.5355 56
      vertex 260.763 9.23744 56
      vertex 258.956 11.9668 56
    endloop
  endfacet
  facet normal 0 0 1
    outer loop
      vertex 260.763 9.23744 56
      vertex 258.464 11.5355 56
      vertex 260.612 9.06533 56
    endloop
  endfacet
  facet normal 0 0 1
    outer loop
      vertex 260.612 9.06533 56
      vertex 258.033 11.0438 56
      vertex 260.484 8.875 56
    endloop
  endfacet
  facet normal -0 0 1
    outer loop
      vertex 258.033 11.0438 56
      vertex 260.612 9.06533 56
      vertex 258.464 11.5355 56
    endloop
  endfacet
  facet normal -0 0 1
    outer loop
      vertex 263.388 6.93467 56
      vertex 265.808 5.07794 56
      vertex 263.516 7.125 56
    endloop
  endfacet
  facet normal 0 0 1
    outer loop
      vertex 265.808 5.07794 56
      vertex 263.388 6.93467 56
      vertex 265.394 4.60589 56
    endloop
  endfacet
  facet normal -0 0 1
    outer loop
      vertex 263.237 6.76256 56
      vertex 265.394 4.60589 56
      vertex 263.388 6.93467 56
    endloop
  endfacet
  facet normal 0 0 1
    outer loop
      vertex 265.394 4.60589 56
      vertex 263.237 6.76256 56
      vertex 264.922 4.1919 56
    endloop
  endfacet
  facet normal -0 0 1
    outer loop
      vertex 263.065 6.61163 56
      vertex 264.922 4.1919 56
      vertex 263.237 6.76256 56
    endloop
  endfacet
  facet normal 0 0 1
    outer loop
      vertex 264.922 4.1919 56
      vertex 263.065 6.61163 56
      vertex 264.4 3.84308 56
    endloop
  endfacet
  facet normal -0 0 1
    outer loop
      vertex 262.875 6.48446 56
      vertex 264.4 3.84308 56
      vertex 263.065 6.61163 56
    endloop
  endfacet
  facet normal 0 0 1
    outer loop
      vertex 264.4 3.84308 56
      vertex 262.875 6.48446 56
      vertex 263.837 3.56538 56
    endloop
  endfacet
  facet normal -0 0 1
    outer loop
      vertex 262.67 6.38321 56
      vertex 263.837 3.56538 56
      vertex 262.875 6.48446 56
    endloop
  endfacet
  facet normal 0 0 1
    outer loop
      vertex 263.837 3.56538 56
      vertex 262.67 6.38321 56
      vertex 263.242 3.36356 56
    endloop
  endfacet
  facet normal -0 0 1
    outer loop
      vertex 262.453 6.30963 56
      vertex 263.242 3.36356 56
      vertex 262.67 6.38321 56
    endloop
  endfacet
  facet normal 0 0 1
    outer loop
      vertex 263.242 3.36356 56
      vertex 262.453 6.30963 56
      vertex 262.627 3.24106 56
    endloop
  endfacet
  facet normal -0 0 1
    outer loop
      vertex 262.228 6.26497 56
      vertex 262.627 3.24106 56
      vertex 262.453 6.30963 56
    endloop
  endfacet
  facet normal -0 0 1
    outer loop
      vertex 262 6.25 56
      vertex 262.627 3.24106 56
      vertex 262.228 6.26497 56
    endloop
  endfacet
  facet normal 0 0 1
    outer loop
      vertex 262 6.25 56
      vertex 262 3.2 56
      vertex 262.627 3.24106 56
    endloop
  endfacet
  facet normal 0 0 1
    outer loop
      vertex 261.772 6.26497 56
      vertex 262 3.2 56
      vertex 262 6.25 56
    endloop
  endfacet
  facet normal 0 0 1
    outer loop
      vertex 261.547 6.30963 56
      vertex 262 3.2 56
      vertex 261.772 6.26497 56
    endloop
  endfacet
  facet normal 0 0 1
    outer loop
      vertex 260.619 3.2 56
      vertex 261.547 6.30963 56
      vertex 261.33 6.38321 56
    endloop
  endfacet
  facet normal 0 0 1
    outer loop
      vertex 260.087 3.3806 56
      vertex 261.33 6.38321 56
      vertex 261.125 6.48446 56
    endloop
  endfacet
  facet normal 0 0 1
    outer loop
      vertex 259.5 3.66987 56
      vertex 261.125 6.48446 56
      vertex 260.935 6.61163 56
    endloop
  endfacet
  facet normal 0 0 1
    outer loop
      vertex 258.956 4.03323 56
      vertex 260.935 6.61163 56
      vertex 260.763 6.76256 56
    endloop
  endfacet
  facet normal 0 0 1
    outer loop
      vertex 261.547 6.30963 56
      vertex 260.619 3.2 56
      vertex 262 3.2 56
    endloop
  endfacet
  facet normal 0 0 1
    outer loop
      vertex 258.464 4.46447 56
      vertex 260.763 6.76256 56
      vertex 260.612 6.93467 56
    endloop
  endfacet
  facet normal 0 0 1
    outer loop
      vertex 258.033 4.95619 56
      vertex 260.612 6.93467 56
      vertex 260.484 7.125 56
    endloop
  endfacet
  facet normal 0 0 1
    outer loop
      vertex 257.67 5.5 56
      vertex 260.484 7.125 56
      vertex 260.383 7.3303 56
    endloop
  endfacet
  facet normal 0 0 1
    outer loop
      vertex 257.381 6.08658 56
      vertex 260.383 7.3303 56
      vertex 260.31 7.54707 56
    endloop
  endfacet
  facet normal 0 0 1
    outer loop
      vertex 257.17 6.7059 56
      vertex 260.31 7.54707 56
      vertex 260.265 7.77158 56
    endloop
  endfacet
  facet normal 0 0 1
    outer loop
      vertex 261.33 6.38321 56
      vertex 260.087 3.3806 56
      vertex 260.619 3.2 56
    endloop
  endfacet
  facet normal 0 0 1
    outer loop
      vertex 257.043 7.34737 56
      vertex 260.265 7.77158 56
      vertex 260.25 8 56
    endloop
  endfacet
  facet normal -0 0 1
    outer loop
      vertex 257.67 10.5 56
      vertex 260.484 8.875 56
      vertex 258.033 11.0438 56
    endloop
  endfacet
  facet normal 0 0 1
    outer loop
      vertex 260.484 8.875 56
      vertex 257.67 10.5 56
      vertex 260.383 8.6697 56
    endloop
  endfacet
  facet normal 0 0 1
    outer loop
      vertex 261.125 6.48446 56
      vertex 259.5 3.66987 56
      vertex 260.087 3.3806 56
    endloop
  endfacet
  facet normal -0 0 1
    outer loop
      vertex 257.381 9.91342 56
      vertex 260.383 8.6697 56
      vertex 257.67 10.5 56
    endloop
  endfacet
  facet normal 0 0 1
    outer loop
      vertex 260.935 6.61163 56
      vertex 258.956 4.03323 56
      vertex 259.5 3.66987 56
    endloop
  endfacet
  facet normal 0 0 1
    outer loop
      vertex 260.383 8.6697 56
      vertex 257.381 9.91342 56
      vertex 260.31 8.45293 56
    endloop
  endfacet
  facet normal 0 0 1
    outer loop
      vertex 260.763 6.76256 56
      vertex 258.464 4.46447 56
      vertex 258.956 4.03323 56
    endloop
  endfacet
  facet normal -0 0 1
    outer loop
      vertex 257.17 9.2941 56
      vertex 260.31 8.45293 56
      vertex 257.381 9.91342 56
    endloop
  endfacet
  facet normal 0 0 1
    outer loop
      vertex 260.612 6.93467 56
      vertex 258.033 4.95619 56
      vertex 258.464 4.46447 56
    endloop
  endfacet
  facet normal 0 0 1
    outer loop
      vertex 260.31 8.45293 56
      vertex 257.17 9.2941 56
      vertex 260.265 8.22842 56
    endloop
  endfacet
  facet normal 0 0 1
    outer loop
      vertex 260.484 7.125 56
      vertex 257.67 5.5 56
      vertex 258.033 4.95619 56
    endloop
  endfacet
  facet normal -0 0 1
    outer loop
      vertex 257.043 8.65263 56
      vertex 260.265 8.22842 56
      vertex 257.17 9.2941 56
    endloop
  endfacet
  facet normal 0 0 1
    outer loop
      vertex 260.383 7.3303 56
      vertex 257.381 6.08658 56
      vertex 257.67 5.5 56
    endloop
  endfacet
  facet normal 0 0 1
    outer loop
      vertex 260.265 8.22842 56
      vertex 257.043 8.65263 56
      vertex 260.25 8 56
    endloop
  endfacet
  facet normal 0 0 1
    outer loop
      vertex 260.31 7.54707 56
      vertex 257.17 6.7059 56
      vertex 257.381 6.08658 56
    endloop
  endfacet
  facet normal 0 0 1
    outer loop
      vertex 257 8 56
      vertex 260.25 8 56
      vertex 257.043 8.65263 56
    endloop
  endfacet
  facet normal 0 0 1
    outer loop
      vertex 260.265 7.77158 56
      vertex 257.043 7.34737 56
      vertex 257.17 6.7059 56
    endloop
  endfacet
  facet normal 0 0 1
    outer loop
      vertex 260.25 8 56
      vertex 257 8 56
      vertex 257.043 7.34737 56
    endloop
  endfacet
  facet normal -0.83308 0.553152 0
    outer loop
      vertex 258 10.9941 12.2
      vertex 258.033 11.0438 3.2
      vertex 258 10.9941 3.2
    endloop
  endfacet
  facet normal -0.83308 0.553152 0
    outer loop
      vertex 258.033 11.0438 3.2
      vertex 258 10.9941 12.2
      vertex 258.033 11.0438 56
    endloop
  endfacet
  facet normal -0.831584 0.555399 -3.6773e-06
    outer loop
      vertex 257.67 10.5 12.2
      vertex 258.033 11.0438 56
      vertex 258 10.9941 12.2
    endloop
  endfacet
  facet normal -0.831721 0.555194 0
    outer loop
      vertex 258.033 11.0438 56
      vertex 257.67 10.5 12.2
      vertex 257.67 10.5 56
    endloop
  endfacet
  facet normal -0.980498 -0.196528 0
    outer loop
      vertex 263.735 8.22842 3.2
      vertex 263.69 8.45293 56
      vertex 263.69 8.45293 3.2
    endloop
  endfacet
  facet normal -0.980498 -0.196528 0
    outer loop
      vertex 263.69 8.45293 56
      vertex 263.735 8.22842 3.2
      vertex 263.735 8.22842 56
    endloop
  endfacet
  facet normal -0.980498 -0.196528 0
    outer loop
      vertex 263.735 8.22842 0
      vertex 263.69 8.45293 3.2
      vertex 263.69 8.45293 0
    endloop
  endfacet
  facet normal -0.980498 -0.196528 0
    outer loop
      vertex 263.69 8.45293 3.2
      vertex 263.735 8.22842 0
      vertex 263.735 8.22842 3.2
    endloop
  endfacet
  facet normal -0.997851 -0.0655274 0
    outer loop
      vertex 263.75 8 3.2
      vertex 263.735 8.22842 56
      vertex 263.735 8.22842 3.2
    endloop
  endfacet
  facet normal -0.997851 -0.0655274 0
    outer loop
      vertex 263.735 8.22842 56
      vertex 263.75 8 3.2
      vertex 263.75 8 56
    endloop
  endfacet
  facet normal -0.997851 -0.0655274 0
    outer loop
      vertex 263.75 8 0
      vertex 263.735 8.22842 3.2
      vertex 263.735 8.22842 0
    endloop
  endfacet
  facet normal -0.997851 -0.0655274 0
    outer loop
      vertex 263.735 8.22842 3.2
      vertex 263.75 8 0
      vertex 263.75 8 3.2
    endloop
  endfacet
  facet normal -0.947704 -0.319151 0
    outer loop
      vertex 263.69 8.45293 3.2
      vertex 263.617 8.6697 56
      vertex 263.617 8.6697 3.2
    endloop
  endfacet
  facet normal -0.947704 -0.319151 0
    outer loop
      vertex 263.617 8.6697 56
      vertex 263.69 8.45293 3.2
      vertex 263.69 8.45293 56
    endloop
  endfacet
  facet normal -0.947704 -0.319151 0
    outer loop
      vertex 263.69 8.45293 0
      vertex 263.617 8.6697 3.2
      vertex 263.617 8.6697 0
    endloop
  endfacet
  facet normal -0.947704 -0.319151 0
    outer loop
      vertex 263.617 8.6697 3.2
      vertex 263.69 8.45293 0
      vertex 263.69 8.45293 3.2
    endloop
  endfacet
  facet normal -0.897293 -0.441435 0
    outer loop
      vertex 263.617 8.6697 3.2
      vertex 263.516 8.875 56
      vertex 263.516 8.875 3.2
    endloop
  endfacet
  facet normal -0.897293 -0.441435 0
    outer loop
      vertex 263.516 8.875 56
      vertex 263.617 8.6697 3.2
      vertex 263.617 8.6697 56
    endloop
  endfacet
  facet normal -0.897293 -0.441435 0
    outer loop
      vertex 263.617 8.6697 0
      vertex 263.516 8.875 3.2
      vertex 263.516 8.875 0
    endloop
  endfacet
  facet normal -0.897293 -0.441435 0
    outer loop
      vertex 263.516 8.875 3.2
      vertex 263.617 8.6697 0
      vertex 263.617 8.6697 3.2
    endloop
  endfacet
  facet normal -0.829803 -0.558056 0
    outer loop
      vertex 263.516 8.875 3.2
      vertex 263.388 9.06533 56
      vertex 263.388 9.06533 3.2
    endloop
  endfacet
  facet normal -0.829803 -0.558056 0
    outer loop
      vertex 263.388 9.06533 56
      vertex 263.516 8.875 3.2
      vertex 263.516 8.875 56
    endloop
  endfacet
  facet normal -0.829803 -0.558056 0
    outer loop
      vertex 263.516 8.875 0
      vertex 263.388 9.06533 3.2
      vertex 263.388 9.06533 0
    endloop
  endfacet
  facet normal -0.829803 -0.558056 0
    outer loop
      vertex 263.388 9.06533 3.2
      vertex 263.516 8.875 0
      vertex 263.516 8.875 3.2
    endloop
  endfacet
  facet normal -0.442835 -0.896603 0
    outer loop
      vertex 262.67 9.61679 3.2
      vertex 262.875 9.51554 56
      vertex 262.67 9.61679 56
    endloop
  endfacet
  facet normal -0.442835 -0.896603 -0
    outer loop
      vertex 262.875 9.51554 56
      vertex 262.67 9.61679 3.2
      vertex 262.875 9.51554 3.2
    endloop
  endfacet
  facet normal -0.442835 -0.896603 0
    outer loop
      vertex 262.67 9.61679 0
      vertex 262.875 9.51554 3.2
      vertex 262.67 9.61679 3.2
    endloop
  endfacet
  facet normal -0.442835 -0.896603 -0
    outer loop
      vertex 262.875 9.51554 3.2
      vertex 262.67 9.61679 0
      vertex 262.875 9.51554 0
    endloop
  endfacet
  facet normal -0.751702 -0.659503 0
    outer loop
      vertex 263.388 9.06533 3.2
      vertex 263.237 9.23744 56
      vertex 263.237 9.23744 3.2
    endloop
  endfacet
  facet normal -0.751702 -0.659503 0
    outer loop
      vertex 263.237 9.23744 56
      vertex 263.388 9.06533 3.2
      vertex 263.388 9.06533 56
    endloop
  endfacet
  facet normal -0.751702 -0.659503 0
    outer loop
      vertex 263.388 9.06533 0
      vertex 263.237 9.23744 3.2
      vertex 263.237 9.23744 0
    endloop
  endfacet
  facet normal -0.751702 -0.659503 0
    outer loop
      vertex 263.237 9.23744 3.2
      vertex 263.388 9.06533 0
      vertex 263.388 9.06533 3.2
    endloop
  endfacet
  facet normal -0.556223 -0.831033 0
    outer loop
      vertex 262.875 9.51554 3.2
      vertex 263.065 9.38837 56
      vertex 262.875 9.51554 56
    endloop
  endfacet
  facet normal -0.556223 -0.831033 -0
    outer loop
      vertex 263.065 9.38837 56
      vertex 262.875 9.51554 3.2
      vertex 263.065 9.38837 3.2
    endloop
  endfacet
  facet normal -0.556223 -0.831033 0
    outer loop
      vertex 262.875 9.51554 0
      vertex 263.065 9.38837 3.2
      vertex 262.875 9.51554 3.2
    endloop
  endfacet
  facet normal -0.556223 -0.831033 -0
    outer loop
      vertex 263.065 9.38837 3.2
      vertex 262.875 9.51554 0
      vertex 263.065 9.38837 0
    endloop
  endfacet
  facet normal -0.659568 -0.751645 0
    outer loop
      vertex 263.065 9.38837 3.2
      vertex 263.237 9.23744 56
      vertex 263.065 9.38837 56
    endloop
  endfacet
  facet normal -0.659568 -0.751645 -0
    outer loop
      vertex 263.237 9.23744 56
      vertex 263.065 9.38837 3.2
      vertex 263.237 9.23744 3.2
    endloop
  endfacet
  facet normal -0.659568 -0.751645 0
    outer loop
      vertex 263.065 9.38837 0
      vertex 263.237 9.23744 3.2
      vertex 263.065 9.38837 3.2
    endloop
  endfacet
  facet normal -0.659568 -0.751645 -0
    outer loop
      vertex 263.237 9.23744 3.2
      vertex 263.065 9.38837 0
      vertex 263.237 9.23744 0
    endloop
  endfacet
  facet normal -0.0655168 -0.997851 0
    outer loop
      vertex 262 9.75 3.2
      vertex 262.228 9.73503 56
      vertex 262 9.75 56
    endloop
  endfacet
  facet normal -0.0655168 -0.997851 -0
    outer loop
      vertex 262.228 9.73503 56
      vertex 262 9.75 3.2
      vertex 262.228 9.73503 3.2
    endloop
  endfacet
  facet normal -0.0655168 -0.997851 0
    outer loop
      vertex 262 9.75 0
      vertex 262.228 9.73503 3.2
      vertex 262 9.75 3.2
    endloop
  endfacet
  facet normal -0.0655168 -0.997851 -0
    outer loop
      vertex 262.228 9.73503 3.2
      vertex 262 9.75 0
      vertex 262.228 9.73503 0
    endloop
  endfacet
  facet normal -0.194691 -0.980865 0
    outer loop
      vertex 262.228 9.73503 3.2
      vertex 262.453 9.69037 56
      vertex 262.228 9.73503 56
    endloop
  endfacet
  facet normal -0.194691 -0.980865 -0
    outer loop
      vertex 262.453 9.69037 56
      vertex 262.228 9.73503 3.2
      vertex 262.453 9.69037 3.2
    endloop
  endfacet
  facet normal -0.194691 -0.980865 0
    outer loop
      vertex 262.228 9.73503 0
      vertex 262.453 9.69037 3.2
      vertex 262.228 9.73503 3.2
    endloop
  endfacet
  facet normal -0.194691 -0.980865 -0
    outer loop
      vertex 262.453 9.69037 3.2
      vertex 262.228 9.73503 0
      vertex 262.453 9.69037 0
    endloop
  endfacet
  facet normal -0.32112 -0.947038 0
    outer loop
      vertex 262.453 9.69037 3.2
      vertex 262.67 9.61679 56
      vertex 262.453 9.69037 56
    endloop
  endfacet
  facet normal -0.32112 -0.947038 -0
    outer loop
      vertex 262.67 9.61679 56
      vertex 262.453 9.69037 3.2
      vertex 262.67 9.61679 3.2
    endloop
  endfacet
  facet normal -0.32112 -0.947038 0
    outer loop
      vertex 262.453 9.69037 0
      vertex 262.67 9.61679 3.2
      vertex 262.453 9.69037 3.2
    endloop
  endfacet
  facet normal -0.32112 -0.947038 -0
    outer loop
      vertex 262.67 9.61679 3.2
      vertex 262.453 9.69037 0
      vertex 262.67 9.61679 0
    endloop
  endfacet
  facet normal 0.980757 0.195233 0
    outer loop
      vertex 12.9572 112.653 56
      vertex 12.8296 113.294 3.2
      vertex 12.8296 113.294 56
    endloop
  endfacet
  facet normal 0.980757 0.195233 0
    outer loop
      vertex 12.8296 113.294 3.2
      vertex 12.9572 112.653 56
      vertex 12.9572 112.653 3.2
    endloop
  endfacet
  facet normal 0.997859 0.0654033 0
    outer loop
      vertex 13 112 56
      vertex 12.9572 112.653 3.2
      vertex 12.9572 112.653 56
    endloop
  endfacet
  facet normal 0.997859 0.0654033 0
    outer loop
      vertex 12.9572 112.653 3.2
      vertex 13 112 56
      vertex 13 112 3.2
    endloop
  endfacet
  facet normal 0.322493 -0.946572 0
    outer loop
      vertex 9.2941 107.17 3.2
      vertex 9.91342 107.381 56
      vertex 9.2941 107.17 56
    endloop
  endfacet
  facet normal 0.322493 -0.946572 0
    outer loop
      vertex 9.91342 107.381 56
      vertex 9.2941 107.17 3.2
      vertex 9.91342 107.381 3.2
    endloop
  endfacet
  facet normal 0.831603 0.55537 0
    outer loop
      vertex 12.3301 114.5 56
      vertex 11.9668 115.044 3.2
      vertex 11.9668 115.044 56
    endloop
  endfacet
  facet normal 0.831603 0.55537 0
    outer loop
      vertex 11.9668 115.044 3.2
      vertex 12.3301 114.5 56
      vertex 12.3301 114.5 3.2
    endloop
  endfacet
  facet normal 0.946894 -0.321546 0
    outer loop
      vertex 12.6194 110.087 56
      vertex 12.8296 110.706 3.2
      vertex 12.8296 110.706 56
    endloop
  endfacet
  facet normal 0.946894 -0.321546 0
    outer loop
      vertex 12.8296 110.706 3.2
      vertex 12.6194 110.087 56
      vertex 12.6194 110.087 3.2
    endloop
  endfacet
  facet normal 0.555194 0.831721 -0
    outer loop
      vertex 11.0438 115.967 3.2
      vertex 10.5 116.33 56
      vertex 11.0438 115.967 56
    endloop
  endfacet
  facet normal 0.555194 0.831721 0
    outer loop
      vertex 10.5 116.33 56
      vertex 11.0438 115.967 3.2
      vertex 10.5 116.33 3.2
    endloop
  endfacet
  facet normal -0.322493 -0.946572 0
    outer loop
      vertex 6.08658 107.381 3.2
      vertex 6.7059 107.17 56
      vertex 6.08658 107.381 56
    endloop
  endfacet
  facet normal -0.322493 -0.946572 -0
    outer loop
      vertex 6.7059 107.17 56
      vertex 6.08658 107.381 3.2
      vertex 6.7059 107.17 3.2
    endloop
  endfacet
  facet normal 0.194213 -0.980959 0
    outer loop
      vertex 8.65263 107.043 3.2
      vertex 9.2941 107.17 56
      vertex 8.65263 107.043 56
    endloop
  endfacet
  facet normal 0.194213 -0.980959 0
    outer loop
      vertex 9.2941 107.17 56
      vertex 8.65263 107.043 3.2
      vertex 9.2941 107.17 3.2
    endloop
  endfacet
  facet normal -0.831561 -0.555434 0
    outer loop
      vertex 4.03323 108.956 3.2
      vertex 3.66987 109.5 56
      vertex 3.66987 109.5 3.2
    endloop
  endfacet
  facet normal -0.831561 -0.555434 0
    outer loop
      vertex 3.66987 109.5 56
      vertex 4.03323 108.956 3.2
      vertex 4.03323 108.956 56
    endloop
  endfacet
  facet normal 0.555194 -0.831721 0
    outer loop
      vertex 10.5 107.67 3.2
      vertex 11.0438 108.033 56
      vertex 10.5 107.67 56
    endloop
  endfacet
  facet normal 0.555194 -0.831721 0
    outer loop
      vertex 11.0438 108.033 56
      vertex 10.5 107.67 3.2
      vertex 11.0438 108.033 3.2
    endloop
  endfacet
  facet normal 0.322072 0.946715 -0
    outer loop
      vertex 9.91342 116.619 3.2
      vertex 9.38138 116.8 56
      vertex 9.91342 116.619 56
    endloop
  endfacet
  facet normal 0.322072 0.946715 0
    outer loop
      vertex 9.38138 116.8 56
      vertex 9.91342 116.619 3.2
      vertex 9.38138 116.8 3.2
    endloop
  endfacet
  facet normal 0.831603 -0.55537 0
    outer loop
      vertex 11.9668 108.956 56
      vertex 12.3301 109.5 3.2
      vertex 12.3301 109.5 56
    endloop
  endfacet
  facet normal 0.831603 -0.55537 0
    outer loop
      vertex 12.3301 109.5 3.2
      vertex 11.9668 108.956 56
      vertex 11.9668 108.956 3.2
    endloop
  endfacet
  facet normal -0.946925 -0.321456 0
    outer loop
      vertex 3.3806 110.087 3.2
      vertex 3.2 110.619 56
      vertex 3.2 110.619 3.2
    endloop
  endfacet
  facet normal -0.946925 -0.321456 0
    outer loop
      vertex 3.2 110.619 56
      vertex 3.3806 110.087 3.2
      vertex 3.3806 110.087 56
    endloop
  endfacet
  facet normal -0.65915 -0.752012 0
    outer loop
      vertex 4.46447 108.464 3.2
      vertex 4.95619 108.033 56
      vertex 4.46447 108.464 56
    endloop
  endfacet
  facet normal -0.65915 -0.752012 -0
    outer loop
      vertex 4.95619 108.033 56
      vertex 4.46447 108.464 3.2
      vertex 4.95619 108.033 3.2
    endloop
  endfacet
  facet normal 0.441957 0.897036 -0
    outer loop
      vertex 10.5 116.33 3.2
      vertex 9.91342 116.619 56
      vertex 10.5 116.33 56
    endloop
  endfacet
  facet normal 0.441957 0.897036 0
    outer loop
      vertex 9.91342 116.619 56
      vertex 10.5 116.33 3.2
      vertex 9.91342 116.619 3.2
    endloop
  endfacet
  facet normal 0.75197 0.659197 0
    outer loop
      vertex 11.9668 115.044 56
      vertex 11.5355 115.536 3.2
      vertex 11.5355 115.536 56
    endloop
  endfacet
  facet normal 0.75197 0.659197 0
    outer loop
      vertex 11.5355 115.536 3.2
      vertex 11.9668 115.044 56
      vertex 11.9668 115.044 3.2
    endloop
  endfacet
  facet normal 0.75197 -0.659197 0
    outer loop
      vertex 11.5355 108.464 56
      vertex 11.9668 108.956 3.2
      vertex 11.9668 108.956 56
    endloop
  endfacet
  facet normal 0.75197 -0.659197 0
    outer loop
      vertex 11.9668 108.956 3.2
      vertex 11.5355 108.464 56
      vertex 11.5355 108.464 3.2
    endloop
  endfacet
  facet normal -0.441957 -0.897036 0
    outer loop
      vertex 5.5 107.67 3.2
      vertex 6.08658 107.381 56
      vertex 5.5 107.67 56
    endloop
  endfacet
  facet normal -0.441957 -0.897036 -0
    outer loop
      vertex 6.08658 107.381 56
      vertex 5.5 107.67 3.2
      vertex 6.08658 107.381 3.2
    endloop
  endfacet
  facet normal 0.0657447 -0.997836 0
    outer loop
      vertex 8 107 3.2
      vertex 8.65263 107.043 56
      vertex 8 107 56
    endloop
  endfacet
  facet normal 0.0657447 -0.997836 0
    outer loop
      vertex 8.65263 107.043 56
      vertex 8 107 3.2
      vertex 8.65263 107.043 3.2
    endloop
  endfacet
  facet normal 0.441957 -0.897036 0
    outer loop
      vertex 9.91342 107.381 3.2
      vertex 10.5 107.67 56
      vertex 9.91342 107.381 56
    endloop
  endfacet
  facet normal 0.441957 -0.897036 0
    outer loop
      vertex 10.5 107.67 56
      vertex 9.91342 107.381 3.2
      vertex 10.5 107.67 3.2
    endloop
  endfacet
  facet normal 0 0 -1
    outer loop
      vertex 9.75 112 3.2
      vertex 13 112 3.2
      vertex 12.9572 111.347 3.2
    endloop
  endfacet
  facet normal 0 0 -1
    outer loop
      vertex 9.73503 111.772 3.2
      vertex 12.9572 111.347 3.2
      vertex 12.8296 110.706 3.2
    endloop
  endfacet
  facet normal 0 0 -1
    outer loop
      vertex 13 112 3.2
      vertex 9.75 112 3.2
      vertex 12.9572 112.653 3.2
    endloop
  endfacet
  facet normal 0 0 -1
    outer loop
      vertex 9.69037 111.547 3.2
      vertex 12.8296 110.706 3.2
      vertex 12.6194 110.087 3.2
    endloop
  endfacet
  facet normal 0 0 -1
    outer loop
      vertex 9.73503 112.228 3.2
      vertex 12.9572 112.653 3.2
      vertex 9.75 112 3.2
    endloop
  endfacet
  facet normal 0 0 -1
    outer loop
      vertex 9.61679 111.33 3.2
      vertex 12.6194 110.087 3.2
      vertex 12.3301 109.5 3.2
    endloop
  endfacet
  facet normal -0 0 -1
    outer loop
      vertex 12.9572 112.653 3.2
      vertex 9.73503 112.228 3.2
      vertex 12.8296 113.294 3.2
    endloop
  endfacet
  facet normal 0 0 -1
    outer loop
      vertex 9.51554 111.125 3.2
      vertex 12.3301 109.5 3.2
      vertex 11.9668 108.956 3.2
    endloop
  endfacet
  facet normal 0 0 -1
    outer loop
      vertex 9.69037 112.453 3.2
      vertex 12.8296 113.294 3.2
      vertex 9.73503 112.228 3.2
    endloop
  endfacet
  facet normal 0 0 -1
    outer loop
      vertex 9.38837 110.935 3.2
      vertex 11.9668 108.956 3.2
      vertex 11.5355 108.464 3.2
    endloop
  endfacet
  facet normal -0 0 -1
    outer loop
      vertex 12.8296 113.294 3.2
      vertex 9.69037 112.453 3.2
      vertex 12.6194 113.913 3.2
    endloop
  endfacet
  facet normal 0 0 -1
    outer loop
      vertex 9.23744 110.763 3.2
      vertex 11.5355 108.464 3.2
      vertex 11.0438 108.033 3.2
    endloop
  endfacet
  facet normal 0 0 -1
    outer loop
      vertex 9.61679 112.67 3.2
      vertex 12.6194 113.913 3.2
      vertex 9.69037 112.453 3.2
    endloop
  endfacet
  facet normal 0 0 -1
    outer loop
      vertex 9.06533 110.612 3.2
      vertex 11.0438 108.033 3.2
      vertex 10.5 107.67 3.2
    endloop
  endfacet
  facet normal -0 0 -1
    outer loop
      vertex 12.6194 113.913 3.2
      vertex 9.61679 112.67 3.2
      vertex 12.3301 114.5 3.2
    endloop
  endfacet
  facet normal 0 0 -1
    outer loop
      vertex 8.875 110.484 3.2
      vertex 10.5 107.67 3.2
      vertex 9.91342 107.381 3.2
    endloop
  endfacet
  facet normal 0 0 -1
    outer loop
      vertex 9.51554 112.875 3.2
      vertex 12.3301 114.5 3.2
      vertex 9.61679 112.67 3.2
    endloop
  endfacet
  facet normal -0 0 -1
    outer loop
      vertex 12.3301 114.5 3.2
      vertex 9.51554 112.875 3.2
      vertex 11.9668 115.044 3.2
    endloop
  endfacet
  facet normal 0 0 -1
    outer loop
      vertex 12.9572 111.347 3.2
      vertex 9.73503 111.772 3.2
      vertex 9.75 112 3.2
    endloop
  endfacet
  facet normal 0 0 -1
    outer loop
      vertex 12.8296 110.706 3.2
      vertex 9.69037 111.547 3.2
      vertex 9.73503 111.772 3.2
    endloop
  endfacet
  facet normal 0 0 -1
    outer loop
      vertex 12.6194 110.087 3.2
      vertex 9.61679 111.33 3.2
      vertex 9.69037 111.547 3.2
    endloop
  endfacet
  facet normal 0 0 -1
    outer loop
      vertex 12.3301 109.5 3.2
      vertex 9.51554 111.125 3.2
      vertex 9.61679 111.33 3.2
    endloop
  endfacet
  facet normal 0 0 -1
    outer loop
      vertex 11.9668 108.956 3.2
      vertex 9.38837 110.935 3.2
      vertex 9.51554 111.125 3.2
    endloop
  endfacet
  facet normal 0 0 -1
    outer loop
      vertex 8.6697 110.383 3.2
      vertex 9.91342 107.381 3.2
      vertex 9.2941 107.17 3.2
    endloop
  endfacet
  facet normal 0 0 -1
    outer loop
      vertex 11.5355 108.464 3.2
      vertex 9.23744 110.763 3.2
      vertex 9.38837 110.935 3.2
    endloop
  endfacet
  facet normal 0 0 -1
    outer loop
      vertex 11.0438 108.033 3.2
      vertex 9.06533 110.612 3.2
      vertex 9.23744 110.763 3.2
    endloop
  endfacet
  facet normal 0 0 -1
    outer loop
      vertex 10.5 107.67 3.2
      vertex 8.875 110.484 3.2
      vertex 9.06533 110.612 3.2
    endloop
  endfacet
  facet normal 0 0 -1
    outer loop
      vertex 9.91342 107.381 3.2
      vertex 8.6697 110.383 3.2
      vertex 8.875 110.484 3.2
    endloop
  endfacet
  facet normal 0 0 -1
    outer loop
      vertex 8.45293 110.31 3.2
      vertex 9.2941 107.17 3.2
      vertex 8.65263 107.043 3.2
    endloop
  endfacet
  facet normal 0 0 -1
    outer loop
      vertex 9.2941 107.17 3.2
      vertex 8.45293 110.31 3.2
      vertex 8.6697 110.383 3.2
    endloop
  endfacet
  facet normal 0 0 -1
    outer loop
      vertex 8.65263 107.043 3.2
      vertex 8.22842 110.265 3.2
      vertex 8.45293 110.31 3.2
    endloop
  endfacet
  facet normal 0 0 -1
    outer loop
      vertex 8 107 3.2
      vertex 8.22842 110.265 3.2
      vertex 8.65263 107.043 3.2
    endloop
  endfacet
  facet normal 0 0 -1
    outer loop
      vertex 8 107 3.2
      vertex 8 110.25 3.2
      vertex 8.22842 110.265 3.2
    endloop
  endfacet
  facet normal 0 0 -1
    outer loop
      vertex 8 107 3.2
      vertex 7.77158 110.265 3.2
      vertex 8 110.25 3.2
    endloop
  endfacet
  facet normal 0 0 -1
    outer loop
      vertex 7.34737 107.043 3.2
      vertex 7.77158 110.265 3.2
      vertex 8 107 3.2
    endloop
  endfacet
  facet normal -0 0 -1
    outer loop
      vertex 7.77158 110.265 3.2
      vertex 7.34737 107.043 3.2
      vertex 7.54707 110.31 3.2
    endloop
  endfacet
  facet normal 0 0 -1
    outer loop
      vertex 6.7059 107.17 3.2
      vertex 7.54707 110.31 3.2
      vertex 7.34737 107.043 3.2
    endloop
  endfacet
  facet normal -0 0 -1
    outer loop
      vertex 7.54707 110.31 3.2
      vertex 6.7059 107.17 3.2
      vertex 7.3303 110.383 3.2
    endloop
  endfacet
  facet normal 0 0 -1
    outer loop
      vertex 6.08658 107.381 3.2
      vertex 7.3303 110.383 3.2
      vertex 6.7059 107.17 3.2
    endloop
  endfacet
  facet normal -0 0 -1
    outer loop
      vertex 7.3303 110.383 3.2
      vertex 6.08658 107.381 3.2
      vertex 7.125 110.484 3.2
    endloop
  endfacet
  facet normal 0 0 -1
    outer loop
      vertex 5.5 107.67 3.2
      vertex 7.125 110.484 3.2
      vertex 6.08658 107.381 3.2
    endloop
  endfacet
  facet normal -0 0 -1
    outer loop
      vertex 7.125 110.484 3.2
      vertex 5.5 107.67 3.2
      vertex 6.93467 110.612 3.2
    endloop
  endfacet
  facet normal 0 0 -1
    outer loop
      vertex 4.95619 108.033 3.2
      vertex 6.93467 110.612 3.2
      vertex 5.5 107.67 3.2
    endloop
  endfacet
  facet normal -0 0 -1
    outer loop
      vertex 6.93467 110.612 3.2
      vertex 4.95619 108.033 3.2
      vertex 6.76256 110.763 3.2
    endloop
  endfacet
  facet normal 0 0 -1
    outer loop
      vertex 4.46447 108.464 3.2
      vertex 6.76256 110.763 3.2
      vertex 4.95619 108.033 3.2
    endloop
  endfacet
  facet normal -0 0 -1
    outer loop
      vertex 6.76256 110.763 3.2
      vertex 4.46447 108.464 3.2
      vertex 6.61163 110.935 3.2
    endloop
  endfacet
  facet normal 0 0 -1
    outer loop
      vertex 4.03323 108.956 3.2
      vertex 6.61163 110.935 3.2
      vertex 4.46447 108.464 3.2
    endloop
  endfacet
  facet normal -0 0 -1
    outer loop
      vertex 6.61163 110.935 3.2
      vertex 4.03323 108.956 3.2
      vertex 6.48446 111.125 3.2
    endloop
  endfacet
  facet normal 0 0 -1
    outer loop
      vertex 3.66987 109.5 3.2
      vertex 6.48446 111.125 3.2
      vertex 4.03323 108.956 3.2
    endloop
  endfacet
  facet normal 0 -0 -1
    outer loop
      vertex 3.24106 112.627 3.2
      vertex 6.25 112 3.2
      vertex 3.2 112 3.2
    endloop
  endfacet
  facet normal -0 0 -1
    outer loop
      vertex 6.48446 111.125 3.2
      vertex 3.66987 109.5 3.2
      vertex 6.38321 111.33 3.2
    endloop
  endfacet
  facet normal 0 0 -1
    outer loop
      vertex 6.25 112 3.2
      vertex 5.6 116.157 3.2
      vertex 6.16312 116.435 3.2
    endloop
  endfacet
  facet normal 0 0 -1
    outer loop
      vertex 3.3806 110.087 3.2
      vertex 6.38321 111.33 3.2
      vertex 3.66987 109.5 3.2
    endloop
  endfacet
  facet normal 0 0 -1
    outer loop
      vertex 6.25 112 3.2
      vertex 5.07794 115.808 3.2
      vertex 5.6 116.157 3.2
    endloop
  endfacet
  facet normal 0 0 -1
    outer loop
      vertex 3.2 110.619 3.2
      vertex 6.38321 111.33 3.2
      vertex 3.3806 110.087 3.2
    endloop
  endfacet
  facet normal 0 0 -1
    outer loop
      vertex 6.25 112 3.2
      vertex 4.60589 115.394 3.2
      vertex 5.07794 115.808 3.2
    endloop
  endfacet
  facet normal -0 0 -1
    outer loop
      vertex 6.38321 111.33 3.2
      vertex 3.2 110.619 3.2
      vertex 6.30963 111.547 3.2
    endloop
  endfacet
  facet normal 0 0 -1
    outer loop
      vertex 6.25 112 3.2
      vertex 4.1919 114.922 3.2
      vertex 4.60589 115.394 3.2
    endloop
  endfacet
  facet normal 0 0 -1
    outer loop
      vertex 3.2 112 3.2
      vertex 6.30963 111.547 3.2
      vertex 3.2 110.619 3.2
    endloop
  endfacet
  facet normal 0 0 -1
    outer loop
      vertex 6.25 112 3.2
      vertex 3.84308 114.4 3.2
      vertex 4.1919 114.922 3.2
    endloop
  endfacet
  facet normal 0 0 -1
    outer loop
      vertex 6.30963 111.547 3.2
      vertex 3.2 112 3.2
      vertex 6.26497 111.772 3.2
    endloop
  endfacet
  facet normal 0 0 -1
    outer loop
      vertex 6.25 112 3.2
      vertex 3.56538 113.837 3.2
      vertex 3.84308 114.4 3.2
    endloop
  endfacet
  facet normal 0 0 -1
    outer loop
      vertex 6.25 112 3.2
      vertex 3.36356 113.242 3.2
      vertex 3.56538 113.837 3.2
    endloop
  endfacet
  facet normal 0 0 -1
    outer loop
      vertex 6.26497 111.772 3.2
      vertex 3.2 112 3.2
      vertex 6.25 112 3.2
    endloop
  endfacet
  facet normal 0 0 -1
    outer loop
      vertex 6.25 112 3.2
      vertex 3.24106 112.627 3.2
      vertex 3.36356 113.242 3.2
    endloop
  endfacet
  facet normal 0 0 -1
    outer loop
      vertex 9.38837 113.065 3.2
      vertex 11.9668 115.044 3.2
      vertex 9.51554 112.875 3.2
    endloop
  endfacet
  facet normal -0 0 -1
    outer loop
      vertex 11.9668 115.044 3.2
      vertex 9.38837 113.065 3.2
      vertex 11.5355 115.536 3.2
    endloop
  endfacet
  facet normal 0 0 -1
    outer loop
      vertex 9.23744 113.237 3.2
      vertex 11.5355 115.536 3.2
      vertex 9.38837 113.065 3.2
    endloop
  endfacet
  facet normal -0 0 -1
    outer loop
      vertex 11.5355 115.536 3.2
      vertex 9.23744 113.237 3.2
      vertex 11.0438 115.967 3.2
    endloop
  endfacet
  facet normal 0 0 -1
    outer loop
      vertex 9.06533 113.388 3.2
      vertex 11.0438 115.967 3.2
      vertex 9.23744 113.237 3.2
    endloop
  endfacet
  facet normal -0 0 -1
    outer loop
      vertex 11.0438 115.967 3.2
      vertex 9.06533 113.388 3.2
      vertex 10.5 116.33 3.2
    endloop
  endfacet
  facet normal 0 0 -1
    outer loop
      vertex 8.875 113.516 3.2
      vertex 10.5 116.33 3.2
      vertex 9.06533 113.388 3.2
    endloop
  endfacet
  facet normal -0 0 -1
    outer loop
      vertex 10.5 116.33 3.2
      vertex 8.875 113.516 3.2
      vertex 9.91342 116.619 3.2
    endloop
  endfacet
  facet normal 0 0 -1
    outer loop
      vertex 8.6697 113.617 3.2
      vertex 9.91342 116.619 3.2
      vertex 8.875 113.516 3.2
    endloop
  endfacet
  facet normal -0 0 -1
    outer loop
      vertex 9.91342 116.619 3.2
      vertex 8.6697 113.617 3.2
      vertex 9.38138 116.8 3.2
    endloop
  endfacet
  facet normal 0 0 -1
    outer loop
      vertex 8.45293 113.69 3.2
      vertex 9.38138 116.8 3.2
      vertex 8.6697 113.617 3.2
    endloop
  endfacet
  facet normal 0 0 -1
    outer loop
      vertex 8 116.8 3.2
      vertex 8.45293 113.69 3.2
      vertex 8.22842 113.735 3.2
    endloop
  endfacet
  facet normal 0 0 -1
    outer loop
      vertex 8 116.8 3.2
      vertex 8.22842 113.735 3.2
      vertex 8 113.75 3.2
    endloop
  endfacet
  facet normal 0 0 -1
    outer loop
      vertex 8.45293 113.69 3.2
      vertex 8 116.8 3.2
      vertex 9.38138 116.8 3.2
    endloop
  endfacet
  facet normal 0 0 -1
    outer loop
      vertex 7.77158 113.735 3.2
      vertex 8 116.8 3.2
      vertex 8 113.75 3.2
    endloop
  endfacet
  facet normal 0 0 -1
    outer loop
      vertex 7.37347 116.759 3.2
      vertex 7.77158 113.735 3.2
      vertex 7.54707 113.69 3.2
    endloop
  endfacet
  facet normal 0 0 -1
    outer loop
      vertex 7.77158 113.735 3.2
      vertex 7.37347 116.759 3.2
      vertex 8 116.8 3.2
    endloop
  endfacet
  facet normal 0 0 -1
    outer loop
      vertex 6.75767 116.636 3.2
      vertex 7.54707 113.69 3.2
      vertex 7.3303 113.617 3.2
    endloop
  endfacet
  facet normal 0 0 -1
    outer loop
      vertex 6.16312 116.435 3.2
      vertex 7.3303 113.617 3.2
      vertex 7.125 113.516 3.2
    endloop
  endfacet
  facet normal 0 0 -1
    outer loop
      vertex 6.16312 116.435 3.2
      vertex 7.125 113.516 3.2
      vertex 6.93467 113.388 3.2
    endloop
  endfacet
  facet normal 0 0 -1
    outer loop
      vertex 6.16312 116.435 3.2
      vertex 6.93467 113.388 3.2
      vertex 6.76256 113.237 3.2
    endloop
  endfacet
  facet normal 0 0 -1
    outer loop
      vertex 7.54707 113.69 3.2
      vertex 6.75767 116.636 3.2
      vertex 7.37347 116.759 3.2
    endloop
  endfacet
  facet normal 0 0 -1
    outer loop
      vertex 6.16312 116.435 3.2
      vertex 6.76256 113.237 3.2
      vertex 6.61163 113.065 3.2
    endloop
  endfacet
  facet normal 0 0 -1
    outer loop
      vertex 6.16312 116.435 3.2
      vertex 6.61163 113.065 3.2
      vertex 6.48446 112.875 3.2
    endloop
  endfacet
  facet normal 0 0 -1
    outer loop
      vertex 6.16312 116.435 3.2
      vertex 6.48446 112.875 3.2
      vertex 6.38321 112.67 3.2
    endloop
  endfacet
  facet normal 0 0 -1
    outer loop
      vertex 6.16312 116.435 3.2
      vertex 6.38321 112.67 3.2
      vertex 6.30963 112.453 3.2
    endloop
  endfacet
  facet normal 0 0 -1
    outer loop
      vertex 6.16312 116.435 3.2
      vertex 6.30963 112.453 3.2
      vertex 6.26497 112.228 3.2
    endloop
  endfacet
  facet normal 0 0 -1
    outer loop
      vertex 7.3303 113.617 3.2
      vertex 6.16312 116.435 3.2
      vertex 6.75767 116.636 3.2
    endloop
  endfacet
  facet normal 0 0 -1
    outer loop
      vertex 6.16312 116.435 3.2
      vertex 6.26497 112.228 3.2
      vertex 6.25 112 3.2
    endloop
  endfacet
  facet normal 0.659165 -0.751998 0
    outer loop
      vertex 11.0438 108.033 3.2
      vertex 11.5355 108.464 56
      vertex 11.0438 108.033 56
    endloop
  endfacet
  facet normal 0.659165 -0.751998 0
    outer loop
      vertex 11.5355 108.464 56
      vertex 11.0438 108.033 3.2
      vertex 11.5355 108.464 3.2
    endloop
  endfacet
  facet normal -0.896998 -0.442035 0
    outer loop
      vertex 3.66987 109.5 3.2
      vertex 3.3806 110.087 56
      vertex 3.3806 110.087 3.2
    endloop
  endfacet
  facet normal -0.896998 -0.442035 0
    outer loop
      vertex 3.3806 110.087 56
      vertex 3.66987 109.5 3.2
      vertex 3.66987 109.5 56
    endloop
  endfacet
  facet normal 0.89698 -0.442072 0
    outer loop
      vertex 12.3301 109.5 56
      vertex 12.6194 110.087 3.2
      vertex 12.6194 110.087 56
    endloop
  endfacet
  facet normal 0.89698 -0.442072 0
    outer loop
      vertex 12.6194 110.087 3.2
      vertex 12.3301 109.5 56
      vertex 12.3301 109.5 3.2
    endloop
  endfacet
  facet normal 0.659165 0.751998 -0
    outer loop
      vertex 11.5355 115.536 3.2
      vertex 11.0438 115.967 56
      vertex 11.5355 115.536 56
    endloop
  endfacet
  facet normal 0.659165 0.751998 0
    outer loop
      vertex 11.0438 115.967 56
      vertex 11.5355 115.536 3.2
      vertex 11.0438 115.967 3.2
    endloop
  endfacet
  facet normal 0.997859 -0.0654033 0
    outer loop
      vertex 12.9572 111.347 56
      vertex 13 112 3.2
      vertex 13 112 56
    endloop
  endfacet
  facet normal 0.997859 -0.0654033 0
    outer loop
      vertex 13 112 3.2
      vertex 12.9572 111.347 56
      vertex 12.9572 111.347 3.2
    endloop
  endfacet
  facet normal -0.555187 -0.831725 0
    outer loop
      vertex 4.95619 108.033 3.2
      vertex 5.5 107.67 56
      vertex 4.95619 108.033 56
    endloop
  endfacet
  facet normal -0.555187 -0.831725 -0
    outer loop
      vertex 5.5 107.67 56
      vertex 4.95619 108.033 3.2
      vertex 5.5 107.67 3.2
    endloop
  endfacet
  facet normal 0.89698 0.442072 0
    outer loop
      vertex 12.6194 113.913 56
      vertex 12.3301 114.5 3.2
      vertex 12.3301 114.5 56
    endloop
  endfacet
  facet normal 0.89698 0.442072 0
    outer loop
      vertex 12.3301 114.5 3.2
      vertex 12.6194 113.913 56
      vertex 12.6194 113.913 3.2
    endloop
  endfacet
  facet normal 0.980757 -0.195233 0
    outer loop
      vertex 12.8296 110.706 56
      vertex 12.9572 111.347 3.2
      vertex 12.9572 111.347 56
    endloop
  endfacet
  facet normal 0.980757 -0.195233 0
    outer loop
      vertex 12.9572 111.347 3.2
      vertex 12.8296 110.706 56
      vertex 12.8296 110.706 3.2
    endloop
  endfacet
  facet normal 0.946894 0.321546 0
    outer loop
      vertex 12.8296 113.294 56
      vertex 12.6194 113.913 3.2
      vertex 12.6194 113.913 56
    endloop
  endfacet
  facet normal 0.946894 0.321546 0
    outer loop
      vertex 12.6194 113.913 3.2
      vertex 12.8296 113.294 56
      vertex 12.8296 113.294 3.2
    endloop
  endfacet
  facet normal -0.752016 -0.659145 0
    outer loop
      vertex 4.46447 108.464 3.2
      vertex 4.03323 108.956 56
      vertex 4.03323 108.956 3.2
    endloop
  endfacet
  facet normal -0.752016 -0.659145 0
    outer loop
      vertex 4.03323 108.956 56
      vertex 4.46447 108.464 3.2
      vertex 4.46447 108.464 56
    endloop
  endfacet
  facet normal 0 0 1
    outer loop
      vertex 9.75 112 56
      vertex 13 112 56
      vertex 12.9572 112.653 56
    endloop
  endfacet
  facet normal 0 0 1
    outer loop
      vertex 9.73503 112.228 56
      vertex 12.9572 112.653 56
      vertex 12.8296 113.294 56
    endloop
  endfacet
  facet normal 0 0 1
    outer loop
      vertex 13 112 56
      vertex 9.75 112 56
      vertex 12.9572 111.347 56
    endloop
  endfacet
  facet normal 0 0 1
    outer loop
      vertex 9.69037 112.453 56
      vertex 12.8296 113.294 56
      vertex 12.6194 113.913 56
    endloop
  endfacet
  facet normal -0 0 1
    outer loop
      vertex 9.73503 111.772 56
      vertex 12.9572 111.347 56
      vertex 9.75 112 56
    endloop
  endfacet
  facet normal 0 0 1
    outer loop
      vertex 9.61679 112.67 56
      vertex 12.6194 113.913 56
      vertex 12.3301 114.5 56
    endloop
  endfacet
  facet normal 0 0 1
    outer loop
      vertex 12.9572 111.347 56
      vertex 9.73503 111.772 56
      vertex 12.8296 110.706 56
    endloop
  endfacet
  facet normal 0 0 1
    outer loop
      vertex 9.51554 112.875 56
      vertex 12.3301 114.5 56
      vertex 11.9668 115.044 56
    endloop
  endfacet
  facet normal -0 0 1
    outer loop
      vertex 9.69037 111.547 56
      vertex 12.8296 110.706 56
      vertex 9.73503 111.772 56
    endloop
  endfacet
  facet normal 0 0 1
    outer loop
      vertex 9.38837 113.065 56
      vertex 11.9668 115.044 56
      vertex 11.5355 115.536 56
    endloop
  endfacet
  facet normal 0 0 1
    outer loop
      vertex 12.8296 110.706 56
      vertex 9.69037 111.547 56
      vertex 12.6194 110.087 56
    endloop
  endfacet
  facet normal 0 0 1
    outer loop
      vertex 9.23744 113.237 56
      vertex 11.5355 115.536 56
      vertex 11.0438 115.967 56
    endloop
  endfacet
  facet normal -0 0 1
    outer loop
      vertex 9.61679 111.33 56
      vertex 12.6194 110.087 56
      vertex 9.69037 111.547 56
    endloop
  endfacet
  facet normal 0 0 1
    outer loop
      vertex 9.06533 113.388 56
      vertex 11.0438 115.967 56
      vertex 10.5 116.33 56
    endloop
  endfacet
  facet normal 0 0 1
    outer loop
      vertex 12.6194 110.087 56
      vertex 9.61679 111.33 56
      vertex 12.3301 109.5 56
    endloop
  endfacet
  facet normal 0 0 1
    outer loop
      vertex 8.875 113.516 56
      vertex 10.5 116.33 56
      vertex 9.91342 116.619 56
    endloop
  endfacet
  facet normal -0 0 1
    outer loop
      vertex 9.51554 111.125 56
      vertex 12.3301 109.5 56
      vertex 9.61679 111.33 56
    endloop
  endfacet
  facet normal 0 0 1
    outer loop
      vertex 12.3301 109.5 56
      vertex 9.51554 111.125 56
      vertex 11.9668 108.956 56
    endloop
  endfacet
  facet normal 0 0 1
    outer loop
      vertex 12.9572 112.653 56
      vertex 9.73503 112.228 56
      vertex 9.75 112 56
    endloop
  endfacet
  facet normal 0 0 1
    outer loop
      vertex 12.8296 113.294 56
      vertex 9.69037 112.453 56
      vertex 9.73503 112.228 56
    endloop
  endfacet
  facet normal 0 0 1
    outer loop
      vertex 12.6194 113.913 56
      vertex 9.61679 112.67 56
      vertex 9.69037 112.453 56
    endloop
  endfacet
  facet normal 0 0 1
    outer loop
      vertex 12.3301 114.5 56
      vertex 9.51554 112.875 56
      vertex 9.61679 112.67 56
    endloop
  endfacet
  facet normal 0 0 1
    outer loop
      vertex 11.9668 115.044 56
      vertex 9.38837 113.065 56
      vertex 9.51554 112.875 56
    endloop
  endfacet
  facet normal 0 0 1
    outer loop
      vertex 8.6697 113.617 56
      vertex 9.91342 116.619 56
      vertex 9.38138 116.8 56
    endloop
  endfacet
  facet normal 0 0 1
    outer loop
      vertex 11.5355 115.536 56
      vertex 9.23744 113.237 56
      vertex 9.38837 113.065 56
    endloop
  endfacet
  facet normal 0 0 1
    outer loop
      vertex 11.0438 115.967 56
      vertex 9.06533 113.388 56
      vertex 9.23744 113.237 56
    endloop
  endfacet
  facet normal 0 0 1
    outer loop
      vertex 10.5 116.33 56
      vertex 8.875 113.516 56
      vertex 9.06533 113.388 56
    endloop
  endfacet
  facet normal 0 0 1
    outer loop
      vertex 9.91342 116.619 56
      vertex 8.6697 113.617 56
      vertex 8.875 113.516 56
    endloop
  endfacet
  facet normal 0 0 1
    outer loop
      vertex 9.38138 116.8 56
      vertex 8.45293 113.69 56
      vertex 8.6697 113.617 56
    endloop
  endfacet
  facet normal -0 0 1
    outer loop
      vertex 8 116.8 56
      vertex 8.45293 113.69 56
      vertex 9.38138 116.8 56
    endloop
  endfacet
  facet normal 0 0 1
    outer loop
      vertex 8.45293 113.69 56
      vertex 8 116.8 56
      vertex 8.22842 113.735 56
    endloop
  endfacet
  facet normal 0 0 1
    outer loop
      vertex 8 116.8 56
      vertex 8 113.75 56
      vertex 8.22842 113.735 56
    endloop
  endfacet
  facet normal 0 0 1
    outer loop
      vertex 8 116.8 56
      vertex 7.77158 113.735 56
      vertex 8 113.75 56
    endloop
  endfacet
  facet normal -0 0 1
    outer loop
      vertex 7.37347 116.759 56
      vertex 7.77158 113.735 56
      vertex 8 116.8 56
    endloop
  endfacet
  facet normal 0 0 1
    outer loop
      vertex 7.77158 113.735 56
      vertex 7.37347 116.759 56
      vertex 7.54707 113.69 56
    endloop
  endfacet
  facet normal -0 0 1
    outer loop
      vertex 6.75767 116.636 56
      vertex 7.54707 113.69 56
      vertex 7.37347 116.759 56
    endloop
  endfacet
  facet normal 0 0 1
    outer loop
      vertex 7.54707 113.69 56
      vertex 6.75767 116.636 56
      vertex 7.3303 113.617 56
    endloop
  endfacet
  facet normal -0 0 1
    outer loop
      vertex 6.16312 116.435 56
      vertex 7.3303 113.617 56
      vertex 6.75767 116.636 56
    endloop
  endfacet
  facet normal 0 0 1
    outer loop
      vertex 7.3303 113.617 56
      vertex 6.16312 116.435 56
      vertex 7.125 113.516 56
    endloop
  endfacet
  facet normal -0 0 1
    outer loop
      vertex 5.6 116.157 56
      vertex 7.125 113.516 56
      vertex 6.16312 116.435 56
    endloop
  endfacet
  facet normal 0 0 1
    outer loop
      vertex 7.125 113.516 56
      vertex 5.6 116.157 56
      vertex 6.93467 113.388 56
    endloop
  endfacet
  facet normal -0 0 1
    outer loop
      vertex 5.07794 115.808 56
      vertex 6.93467 113.388 56
      vertex 5.6 116.157 56
    endloop
  endfacet
  facet normal 0 0 1
    outer loop
      vertex 6.93467 113.388 56
      vertex 5.07794 115.808 56
      vertex 6.76256 113.237 56
    endloop
  endfacet
  facet normal -0 0 1
    outer loop
      vertex 4.60589 115.394 56
      vertex 6.76256 113.237 56
      vertex 5.07794 115.808 56
    endloop
  endfacet
  facet normal 0 0 1
    outer loop
      vertex 6.76256 113.237 56
      vertex 4.60589 115.394 56
      vertex 6.61163 113.065 56
    endloop
  endfacet
  facet normal 0 0 1
    outer loop
      vertex 6.61163 113.065 56
      vertex 4.1919 114.922 56
      vertex 6.48446 112.875 56
    endloop
  endfacet
  facet normal -0 0 1
    outer loop
      vertex 4.1919 114.922 56
      vertex 6.61163 113.065 56
      vertex 4.60589 115.394 56
    endloop
  endfacet
  facet normal -0 0 1
    outer loop
      vertex 9.38837 110.935 56
      vertex 11.9668 108.956 56
      vertex 9.51554 111.125 56
    endloop
  endfacet
  facet normal 0 0 1
    outer loop
      vertex 11.9668 108.956 56
      vertex 9.38837 110.935 56
      vertex 11.5355 108.464 56
    endloop
  endfacet
  facet normal -0 0 1
    outer loop
      vertex 9.23744 110.763 56
      vertex 11.5355 108.464 56
      vertex 9.38837 110.935 56
    endloop
  endfacet
  facet normal 0 0 1
    outer loop
      vertex 11.5355 108.464 56
      vertex 9.23744 110.763 56
      vertex 11.0438 108.033 56
    endloop
  endfacet
  facet normal -0 0 1
    outer loop
      vertex 9.06533 110.612 56
      vertex 11.0438 108.033 56
      vertex 9.23744 110.763 56
    endloop
  endfacet
  facet normal 0 0 1
    outer loop
      vertex 11.0438 108.033 56
      vertex 9.06533 110.612 56
      vertex 10.5 107.67 56
    endloop
  endfacet
  facet normal -0 0 1
    outer loop
      vertex 8.875 110.484 56
      vertex 10.5 107.67 56
      vertex 9.06533 110.612 56
    endloop
  endfacet
  facet normal 0 0 1
    outer loop
      vertex 10.5 107.67 56
      vertex 8.875 110.484 56
      vertex 9.91342 107.381 56
    endloop
  endfacet
  facet normal -0 0 1
    outer loop
      vertex 8.6697 110.383 56
      vertex 9.91342 107.381 56
      vertex 8.875 110.484 56
    endloop
  endfacet
  facet normal 0 0 1
    outer loop
      vertex 9.91342 107.381 56
      vertex 8.6697 110.383 56
      vertex 9.2941 107.17 56
    endloop
  endfacet
  facet normal -0 0 1
    outer loop
      vertex 8.45293 110.31 56
      vertex 9.2941 107.17 56
      vertex 8.6697 110.383 56
    endloop
  endfacet
  facet normal 0 0 1
    outer loop
      vertex 9.2941 107.17 56
      vertex 8.45293 110.31 56
      vertex 8.65263 107.043 56
    endloop
  endfacet
  facet normal -0 0 1
    outer loop
      vertex 8.22842 110.265 56
      vertex 8.65263 107.043 56
      vertex 8.45293 110.31 56
    endloop
  endfacet
  facet normal -0 0 1
    outer loop
      vertex 8 110.25 56
      vertex 8.65263 107.043 56
      vertex 8.22842 110.265 56
    endloop
  endfacet
  facet normal 0 0 1
    outer loop
      vertex 8 110.25 56
      vertex 8 107 56
      vertex 8.65263 107.043 56
    endloop
  endfacet
  facet normal 0 0 1
    outer loop
      vertex 7.77158 110.265 56
      vertex 8 107 56
      vertex 8 110.25 56
    endloop
  endfacet
  facet normal 0 0 1
    outer loop
      vertex 7.34737 107.043 56
      vertex 7.77158 110.265 56
      vertex 7.54707 110.31 56
    endloop
  endfacet
  facet normal 0 0 1
    outer loop
      vertex 7.77158 110.265 56
      vertex 7.34737 107.043 56
      vertex 8 107 56
    endloop
  endfacet
  facet normal 0 0 1
    outer loop
      vertex 6.7059 107.17 56
      vertex 7.54707 110.31 56
      vertex 7.3303 110.383 56
    endloop
  endfacet
  facet normal 0 0 1
    outer loop
      vertex 6.08658 107.381 56
      vertex 7.3303 110.383 56
      vertex 7.125 110.484 56
    endloop
  endfacet
  facet normal 0 0 1
    outer loop
      vertex 5.5 107.67 56
      vertex 7.125 110.484 56
      vertex 6.93467 110.612 56
    endloop
  endfacet
  facet normal 0 0 1
    outer loop
      vertex 4.95619 108.033 56
      vertex 6.93467 110.612 56
      vertex 6.76256 110.763 56
    endloop
  endfacet
  facet normal 0 0 1
    outer loop
      vertex 7.54707 110.31 56
      vertex 6.7059 107.17 56
      vertex 7.34737 107.043 56
    endloop
  endfacet
  facet normal 0 0 1
    outer loop
      vertex 4.46447 108.464 56
      vertex 6.76256 110.763 56
      vertex 6.61163 110.935 56
    endloop
  endfacet
  facet normal 0 0 1
    outer loop
      vertex 4.03323 108.956 56
      vertex 6.61163 110.935 56
      vertex 6.48446 111.125 56
    endloop
  endfacet
  facet normal 0 0 1
    outer loop
      vertex 3.66987 109.5 56
      vertex 6.48446 111.125 56
      vertex 6.38321 111.33 56
    endloop
  endfacet
  facet normal 0 0 1
    outer loop
      vertex 3.2 110.619 56
      vertex 6.38321 111.33 56
      vertex 6.30963 111.547 56
    endloop
  endfacet
  facet normal 0 0 1
    outer loop
      vertex 3.2 112 56
      vertex 6.30963 111.547 56
      vertex 6.26497 111.772 56
    endloop
  endfacet
  facet normal 0 0 1
    outer loop
      vertex 7.3303 110.383 56
      vertex 6.08658 107.381 56
      vertex 6.7059 107.17 56
    endloop
  endfacet
  facet normal -0 0 1
    outer loop
      vertex 3.2 112 56
      vertex 6.26497 111.772 56
      vertex 6.25 112 56
    endloop
  endfacet
  facet normal -0 0 1
    outer loop
      vertex 3.84308 114.4 56
      vertex 6.48446 112.875 56
      vertex 4.1919 114.922 56
    endloop
  endfacet
  facet normal 0 0 1
    outer loop
      vertex 6.48446 112.875 56
      vertex 3.84308 114.4 56
      vertex 6.38321 112.67 56
    endloop
  endfacet
  facet normal 0 0 1
    outer loop
      vertex 6.30963 111.547 56
      vertex 3.2 112 56
      vertex 3.2 110.619 56
    endloop
  endfacet
  facet normal -0 0 1
    outer loop
      vertex 3.56538 113.837 56
      vertex 6.38321 112.67 56
      vertex 3.84308 114.4 56
    endloop
  endfacet
  facet normal 0 0 1
    outer loop
      vertex 7.125 110.484 56
      vertex 5.5 107.67 56
      vertex 6.08658 107.381 56
    endloop
  endfacet
  facet normal 0 0 1
    outer loop
      vertex 6.38321 112.67 56
      vertex 3.56538 113.837 56
      vertex 6.30963 112.453 56
    endloop
  endfacet
  facet normal 0 0 1
    outer loop
      vertex 6.93467 110.612 56
      vertex 4.95619 108.033 56
      vertex 5.5 107.67 56
    endloop
  endfacet
  facet normal -0 0 1
    outer loop
      vertex 3.36356 113.242 56
      vertex 6.30963 112.453 56
      vertex 3.56538 113.837 56
    endloop
  endfacet
  facet normal 0 0 1
    outer loop
      vertex 6.76256 110.763 56
      vertex 4.46447 108.464 56
      vertex 4.95619 108.033 56
    endloop
  endfacet
  facet normal 0 0 1
    outer loop
      vertex 6.30963 112.453 56
      vertex 3.36356 113.242 56
      vertex 6.26497 112.228 56
    endloop
  endfacet
  facet normal 0 0 1
    outer loop
      vertex 6.61163 110.935 56
      vertex 4.03323 108.956 56
      vertex 4.46447 108.464 56
    endloop
  endfacet
  facet normal -0 0 1
    outer loop
      vertex 3.24106 112.627 56
      vertex 6.26497 112.228 56
      vertex 3.36356 113.242 56
    endloop
  endfacet
  facet normal 0 0 1
    outer loop
      vertex 6.48446 111.125 56
      vertex 3.66987 109.5 56
      vertex 4.03323 108.956 56
    endloop
  endfacet
  facet normal 0 0 1
    outer loop
      vertex 6.26497 112.228 56
      vertex 3.24106 112.627 56
      vertex 6.25 112 56
    endloop
  endfacet
  facet normal 0 0 1
    outer loop
      vertex 6.25 112 56
      vertex 3.24106 112.627 56
      vertex 3.2 112 56
    endloop
  endfacet
  facet normal 0 0 1
    outer loop
      vertex 6.38321 111.33 56
      vertex 3.3806 110.087 56
      vertex 3.66987 109.5 56
    endloop
  endfacet
  facet normal 0 0 1
    outer loop
      vertex 6.38321 111.33 56
      vertex 3.2 110.619 56
      vertex 3.3806 110.087 56
    endloop
  endfacet
  facet normal -0.194213 -0.980959 0
    outer loop
      vertex 6.7059 107.17 3.2
      vertex 7.34737 107.043 56
      vertex 6.7059 107.17 56
    endloop
  endfacet
  facet normal -0.194213 -0.980959 -0
    outer loop
      vertex 7.34737 107.043 56
      vertex 6.7059 107.17 3.2
      vertex 7.34737 107.043 3.2
    endloop
  endfacet
  facet normal -0.0657447 -0.997836 0
    outer loop
      vertex 7.34737 107.043 3.2
      vertex 8 107 56
      vertex 7.34737 107.043 56
    endloop
  endfacet
  facet normal -0.0657447 -0.997836 -0
    outer loop
      vertex 8 107 56
      vertex 7.34737 107.043 3.2
      vertex 8 107 3.2
    endloop
  endfacet
  facet normal -0.980865 -0.194691 0
    outer loop
      vertex 9.73503 112.228 3.2
      vertex 9.69037 112.453 56
      vertex 9.69037 112.453 3.2
    endloop
  endfacet
  facet normal -0.980865 -0.194691 0
    outer loop
      vertex 9.69037 112.453 56
      vertex 9.73503 112.228 3.2
      vertex 9.73503 112.228 56
    endloop
  endfacet
  facet normal -0.980865 -0.194691 0
    outer loop
      vertex 9.73503 112.228 0
      vertex 9.69037 112.453 3.2
      vertex 9.69037 112.453 0
    endloop
  endfacet
  facet normal -0.980865 -0.194691 0
    outer loop
      vertex 9.69037 112.453 3.2
      vertex 9.73503 112.228 0
      vertex 9.73503 112.228 3.2
    endloop
  endfacet
  facet normal -0.997851 -0.0655168 0
    outer loop
      vertex 9.75 112 3.2
      vertex 9.73503 112.228 56
      vertex 9.73503 112.228 3.2
    endloop
  endfacet
  facet normal -0.997851 -0.0655168 0
    outer loop
      vertex 9.73503 112.228 56
      vertex 9.75 112 3.2
      vertex 9.75 112 56
    endloop
  endfacet
  facet normal -0.997851 -0.0655168 0
    outer loop
      vertex 9.75 112 0
      vertex 9.73503 112.228 3.2
      vertex 9.73503 112.228 0
    endloop
  endfacet
  facet normal -0.997851 -0.0655168 0
    outer loop
      vertex 9.73503 112.228 3.2
      vertex 9.75 112 0
      vertex 9.75 112 3.2
    endloop
  endfacet
  facet normal -0.947038 -0.32112 0
    outer loop
      vertex 9.69037 112.453 3.2
      vertex 9.61679 112.67 56
      vertex 9.61679 112.67 3.2
    endloop
  endfacet
  facet normal -0.947038 -0.32112 0
    outer loop
      vertex 9.61679 112.67 56
      vertex 9.69037 112.453 3.2
      vertex 9.69037 112.453 56
    endloop
  endfacet
  facet normal -0.947038 -0.32112 0
    outer loop
      vertex 9.69037 112.453 0
      vertex 9.61679 112.67 3.2
      vertex 9.61679 112.67 0
    endloop
  endfacet
  facet normal -0.947038 -0.32112 0
    outer loop
      vertex 9.61679 112.67 3.2
      vertex 9.69037 112.453 0
      vertex 9.69037 112.453 3.2
    endloop
  endfacet
  facet normal -0.896603 -0.442835 0
    outer loop
      vertex 9.61679 112.67 3.2
      vertex 9.51554 112.875 56
      vertex 9.51554 112.875 3.2
    endloop
  endfacet
  facet normal -0.896603 -0.442835 0
    outer loop
      vertex 9.51554 112.875 56
      vertex 9.61679 112.67 3.2
      vertex 9.61679 112.67 56
    endloop
  endfacet
  facet normal -0.896603 -0.442835 0
    outer loop
      vertex 9.61679 112.67 0
      vertex 9.51554 112.875 3.2
      vertex 9.51554 112.875 0
    endloop
  endfacet
  facet normal -0.896603 -0.442835 0
    outer loop
      vertex 9.51554 112.875 3.2
      vertex 9.61679 112.67 0
      vertex 9.61679 112.67 3.2
    endloop
  endfacet
  facet normal -0.831033 -0.556223 0
    outer loop
      vertex 9.51554 112.875 3.2
      vertex 9.38837 113.065 56
      vertex 9.38837 113.065 3.2
    endloop
  endfacet
  facet normal -0.831033 -0.556223 0
    outer loop
      vertex 9.38837 113.065 56
      vertex 9.51554 112.875 3.2
      vertex 9.51554 112.875 56
    endloop
  endfacet
  facet normal -0.831033 -0.556223 0
    outer loop
      vertex 9.51554 112.875 0
      vertex 9.38837 113.065 3.2
      vertex 9.38837 113.065 0
    endloop
  endfacet
  facet normal -0.831033 -0.556223 0
    outer loop
      vertex 9.38837 113.065 3.2
      vertex 9.51554 112.875 0
      vertex 9.51554 112.875 3.2
    endloop
  endfacet
  facet normal -0.441435 -0.897293 0
    outer loop
      vertex 8.6697 113.617 3.2
      vertex 8.875 113.516 56
      vertex 8.6697 113.617 56
    endloop
  endfacet
  facet normal -0.441435 -0.897293 -0
    outer loop
      vertex 8.875 113.516 56
      vertex 8.6697 113.617 3.2
      vertex 8.875 113.516 3.2
    endloop
  endfacet
  facet normal -0.441435 -0.897293 0
    outer loop
      vertex 8.6697 113.617 0
      vertex 8.875 113.516 3.2
      vertex 8.6697 113.617 3.2
    endloop
  endfacet
  facet normal -0.441435 -0.897293 -0
    outer loop
      vertex 8.875 113.516 3.2
      vertex 8.6697 113.617 0
      vertex 8.875 113.516 0
    endloop
  endfacet
  facet normal -0.751645 -0.659568 0
    outer loop
      vertex 9.38837 113.065 3.2
      vertex 9.23744 113.237 56
      vertex 9.23744 113.237 3.2
    endloop
  endfacet
  facet normal -0.751645 -0.659568 0
    outer loop
      vertex 9.23744 113.237 56
      vertex 9.38837 113.065 3.2
      vertex 9.38837 113.065 56
    endloop
  endfacet
  facet normal -0.751645 -0.659568 0
    outer loop
      vertex 9.38837 113.065 0
      vertex 9.23744 113.237 3.2
      vertex 9.23744 113.237 0
    endloop
  endfacet
  facet normal -0.751645 -0.659568 0
    outer loop
      vertex 9.23744 113.237 3.2
      vertex 9.38837 113.065 0
      vertex 9.38837 113.065 3.2
    endloop
  endfacet
  facet normal -0.558056 -0.829803 0
    outer loop
      vertex 8.875 113.516 3.2
      vertex 9.06533 113.388 56
      vertex 8.875 113.516 56
    endloop
  endfacet
  facet normal -0.558056 -0.829803 -0
    outer loop
      vertex 9.06533 113.388 56
      vertex 8.875 113.516 3.2
      vertex 9.06533 113.388 3.2
    endloop
  endfacet
  facet normal -0.558056 -0.829803 0
    outer loop
      vertex 8.875 113.516 0
      vertex 9.06533 113.388 3.2
      vertex 8.875 113.516 3.2
    endloop
  endfacet
  facet normal -0.558056 -0.829803 -0
    outer loop
      vertex 9.06533 113.388 3.2
      vertex 8.875 113.516 0
      vertex 9.06533 113.388 0
    endloop
  endfacet
  facet normal -0.659503 -0.751702 0
    outer loop
      vertex 9.06533 113.388 3.2
      vertex 9.23744 113.237 56
      vertex 9.06533 113.388 56
    endloop
  endfacet
  facet normal -0.659503 -0.751702 -0
    outer loop
      vertex 9.23744 113.237 56
      vertex 9.06533 113.388 3.2
      vertex 9.23744 113.237 3.2
    endloop
  endfacet
  facet normal -0.659503 -0.751702 0
    outer loop
      vertex 9.06533 113.388 0
      vertex 9.23744 113.237 3.2
      vertex 9.06533 113.388 3.2
    endloop
  endfacet
  facet normal -0.659503 -0.751702 -0
    outer loop
      vertex 9.23744 113.237 3.2
      vertex 9.06533 113.388 0
      vertex 9.23744 113.237 0
    endloop
  endfacet
  facet normal -0.0655274 -0.997851 0
    outer loop
      vertex 8 113.75 3.2
      vertex 8.22842 113.735 56
      vertex 8 113.75 56
    endloop
  endfacet
  facet normal -0.0655274 -0.997851 -0
    outer loop
      vertex 8.22842 113.735 56
      vertex 8 113.75 3.2
      vertex 8.22842 113.735 3.2
    endloop
  endfacet
  facet normal -0.0655274 -0.997851 0
    outer loop
      vertex 8 113.75 0
      vertex 8.22842 113.735 3.2
      vertex 8 113.75 3.2
    endloop
  endfacet
  facet normal -0.0655274 -0.997851 -0
    outer loop
      vertex 8.22842 113.735 3.2
      vertex 8 113.75 0
      vertex 8.22842 113.735 0
    endloop
  endfacet
  facet normal -0.196528 -0.980498 0
    outer loop
      vertex 8.22842 113.735 3.2
      vertex 8.45293 113.69 56
      vertex 8.22842 113.735 56
    endloop
  endfacet
  facet normal -0.196528 -0.980498 -0
    outer loop
      vertex 8.45293 113.69 56
      vertex 8.22842 113.735 3.2
      vertex 8.45293 113.69 3.2
    endloop
  endfacet
  facet normal -0.196528 -0.980498 0
    outer loop
      vertex 8.22842 113.735 0
      vertex 8.45293 113.69 3.2
      vertex 8.22842 113.735 3.2
    endloop
  endfacet
  facet normal -0.196528 -0.980498 -0
    outer loop
      vertex 8.45293 113.69 3.2
      vertex 8.22842 113.735 0
      vertex 8.45293 113.69 0
    endloop
  endfacet
  facet normal -0.319151 -0.947704 0
    outer loop
      vertex 8.45293 113.69 3.2
      vertex 8.6697 113.617 56
      vertex 8.45293 113.69 56
    endloop
  endfacet
  facet normal -0.319151 -0.947704 -0
    outer loop
      vertex 8.6697 113.617 56
      vertex 8.45293 113.69 3.2
      vertex 8.6697 113.617 3.2
    endloop
  endfacet
  facet normal -0.319151 -0.947704 0
    outer loop
      vertex 8.45293 113.69 0
      vertex 8.6697 113.617 3.2
      vertex 8.45293 113.69 3.2
    endloop
  endfacet
  facet normal -0.319151 -0.947704 -0
    outer loop
      vertex 8.6697 113.617 3.2
      vertex 8.45293 113.69 0
      vertex 8.6697 113.617 0
    endloop
  endfacet
  facet normal 0.322643 -0.946521 0
    outer loop
      vertex 263.294 107.17 3.2
      vertex 263.913 107.381 56
      vertex 263.294 107.17 56
    endloop
  endfacet
  facet normal 0.322643 -0.946521 0
    outer loop
      vertex 263.913 107.381 56
      vertex 263.294 107.17 3.2
      vertex 263.913 107.381 3.2
    endloop
  endfacet
  facet normal -0.897161 0.441703 0
    outer loop
      vertex 257.381 113.913 3.2
      vertex 257.67 114.5 56
      vertex 257.67 114.5 3.2
    endloop
  endfacet
  facet normal -0.897161 0.441703 0
    outer loop
      vertex 257.67 114.5 56
      vertex 257.381 113.913 3.2
      vertex 257.381 113.913 56
    endloop
  endfacet
  facet normal -0.555053 0.831815 0
    outer loop
      vertex 259.5 116.33 3.2
      vertex 258.956 115.967 56
      vertex 259.5 116.33 56
    endloop
  endfacet
  facet normal -0.555053 0.831815 0
    outer loop
      vertex 258.956 115.967 56
      vertex 259.5 116.33 3.2
      vertex 258.956 115.967 3.2
    endloop
  endfacet
  facet normal -0.658937 0.752198 0
    outer loop
      vertex 258.956 115.967 3.2
      vertex 258.464 115.536 56
      vertex 258.956 115.967 56
    endloop
  endfacet
  facet normal -0.658937 0.752198 0
    outer loop
      vertex 258.464 115.536 56
      vertex 258.956 115.967 3.2
      vertex 258.464 115.536 3.2
    endloop
  endfacet
  facet normal -0.752198 0.658937 0
    outer loop
      vertex 258.033 115.044 3.2
      vertex 258.464 115.536 56
      vertex 258.464 115.536 3.2
    endloop
  endfacet
  facet normal -0.752198 0.658937 0
    outer loop
      vertex 258.464 115.536 56
      vertex 258.033 115.044 3.2
      vertex 258.033 115.044 56
    endloop
  endfacet
  facet normal 0.946708 -0.322094 0
    outer loop
      vertex 266.619 110.087 56
      vertex 266.8 110.619 3.2
      vertex 266.8 110.619 56
    endloop
  endfacet
  facet normal 0.946708 -0.322094 0
    outer loop
      vertex 266.8 110.619 3.2
      vertex 266.619 110.087 56
      vertex 266.619 110.087 3.2
    endloop
  endfacet
  facet normal -0.997839 0.0657076 0
    outer loop
      vertex 257 112 3.2
      vertex 257.043 112.653 56
      vertex 257.043 112.653 3.2
    endloop
  endfacet
  facet normal -0.997839 0.0657076 0
    outer loop
      vertex 257.043 112.653 56
      vertex 257 112 3.2
      vertex 257 112 56
    endloop
  endfacet
  facet normal -0.322643 -0.946521 0
    outer loop
      vertex 260.087 107.381 3.2
      vertex 260.706 107.17 56
      vertex 260.087 107.381 56
    endloop
  endfacet
  facet normal -0.322643 -0.946521 -0
    outer loop
      vertex 260.706 107.17 56
      vertex 260.087 107.381 3.2
      vertex 260.706 107.17 3.2
    endloop
  endfacet
  facet normal 0.19435 -0.980932 0
    outer loop
      vertex 262.653 107.043 3.2
      vertex 263.294 107.17 56
      vertex 262.653 107.043 56
    endloop
  endfacet
  facet normal 0.19435 -0.980932 0
    outer loop
      vertex 263.294 107.17 56
      vertex 262.653 107.043 3.2
      vertex 263.294 107.17 3.2
    endloop
  endfacet
  facet normal -0.322094 0.946708 0
    outer loop
      vertex 260.619 116.8 3.2
      vertex 260.087 116.619 56
      vertex 260.619 116.8 56
    endloop
  endfacet
  facet normal -0.322094 0.946708 0
    outer loop
      vertex 260.087 116.619 56
      vertex 260.619 116.8 3.2
      vertex 260.087 116.619 3.2
    endloop
  endfacet
  facet normal -0.831815 -0.555053 0
    outer loop
      vertex 258.033 108.956 3.2
      vertex 257.67 109.5 56
      vertex 257.67 109.5 3.2
    endloop
  endfacet
  facet normal -0.831815 -0.555053 0
    outer loop
      vertex 257.67 109.5 56
      vertex 258.033 108.956 3.2
      vertex 258.033 108.956 56
    endloop
  endfacet
  facet normal 0.555053 -0.831815 0
    outer loop
      vertex 264.5 107.67 3.2
      vertex 265.044 108.033 56
      vertex 264.5 107.67 56
    endloop
  endfacet
  facet normal 0.555053 -0.831815 0
    outer loop
      vertex 265.044 108.033 56
      vertex 264.5 107.67 3.2
      vertex 265.044 108.033 3.2
    endloop
  endfacet
  facet normal -0.946521 0.322643 0
    outer loop
      vertex 257.17 113.294 3.2
      vertex 257.381 113.913 56
      vertex 257.381 113.913 3.2
    endloop
  endfacet
  facet normal -0.946521 0.322643 0
    outer loop
      vertex 257.381 113.913 56
      vertex 257.17 113.294 3.2
      vertex 257.17 113.294 56
    endloop
  endfacet
  facet normal -0.441703 0.897161 0
    outer loop
      vertex 260.087 116.619 3.2
      vertex 259.5 116.33 56
      vertex 260.087 116.619 56
    endloop
  endfacet
  facet normal -0.441703 0.897161 0
    outer loop
      vertex 259.5 116.33 56
      vertex 260.087 116.619 3.2
      vertex 259.5 116.33 3.2
    endloop
  endfacet
  facet normal 0.831815 -0.555053 0
    outer loop
      vertex 265.967 108.956 56
      vertex 266.33 109.5 3.2
      vertex 266.33 109.5 56
    endloop
  endfacet
  facet normal 0.831815 -0.555053 0
    outer loop
      vertex 266.33 109.5 3.2
      vertex 265.967 108.956 56
      vertex 265.967 108.956 3.2
    endloop
  endfacet
  facet normal -0.997839 -0.0657076 0
    outer loop
      vertex 257.043 111.347 3.2
      vertex 257 112 56
      vertex 257 112 3.2
    endloop
  endfacet
  facet normal -0.997839 -0.0657076 0
    outer loop
      vertex 257 112 56
      vertex 257.043 111.347 3.2
      vertex 257.043 111.347 56
    endloop
  endfacet
  facet normal -0.946521 -0.322643 0
    outer loop
      vertex 257.381 110.087 3.2
      vertex 257.17 110.706 56
      vertex 257.17 110.706 3.2
    endloop
  endfacet
  facet normal -0.946521 -0.322643 0
    outer loop
      vertex 257.17 110.706 56
      vertex 257.381 110.087 3.2
      vertex 257.381 110.087 56
    endloop
  endfacet
  facet normal -0.658937 -0.752198 0
    outer loop
      vertex 258.464 108.464 3.2
      vertex 258.956 108.033 56
      vertex 258.464 108.464 56
    endloop
  endfacet
  facet normal -0.658937 -0.752198 -0
    outer loop
      vertex 258.956 108.033 56
      vertex 258.464 108.464 3.2
      vertex 258.956 108.033 3.2
    endloop
  endfacet
  facet normal 0.752198 -0.658937 0
    outer loop
      vertex 265.536 108.464 56
      vertex 265.967 108.956 3.2
      vertex 265.967 108.956 56
    endloop
  endfacet
  facet normal 0.752198 -0.658937 0
    outer loop
      vertex 265.967 108.956 3.2
      vertex 265.536 108.464 56
      vertex 265.536 108.464 3.2
    endloop
  endfacet
  facet normal -0.441703 -0.897161 0
    outer loop
      vertex 259.5 107.67 3.2
      vertex 260.087 107.381 56
      vertex 259.5 107.67 56
    endloop
  endfacet
  facet normal -0.441703 -0.897161 -0
    outer loop
      vertex 260.087 107.381 56
      vertex 259.5 107.67 3.2
      vertex 260.087 107.381 3.2
    endloop
  endfacet
  facet normal -0.980932 0.19435 0
    outer loop
      vertex 257.043 112.653 3.2
      vertex 257.17 113.294 56
      vertex 257.17 113.294 3.2
    endloop
  endfacet
  facet normal -0.980932 0.19435 0
    outer loop
      vertex 257.17 113.294 56
      vertex 257.043 112.653 3.2
      vertex 257.043 112.653 56
    endloop
  endfacet
  facet normal 0.0657076 -0.997839 0
    outer loop
      vertex 262 107 3.2
      vertex 262.653 107.043 56
      vertex 262 107 56
    endloop
  endfacet
  facet normal 0.0657076 -0.997839 0
    outer loop
      vertex 262.653 107.043 56
      vertex 262 107 3.2
      vertex 262.653 107.043 3.2
    endloop
  endfacet
  facet normal 0.441703 -0.897161 0
    outer loop
      vertex 263.913 107.381 3.2
      vertex 264.5 107.67 56
      vertex 263.913 107.381 56
    endloop
  endfacet
  facet normal 0.441703 -0.897161 0
    outer loop
      vertex 264.5 107.67 56
      vertex 263.913 107.381 3.2
      vertex 264.5 107.67 3.2
    endloop
  endfacet
  facet normal 0 0 -1
    outer loop
      vertex 263.69 111.547 3.2
      vertex 266.8 112 3.2
      vertex 266.8 110.619 3.2
    endloop
  endfacet
  facet normal 0 -0 -1
    outer loop
      vertex 263.75 112 3.2
      vertex 266.8 112 3.2
      vertex 263.735 111.772 3.2
    endloop
  endfacet
  facet normal 0 0 -1
    outer loop
      vertex 263.617 111.33 3.2
      vertex 266.8 110.619 3.2
      vertex 266.619 110.087 3.2
    endloop
  endfacet
  facet normal 0 0 -1
    outer loop
      vertex 266.8 112 3.2
      vertex 263.75 112 3.2
      vertex 266.759 112.627 3.2
    endloop
  endfacet
  facet normal 0 0 -1
    outer loop
      vertex 263.617 111.33 3.2
      vertex 266.619 110.087 3.2
      vertex 266.33 109.5 3.2
    endloop
  endfacet
  facet normal 0 0 -1
    outer loop
      vertex 263.735 112.228 3.2
      vertex 266.759 112.627 3.2
      vertex 263.75 112 3.2
    endloop
  endfacet
  facet normal 0 0 -1
    outer loop
      vertex 263.516 111.125 3.2
      vertex 266.33 109.5 3.2
      vertex 265.967 108.956 3.2
    endloop
  endfacet
  facet normal -0 0 -1
    outer loop
      vertex 266.759 112.627 3.2
      vertex 263.735 112.228 3.2
      vertex 266.636 113.242 3.2
    endloop
  endfacet
  facet normal 0 0 -1
    outer loop
      vertex 263.388 110.935 3.2
      vertex 265.967 108.956 3.2
      vertex 265.536 108.464 3.2
    endloop
  endfacet
  facet normal -0 0 -1
    outer loop
      vertex 266.636 113.242 3.2
      vertex 263.69 112.453 3.2
      vertex 266.435 113.837 3.2
    endloop
  endfacet
  facet normal 0 0 -1
    outer loop
      vertex 263.237 110.763 3.2
      vertex 265.536 108.464 3.2
      vertex 265.044 108.033 3.2
    endloop
  endfacet
  facet normal 0 0 -1
    outer loop
      vertex 263.617 112.67 3.2
      vertex 266.435 113.837 3.2
      vertex 263.69 112.453 3.2
    endloop
  endfacet
  facet normal 0 0 -1
    outer loop
      vertex 263.065 110.612 3.2
      vertex 265.044 108.033 3.2
      vertex 264.5 107.67 3.2
    endloop
  endfacet
  facet normal -0 0 -1
    outer loop
      vertex 266.435 113.837 3.2
      vertex 263.617 112.67 3.2
      vertex 266.157 114.4 3.2
    endloop
  endfacet
  facet normal 0 0 -1
    outer loop
      vertex 262.875 110.484 3.2
      vertex 264.5 107.67 3.2
      vertex 263.913 107.381 3.2
    endloop
  endfacet
  facet normal 0 0 -1
    outer loop
      vertex 263.516 112.875 3.2
      vertex 266.157 114.4 3.2
      vertex 263.617 112.67 3.2
    endloop
  endfacet
  facet normal -0 0 -1
    outer loop
      vertex 266.157 114.4 3.2
      vertex 263.516 112.875 3.2
      vertex 265.808 114.922 3.2
    endloop
  endfacet
  facet normal 0 0 -1
    outer loop
      vertex 263.69 112.453 3.2
      vertex 266.636 113.242 3.2
      vertex 263.735 112.228 3.2
    endloop
  endfacet
  facet normal 0 0 -1
    outer loop
      vertex 266.8 112 3.2
      vertex 263.69 111.547 3.2
      vertex 263.735 111.772 3.2
    endloop
  endfacet
  facet normal 0 0 -1
    outer loop
      vertex 266.8 110.619 3.2
      vertex 263.617 111.33 3.2
      vertex 263.69 111.547 3.2
    endloop
  endfacet
  facet normal 0 0 -1
    outer loop
      vertex 266.33 109.5 3.2
      vertex 263.516 111.125 3.2
      vertex 263.617 111.33 3.2
    endloop
  endfacet
  facet normal 0 0 -1
    outer loop
      vertex 265.967 108.956 3.2
      vertex 263.388 110.935 3.2
      vertex 263.516 111.125 3.2
    endloop
  endfacet
  facet normal 0 0 -1
    outer loop
      vertex 262.67 110.383 3.2
      vertex 263.913 107.381 3.2
      vertex 263.294 107.17 3.2
    endloop
  endfacet
  facet normal 0 0 -1
    outer loop
      vertex 265.536 108.464 3.2
      vertex 263.237 110.763 3.2
      vertex 263.388 110.935 3.2
    endloop
  endfacet
  facet normal 0 0 -1
    outer loop
      vertex 265.044 108.033 3.2
      vertex 263.065 110.612 3.2
      vertex 263.237 110.763 3.2
    endloop
  endfacet
  facet normal 0 0 -1
    outer loop
      vertex 264.5 107.67 3.2
      vertex 262.875 110.484 3.2
      vertex 263.065 110.612 3.2
    endloop
  endfacet
  facet normal 0 0 -1
    outer loop
      vertex 263.913 107.381 3.2
      vertex 262.67 110.383 3.2
      vertex 262.875 110.484 3.2
    endloop
  endfacet
  facet normal 0 0 -1
    outer loop
      vertex 262.453 110.31 3.2
      vertex 263.294 107.17 3.2
      vertex 262.653 107.043 3.2
    endloop
  endfacet
  facet normal 0 0 -1
    outer loop
      vertex 263.294 107.17 3.2
      vertex 262.453 110.31 3.2
      vertex 262.67 110.383 3.2
    endloop
  endfacet
  facet normal 0 0 -1
    outer loop
      vertex 262.653 107.043 3.2
      vertex 262.228 110.265 3.2
      vertex 262.453 110.31 3.2
    endloop
  endfacet
  facet normal 0 0 -1
    outer loop
      vertex 262 107 3.2
      vertex 262.228 110.265 3.2
      vertex 262.653 107.043 3.2
    endloop
  endfacet
  facet normal 0 0 -1
    outer loop
      vertex 262 107 3.2
      vertex 262 110.25 3.2
      vertex 262.228 110.265 3.2
    endloop
  endfacet
  facet normal 0 0 -1
    outer loop
      vertex 262 107 3.2
      vertex 261.772 110.265 3.2
      vertex 262 110.25 3.2
    endloop
  endfacet
  facet normal 0 0 -1
    outer loop
      vertex 261.347 107.043 3.2
      vertex 261.772 110.265 3.2
      vertex 262 107 3.2
    endloop
  endfacet
  facet normal -0 0 -1
    outer loop
      vertex 261.772 110.265 3.2
      vertex 261.347 107.043 3.2
      vertex 261.547 110.31 3.2
    endloop
  endfacet
  facet normal 0 0 -1
    outer loop
      vertex 260.706 107.17 3.2
      vertex 261.547 110.31 3.2
      vertex 261.347 107.043 3.2
    endloop
  endfacet
  facet normal -0 0 -1
    outer loop
      vertex 261.547 110.31 3.2
      vertex 260.706 107.17 3.2
      vertex 261.33 110.383 3.2
    endloop
  endfacet
  facet normal 0 0 -1
    outer loop
      vertex 260.087 107.381 3.2
      vertex 261.33 110.383 3.2
      vertex 260.706 107.17 3.2
    endloop
  endfacet
  facet normal -0 0 -1
    outer loop
      vertex 261.33 110.383 3.2
      vertex 260.087 107.381 3.2
      vertex 261.125 110.484 3.2
    endloop
  endfacet
  facet normal 0 0 -1
    outer loop
      vertex 259.5 107.67 3.2
      vertex 261.125 110.484 3.2
      vertex 260.087 107.381 3.2
    endloop
  endfacet
  facet normal -0 0 -1
    outer loop
      vertex 261.125 110.484 3.2
      vertex 259.5 107.67 3.2
      vertex 260.935 110.612 3.2
    endloop
  endfacet
  facet normal 0 0 -1
    outer loop
      vertex 258.956 108.033 3.2
      vertex 260.935 110.612 3.2
      vertex 259.5 107.67 3.2
    endloop
  endfacet
  facet normal -0 0 -1
    outer loop
      vertex 260.935 110.612 3.2
      vertex 258.956 108.033 3.2
      vertex 260.763 110.763 3.2
    endloop
  endfacet
  facet normal 0 0 -1
    outer loop
      vertex 258.464 108.464 3.2
      vertex 260.763 110.763 3.2
      vertex 258.956 108.033 3.2
    endloop
  endfacet
  facet normal -0 0 -1
    outer loop
      vertex 260.763 110.763 3.2
      vertex 258.464 108.464 3.2
      vertex 260.612 110.935 3.2
    endloop
  endfacet
  facet normal -0 0 -1
    outer loop
      vertex 260.612 110.935 3.2
      vertex 258.033 108.956 3.2
      vertex 260.484 111.125 3.2
    endloop
  endfacet
  facet normal 0 0 -1
    outer loop
      vertex 258.033 108.956 3.2
      vertex 260.612 110.935 3.2
      vertex 258.464 108.464 3.2
    endloop
  endfacet
  facet normal 0 0 -1
    outer loop
      vertex 263.388 113.065 3.2
      vertex 265.808 114.922 3.2
      vertex 263.516 112.875 3.2
    endloop
  endfacet
  facet normal -0 0 -1
    outer loop
      vertex 265.808 114.922 3.2
      vertex 263.388 113.065 3.2
      vertex 265.394 115.394 3.2
    endloop
  endfacet
  facet normal 0 0 -1
    outer loop
      vertex 263.237 113.237 3.2
      vertex 265.394 115.394 3.2
      vertex 263.388 113.065 3.2
    endloop
  endfacet
  facet normal -0 0 -1
    outer loop
      vertex 265.394 115.394 3.2
      vertex 263.237 113.237 3.2
      vertex 264.922 115.808 3.2
    endloop
  endfacet
  facet normal 0 0 -1
    outer loop
      vertex 263.065 113.388 3.2
      vertex 264.922 115.808 3.2
      vertex 263.237 113.237 3.2
    endloop
  endfacet
  facet normal -0 0 -1
    outer loop
      vertex 264.922 115.808 3.2
      vertex 263.065 113.388 3.2
      vertex 264.4 116.157 3.2
    endloop
  endfacet
  facet normal 0 0 -1
    outer loop
      vertex 262.875 113.516 3.2
      vertex 264.4 116.157 3.2
      vertex 263.065 113.388 3.2
    endloop
  endfacet
  facet normal -0 0 -1
    outer loop
      vertex 264.4 116.157 3.2
      vertex 262.875 113.516 3.2
      vertex 263.837 116.435 3.2
    endloop
  endfacet
  facet normal 0 0 -1
    outer loop
      vertex 262.67 113.617 3.2
      vertex 263.837 116.435 3.2
      vertex 262.875 113.516 3.2
    endloop
  endfacet
  facet normal -0 0 -1
    outer loop
      vertex 263.837 116.435 3.2
      vertex 262.67 113.617 3.2
      vertex 263.242 116.636 3.2
    endloop
  endfacet
  facet normal 0 0 -1
    outer loop
      vertex 262.453 113.69 3.2
      vertex 263.242 116.636 3.2
      vertex 262.67 113.617 3.2
    endloop
  endfacet
  facet normal -0 0 -1
    outer loop
      vertex 263.242 116.636 3.2
      vertex 262.453 113.69 3.2
      vertex 262.627 116.759 3.2
    endloop
  endfacet
  facet normal 0 0 -1
    outer loop
      vertex 262.228 113.735 3.2
      vertex 262.627 116.759 3.2
      vertex 262.453 113.69 3.2
    endloop
  endfacet
  facet normal 0 0 -1
    outer loop
      vertex 262 113.75 3.2
      vertex 262.627 116.759 3.2
      vertex 262.228 113.735 3.2
    endloop
  endfacet
  facet normal 0 0 -1
    outer loop
      vertex 262 113.75 3.2
      vertex 262 116.8 3.2
      vertex 262.627 116.759 3.2
    endloop
  endfacet
  facet normal 0 0 -1
    outer loop
      vertex 261.772 113.735 3.2
      vertex 262 116.8 3.2
      vertex 262 113.75 3.2
    endloop
  endfacet
  facet normal 0 0 -1
    outer loop
      vertex 261.547 113.69 3.2
      vertex 262 116.8 3.2
      vertex 261.772 113.735 3.2
    endloop
  endfacet
  facet normal 0 0 -1
    outer loop
      vertex 260.619 116.8 3.2
      vertex 261.547 113.69 3.2
      vertex 261.33 113.617 3.2
    endloop
  endfacet
  facet normal 0 0 -1
    outer loop
      vertex 260.087 116.619 3.2
      vertex 261.33 113.617 3.2
      vertex 261.125 113.516 3.2
    endloop
  endfacet
  facet normal 0 0 -1
    outer loop
      vertex 259.5 116.33 3.2
      vertex 261.125 113.516 3.2
      vertex 260.935 113.388 3.2
    endloop
  endfacet
  facet normal 0 0 -1
    outer loop
      vertex 258.956 115.967 3.2
      vertex 260.935 113.388 3.2
      vertex 260.763 113.237 3.2
    endloop
  endfacet
  facet normal 0 0 -1
    outer loop
      vertex 261.547 113.69 3.2
      vertex 260.619 116.8 3.2
      vertex 262 116.8 3.2
    endloop
  endfacet
  facet normal 0 0 -1
    outer loop
      vertex 258.464 115.536 3.2
      vertex 260.763 113.237 3.2
      vertex 260.612 113.065 3.2
    endloop
  endfacet
  facet normal 0 0 -1
    outer loop
      vertex 258.033 115.044 3.2
      vertex 260.612 113.065 3.2
      vertex 260.484 112.875 3.2
    endloop
  endfacet
  facet normal 0 0 -1
    outer loop
      vertex 257.67 114.5 3.2
      vertex 260.484 112.875 3.2
      vertex 260.383 112.67 3.2
    endloop
  endfacet
  facet normal 0 0 -1
    outer loop
      vertex 257.381 113.913 3.2
      vertex 260.383 112.67 3.2
      vertex 260.31 112.453 3.2
    endloop
  endfacet
  facet normal 0 0 -1
    outer loop
      vertex 257.17 113.294 3.2
      vertex 260.31 112.453 3.2
      vertex 260.265 112.228 3.2
    endloop
  endfacet
  facet normal 0 0 -1
    outer loop
      vertex 261.33 113.617 3.2
      vertex 260.087 116.619 3.2
      vertex 260.619 116.8 3.2
    endloop
  endfacet
  facet normal 0 0 -1
    outer loop
      vertex 257.043 112.653 3.2
      vertex 260.265 112.228 3.2
      vertex 260.25 112 3.2
    endloop
  endfacet
  facet normal 0 0 -1
    outer loop
      vertex 257.67 109.5 3.2
      vertex 260.484 111.125 3.2
      vertex 258.033 108.956 3.2
    endloop
  endfacet
  facet normal -0 0 -1
    outer loop
      vertex 260.484 111.125 3.2
      vertex 257.67 109.5 3.2
      vertex 260.383 111.33 3.2
    endloop
  endfacet
  facet normal 0 0 -1
    outer loop
      vertex 261.125 113.516 3.2
      vertex 259.5 116.33 3.2
      vertex 260.087 116.619 3.2
    endloop
  endfacet
  facet normal 0 0 -1
    outer loop
      vertex 257.381 110.087 3.2
      vertex 260.383 111.33 3.2
      vertex 257.67 109.5 3.2
    endloop
  endfacet
  facet normal 0 0 -1
    outer loop
      vertex 260.935 113.388 3.2
      vertex 258.956 115.967 3.2
      vertex 259.5 116.33 3.2
    endloop
  endfacet
  facet normal -0 0 -1
    outer loop
      vertex 260.383 111.33 3.2
      vertex 257.381 110.087 3.2
      vertex 260.31 111.547 3.2
    endloop
  endfacet
  facet normal 0 0 -1
    outer loop
      vertex 260.763 113.237 3.2
      vertex 258.464 115.536 3.2
      vertex 258.956 115.967 3.2
    endloop
  endfacet
  facet normal 0 0 -1
    outer loop
      vertex 257.17 110.706 3.2
      vertex 260.31 111.547 3.2
      vertex 257.381 110.087 3.2
    endloop
  endfacet
  facet normal 0 0 -1
    outer loop
      vertex 260.612 113.065 3.2
      vertex 258.033 115.044 3.2
      vertex 258.464 115.536 3.2
    endloop
  endfacet
  facet normal -0 0 -1
    outer loop
      vertex 260.31 111.547 3.2
      vertex 257.17 110.706 3.2
      vertex 260.265 111.772 3.2
    endloop
  endfacet
  facet normal 0 0 -1
    outer loop
      vertex 260.484 112.875 3.2
      vertex 257.67 114.5 3.2
      vertex 258.033 115.044 3.2
    endloop
  endfacet
  facet normal 0 0 -1
    outer loop
      vertex 257.043 111.347 3.2
      vertex 260.265 111.772 3.2
      vertex 257.17 110.706 3.2
    endloop
  endfacet
  facet normal 0 0 -1
    outer loop
      vertex 260.383 112.67 3.2
      vertex 257.381 113.913 3.2
      vertex 257.67 114.5 3.2
    endloop
  endfacet
  facet normal -0 0 -1
    outer loop
      vertex 260.265 111.772 3.2
      vertex 257.043 111.347 3.2
      vertex 260.25 112 3.2
    endloop
  endfacet
  facet normal 0 0 -1
    outer loop
      vertex 260.31 112.453 3.2
      vertex 257.17 113.294 3.2
      vertex 257.381 113.913 3.2
    endloop
  endfacet
  facet normal 0 0 -1
    outer loop
      vertex 257 112 3.2
      vertex 260.25 112 3.2
      vertex 257.043 111.347 3.2
    endloop
  endfacet
  facet normal 0 0 -1
    outer loop
      vertex 260.265 112.228 3.2
      vertex 257.043 112.653 3.2
      vertex 257.17 113.294 3.2
    endloop
  endfacet
  facet normal 0 0 -1
    outer loop
      vertex 260.25 112 3.2
      vertex 257 112 3.2
      vertex 257.043 112.653 3.2
    endloop
  endfacet
  facet normal 0.658937 -0.752198 0
    outer loop
      vertex 265.044 108.033 3.2
      vertex 265.536 108.464 56
      vertex 265.044 108.033 56
    endloop
  endfacet
  facet normal 0.658937 -0.752198 0
    outer loop
      vertex 265.536 108.464 56
      vertex 265.044 108.033 3.2
      vertex 265.536 108.464 3.2
    endloop
  endfacet
  facet normal -0.897161 -0.441703 0
    outer loop
      vertex 257.67 109.5 3.2
      vertex 257.381 110.087 56
      vertex 257.381 110.087 3.2
    endloop
  endfacet
  facet normal -0.897161 -0.441703 0
    outer loop
      vertex 257.381 110.087 56
      vertex 257.67 109.5 3.2
      vertex 257.67 109.5 56
    endloop
  endfacet
  facet normal 0.897161 -0.441703 0
    outer loop
      vertex 266.33 109.5 56
      vertex 266.619 110.087 3.2
      vertex 266.619 110.087 56
    endloop
  endfacet
  facet normal 0.897161 -0.441703 0
    outer loop
      vertex 266.619 110.087 3.2
      vertex 266.33 109.5 56
      vertex 266.33 109.5 3.2
    endloop
  endfacet
  facet normal -0.555053 -0.831815 0
    outer loop
      vertex 258.956 108.033 3.2
      vertex 259.5 107.67 56
      vertex 258.956 108.033 56
    endloop
  endfacet
  facet normal -0.555053 -0.831815 -0
    outer loop
      vertex 259.5 107.67 56
      vertex 258.956 108.033 3.2
      vertex 259.5 107.67 3.2
    endloop
  endfacet
  facet normal -0.980932 -0.19435 0
    outer loop
      vertex 257.17 110.706 3.2
      vertex 257.043 111.347 56
      vertex 257.043 111.347 3.2
    endloop
  endfacet
  facet normal -0.980932 -0.19435 0
    outer loop
      vertex 257.043 111.347 56
      vertex 257.17 110.706 3.2
      vertex 257.17 110.706 56
    endloop
  endfacet
  facet normal -0.752198 -0.658937 0
    outer loop
      vertex 258.464 108.464 3.2
      vertex 258.033 108.956 56
      vertex 258.033 108.956 3.2
    endloop
  endfacet
  facet normal -0.752198 -0.658937 0
    outer loop
      vertex 258.033 108.956 56
      vertex 258.464 108.464 3.2
      vertex 258.464 108.464 56
    endloop
  endfacet
  facet normal 0 0 1
    outer loop
      vertex 266.759 112.627 56
      vertex 263.735 112.228 56
      vertex 263.75 112 56
    endloop
  endfacet
  facet normal 0 0 1
    outer loop
      vertex 264.4 116.157 56
      vertex 263.69 112.453 56
      vertex 263.735 112.228 56
    endloop
  endfacet
  facet normal 0 0 1
    outer loop
      vertex 264.4 116.157 56
      vertex 263.617 112.67 56
      vertex 263.69 112.453 56
    endloop
  endfacet
  facet normal 0 0 1
    outer loop
      vertex 264.4 116.157 56
      vertex 263.516 112.875 56
      vertex 263.617 112.67 56
    endloop
  endfacet
  facet normal 0 0 1
    outer loop
      vertex 264.4 116.157 56
      vertex 263.388 113.065 56
      vertex 263.516 112.875 56
    endloop
  endfacet
  facet normal 0 0 1
    outer loop
      vertex 262.67 113.617 56
      vertex 263.837 116.435 56
      vertex 263.242 116.636 56
    endloop
  endfacet
  facet normal 0 0 1
    outer loop
      vertex 264.4 116.157 56
      vertex 263.237 113.237 56
      vertex 263.388 113.065 56
    endloop
  endfacet
  facet normal 0 0 1
    outer loop
      vertex 264.4 116.157 56
      vertex 263.065 113.388 56
      vertex 263.237 113.237 56
    endloop
  endfacet
  facet normal 0 0 1
    outer loop
      vertex 264.4 116.157 56
      vertex 262.875 113.516 56
      vertex 263.065 113.388 56
    endloop
  endfacet
  facet normal 0 0 1
    outer loop
      vertex 263.837 116.435 56
      vertex 262.67 113.617 56
      vertex 262.875 113.516 56
    endloop
  endfacet
  facet normal 0 0 1
    outer loop
      vertex 262.453 113.69 56
      vertex 263.242 116.636 56
      vertex 262.627 116.759 56
    endloop
  endfacet
  facet normal 0 0 1
    outer loop
      vertex 263.242 116.636 56
      vertex 262.453 113.69 56
      vertex 262.67 113.617 56
    endloop
  endfacet
  facet normal 0 0 1
    outer loop
      vertex 262.627 116.759 56
      vertex 262.228 113.735 56
      vertex 262.453 113.69 56
    endloop
  endfacet
  facet normal 0 0 1
    outer loop
      vertex 262 116.8 56
      vertex 262.228 113.735 56
      vertex 262.627 116.759 56
    endloop
  endfacet
  facet normal 0 0 1
    outer loop
      vertex 262 116.8 56
      vertex 262 113.75 56
      vertex 262.228 113.735 56
    endloop
  endfacet
  facet normal 0 0 1
    outer loop
      vertex 262 116.8 56
      vertex 261.772 113.735 56
      vertex 262 113.75 56
    endloop
  endfacet
  facet normal 0 0 1
    outer loop
      vertex 262 116.8 56
      vertex 261.547 113.69 56
      vertex 261.772 113.735 56
    endloop
  endfacet
  facet normal -0 0 1
    outer loop
      vertex 260.619 116.8 56
      vertex 261.547 113.69 56
      vertex 262 116.8 56
    endloop
  endfacet
  facet normal 0 0 1
    outer loop
      vertex 261.547 113.69 56
      vertex 260.619 116.8 56
      vertex 261.33 113.617 56
    endloop
  endfacet
  facet normal -0 0 1
    outer loop
      vertex 260.087 116.619 56
      vertex 261.33 113.617 56
      vertex 260.619 116.8 56
    endloop
  endfacet
  facet normal 0 0 1
    outer loop
      vertex 261.33 113.617 56
      vertex 260.087 116.619 56
      vertex 261.125 113.516 56
    endloop
  endfacet
  facet normal -0 0 1
    outer loop
      vertex 259.5 116.33 56
      vertex 261.125 113.516 56
      vertex 260.087 116.619 56
    endloop
  endfacet
  facet normal 0 0 1
    outer loop
      vertex 261.125 113.516 56
      vertex 259.5 116.33 56
      vertex 260.935 113.388 56
    endloop
  endfacet
  facet normal -0 0 1
    outer loop
      vertex 258.956 115.967 56
      vertex 260.935 113.388 56
      vertex 259.5 116.33 56
    endloop
  endfacet
  facet normal 0 0 1
    outer loop
      vertex 260.935 113.388 56
      vertex 258.956 115.967 56
      vertex 260.763 113.237 56
    endloop
  endfacet
  facet normal -0 0 1
    outer loop
      vertex 258.464 115.536 56
      vertex 260.763 113.237 56
      vertex 258.956 115.967 56
    endloop
  endfacet
  facet normal 0 0 1
    outer loop
      vertex 260.763 113.237 56
      vertex 258.464 115.536 56
      vertex 260.612 113.065 56
    endloop
  endfacet
  facet normal 0 0 1
    outer loop
      vertex 260.612 113.065 56
      vertex 258.033 115.044 56
      vertex 260.484 112.875 56
    endloop
  endfacet
  facet normal -0 0 1
    outer loop
      vertex 258.033 115.044 56
      vertex 260.612 113.065 56
      vertex 258.464 115.536 56
    endloop
  endfacet
  facet normal 0 0 1
    outer loop
      vertex 263.75 112 56
      vertex 266.8 112 56
      vertex 266.759 112.627 56
    endloop
  endfacet
  facet normal 0 0 1
    outer loop
      vertex 263.735 112.228 56
      vertex 266.759 112.627 56
      vertex 266.636 113.242 56
    endloop
  endfacet
  facet normal 0 0 1
    outer loop
      vertex 266.8 112 56
      vertex 263.75 112 56
      vertex 263.735 111.772 56
    endloop
  endfacet
  facet normal 0 0 1
    outer loop
      vertex 263.735 112.228 56
      vertex 266.636 113.242 56
      vertex 266.435 113.837 56
    endloop
  endfacet
  facet normal 0 0 1
    outer loop
      vertex 263.69 111.547 56
      vertex 266.8 112 56
      vertex 263.735 111.772 56
    endloop
  endfacet
  facet normal 0 0 1
    outer loop
      vertex 263.735 112.228 56
      vertex 266.435 113.837 56
      vertex 266.157 114.4 56
    endloop
  endfacet
  facet normal 0 0 1
    outer loop
      vertex 266.8 112 56
      vertex 263.69 111.547 56
      vertex 266.8 110.619 56
    endloop
  endfacet
  facet normal 0 0 1
    outer loop
      vertex 263.735 112.228 56
      vertex 266.157 114.4 56
      vertex 265.808 114.922 56
    endloop
  endfacet
  facet normal -0 0 1
    outer loop
      vertex 263.617 111.33 56
      vertex 266.8 110.619 56
      vertex 263.69 111.547 56
    endloop
  endfacet
  facet normal 0 0 1
    outer loop
      vertex 263.735 112.228 56
      vertex 265.808 114.922 56
      vertex 265.394 115.394 56
    endloop
  endfacet
  facet normal 0 0 1
    outer loop
      vertex 266.8 110.619 56
      vertex 263.617 111.33 56
      vertex 266.619 110.087 56
    endloop
  endfacet
  facet normal 0 0 1
    outer loop
      vertex 263.735 112.228 56
      vertex 265.394 115.394 56
      vertex 264.922 115.808 56
    endloop
  endfacet
  facet normal 0 0 1
    outer loop
      vertex 266.619 110.087 56
      vertex 263.617 111.33 56
      vertex 266.33 109.5 56
    endloop
  endfacet
  facet normal 0 0 1
    outer loop
      vertex 263.735 112.228 56
      vertex 264.922 115.808 56
      vertex 264.4 116.157 56
    endloop
  endfacet
  facet normal -0 0 1
    outer loop
      vertex 263.516 111.125 56
      vertex 266.33 109.5 56
      vertex 263.617 111.33 56
    endloop
  endfacet
  facet normal 0 0 1
    outer loop
      vertex 262.875 113.516 56
      vertex 264.4 116.157 56
      vertex 263.837 116.435 56
    endloop
  endfacet
  facet normal 0 0 1
    outer loop
      vertex 266.33 109.5 56
      vertex 263.516 111.125 56
      vertex 265.967 108.956 56
    endloop
  endfacet
  facet normal -0 0 1
    outer loop
      vertex 263.388 110.935 56
      vertex 265.967 108.956 56
      vertex 263.516 111.125 56
    endloop
  endfacet
  facet normal 0 0 1
    outer loop
      vertex 265.967 108.956 56
      vertex 263.388 110.935 56
      vertex 265.536 108.464 56
    endloop
  endfacet
  facet normal -0 0 1
    outer loop
      vertex 263.237 110.763 56
      vertex 265.536 108.464 56
      vertex 263.388 110.935 56
    endloop
  endfacet
  facet normal 0 0 1
    outer loop
      vertex 265.536 108.464 56
      vertex 263.237 110.763 56
      vertex 265.044 108.033 56
    endloop
  endfacet
  facet normal -0 0 1
    outer loop
      vertex 263.065 110.612 56
      vertex 265.044 108.033 56
      vertex 263.237 110.763 56
    endloop
  endfacet
  facet normal 0 0 1
    outer loop
      vertex 265.044 108.033 56
      vertex 263.065 110.612 56
      vertex 264.5 107.67 56
    endloop
  endfacet
  facet normal -0 0 1
    outer loop
      vertex 262.875 110.484 56
      vertex 264.5 107.67 56
      vertex 263.065 110.612 56
    endloop
  endfacet
  facet normal 0 0 1
    outer loop
      vertex 264.5 107.67 56
      vertex 262.875 110.484 56
      vertex 263.913 107.381 56
    endloop
  endfacet
  facet normal -0 0 1
    outer loop
      vertex 262.67 110.383 56
      vertex 263.913 107.381 56
      vertex 262.875 110.484 56
    endloop
  endfacet
  facet normal 0 0 1
    outer loop
      vertex 263.913 107.381 56
      vertex 262.67 110.383 56
      vertex 263.294 107.17 56
    endloop
  endfacet
  facet normal -0 0 1
    outer loop
      vertex 262.453 110.31 56
      vertex 263.294 107.17 56
      vertex 262.67 110.383 56
    endloop
  endfacet
  facet normal 0 0 1
    outer loop
      vertex 263.294 107.17 56
      vertex 262.453 110.31 56
      vertex 262.653 107.043 56
    endloop
  endfacet
  facet normal -0 0 1
    outer loop
      vertex 262.228 110.265 56
      vertex 262.653 107.043 56
      vertex 262.453 110.31 56
    endloop
  endfacet
  facet normal -0 0 1
    outer loop
      vertex 262 110.25 56
      vertex 262.653 107.043 56
      vertex 262.228 110.265 56
    endloop
  endfacet
  facet normal 0 0 1
    outer loop
      vertex 262 110.25 56
      vertex 262 107 56
      vertex 262.653 107.043 56
    endloop
  endfacet
  facet normal 0 0 1
    outer loop
      vertex 261.772 110.265 56
      vertex 262 107 56
      vertex 262 110.25 56
    endloop
  endfacet
  facet normal 0 0 1
    outer loop
      vertex 261.347 107.043 56
      vertex 261.772 110.265 56
      vertex 261.547 110.31 56
    endloop
  endfacet
  facet normal 0 0 1
    outer loop
      vertex 261.772 110.265 56
      vertex 261.347 107.043 56
      vertex 262 107 56
    endloop
  endfacet
  facet normal 0 0 1
    outer loop
      vertex 260.706 107.17 56
      vertex 261.547 110.31 56
      vertex 261.33 110.383 56
    endloop
  endfacet
  facet normal 0 0 1
    outer loop
      vertex 260.087 107.381 56
      vertex 261.33 110.383 56
      vertex 261.125 110.484 56
    endloop
  endfacet
  facet normal 0 0 1
    outer loop
      vertex 259.5 107.67 56
      vertex 261.125 110.484 56
      vertex 260.935 110.612 56
    endloop
  endfacet
  facet normal 0 0 1
    outer loop
      vertex 258.956 108.033 56
      vertex 260.935 110.612 56
      vertex 260.763 110.763 56
    endloop
  endfacet
  facet normal 0 0 1
    outer loop
      vertex 261.547 110.31 56
      vertex 260.706 107.17 56
      vertex 261.347 107.043 56
    endloop
  endfacet
  facet normal 0 0 1
    outer loop
      vertex 258.464 108.464 56
      vertex 260.763 110.763 56
      vertex 260.612 110.935 56
    endloop
  endfacet
  facet normal 0 0 1
    outer loop
      vertex 258.033 108.956 56
      vertex 260.612 110.935 56
      vertex 260.484 111.125 56
    endloop
  endfacet
  facet normal 0 0 1
    outer loop
      vertex 257.67 109.5 56
      vertex 260.484 111.125 56
      vertex 260.383 111.33 56
    endloop
  endfacet
  facet normal 0 0 1
    outer loop
      vertex 257.381 110.087 56
      vertex 260.383 111.33 56
      vertex 260.31 111.547 56
    endloop
  endfacet
  facet normal 0 0 1
    outer loop
      vertex 257.17 110.706 56
      vertex 260.31 111.547 56
      vertex 260.265 111.772 56
    endloop
  endfacet
  facet normal 0 0 1
    outer loop
      vertex 261.33 110.383 56
      vertex 260.087 107.381 56
      vertex 260.706 107.17 56
    endloop
  endfacet
  facet normal 0 0 1
    outer loop
      vertex 257.043 111.347 56
      vertex 260.265 111.772 56
      vertex 260.25 112 56
    endloop
  endfacet
  facet normal -0 0 1
    outer loop
      vertex 257.67 114.5 56
      vertex 260.484 112.875 56
      vertex 258.033 115.044 56
    endloop
  endfacet
  facet normal 0 0 1
    outer loop
      vertex 260.484 112.875 56
      vertex 257.67 114.5 56
      vertex 260.383 112.67 56
    endloop
  endfacet
  facet normal 0 0 1
    outer loop
      vertex 261.125 110.484 56
      vertex 259.5 107.67 56
      vertex 260.087 107.381 56
    endloop
  endfacet
  facet normal -0 0 1
    outer loop
      vertex 257.381 113.913 56
      vertex 260.383 112.67 56
      vertex 257.67 114.5 56
    endloop
  endfacet
  facet normal 0 0 1
    outer loop
      vertex 260.935 110.612 56
      vertex 258.956 108.033 56
      vertex 259.5 107.67 56
    endloop
  endfacet
  facet normal 0 0 1
    outer loop
      vertex 260.383 112.67 56
      vertex 257.381 113.913 56
      vertex 260.31 112.453 56
    endloop
  endfacet
  facet normal 0 0 1
    outer loop
      vertex 260.763 110.763 56
      vertex 258.464 108.464 56
      vertex 258.956 108.033 56
    endloop
  endfacet
  facet normal -0 0 1
    outer loop
      vertex 257.17 113.294 56
      vertex 260.31 112.453 56
      vertex 257.381 113.913 56
    endloop
  endfacet
  facet normal 0 0 1
    outer loop
      vertex 260.612 110.935 56
      vertex 258.033 108.956 56
      vertex 258.464 108.464 56
    endloop
  endfacet
  facet normal 0 0 1
    outer loop
      vertex 260.31 112.453 56
      vertex 257.17 113.294 56
      vertex 260.265 112.228 56
    endloop
  endfacet
  facet normal 0 0 1
    outer loop
      vertex 260.484 111.125 56
      vertex 257.67 109.5 56
      vertex 258.033 108.956 56
    endloop
  endfacet
  facet normal -0 0 1
    outer loop
      vertex 257.043 112.653 56
      vertex 260.265 112.228 56
      vertex 257.17 113.294 56
    endloop
  endfacet
  facet normal 0 0 1
    outer loop
      vertex 260.383 111.33 56
      vertex 257.381 110.087 56
      vertex 257.67 109.5 56
    endloop
  endfacet
  facet normal 0 0 1
    outer loop
      vertex 260.265 112.228 56
      vertex 257.043 112.653 56
      vertex 260.25 112 56
    endloop
  endfacet
  facet normal 0 0 1
    outer loop
      vertex 260.31 111.547 56
      vertex 257.17 110.706 56
      vertex 257.381 110.087 56
    endloop
  endfacet
  facet normal 0 0 1
    outer loop
      vertex 257 112 56
      vertex 260.25 112 56
      vertex 257.043 112.653 56
    endloop
  endfacet
  facet normal 0 0 1
    outer loop
      vertex 260.265 111.772 56
      vertex 257.043 111.347 56
      vertex 257.17 110.706 56
    endloop
  endfacet
  facet normal 0 0 1
    outer loop
      vertex 260.25 112 56
      vertex 257 112 56
      vertex 257.043 111.347 56
    endloop
  endfacet
  facet normal -0.19435 -0.980932 0
    outer loop
      vertex 260.706 107.17 3.2
      vertex 261.347 107.043 56
      vertex 260.706 107.17 56
    endloop
  endfacet
  facet normal -0.19435 -0.980932 -0
    outer loop
      vertex 261.347 107.043 56
      vertex 260.706 107.17 3.2
      vertex 261.347 107.043 3.2
    endloop
  endfacet
  facet normal -0.831815 0.555053 0
    outer loop
      vertex 257.67 114.5 3.2
      vertex 258.033 115.044 56
      vertex 258.033 115.044 3.2
    endloop
  endfacet
  facet normal -0.831815 0.555053 0
    outer loop
      vertex 258.033 115.044 56
      vertex 257.67 114.5 3.2
      vertex 257.67 114.5 56
    endloop
  endfacet
  facet normal -0.0657076 -0.997839 0
    outer loop
      vertex 261.347 107.043 3.2
      vertex 262 107 56
      vertex 261.347 107.043 56
    endloop
  endfacet
  facet normal -0.0657076 -0.997839 -0
    outer loop
      vertex 262 107 56
      vertex 261.347 107.043 3.2
      vertex 262 107 3.2
    endloop
  endfacet
  facet normal -0.980581 -0.196116 0
    outer loop
      vertex 263.735 112.228 3.2
      vertex 263.69 112.453 56
      vertex 263.69 112.453 3.2
    endloop
  endfacet
  facet normal -0.980581 -0.196116 0
    outer loop
      vertex 263.69 112.453 56
      vertex 263.735 112.228 3.2
      vertex 263.735 112.228 56
    endloop
  endfacet
  facet normal -0.980581 -0.196116 0
    outer loop
      vertex 263.735 112.228 0
      vertex 263.69 112.453 3.2
      vertex 263.69 112.453 0
    endloop
  endfacet
  facet normal -0.980581 -0.196116 0
    outer loop
      vertex 263.69 112.453 3.2
      vertex 263.735 112.228 0
      vertex 263.735 112.228 3.2
    endloop
  endfacet
  facet normal -0.997843 -0.0656476 0
    outer loop
      vertex 263.75 112 3.2
      vertex 263.735 112.228 56
      vertex 263.735 112.228 3.2
    endloop
  endfacet
  facet normal -0.997843 -0.0656476 0
    outer loop
      vertex 263.735 112.228 56
      vertex 263.75 112 3.2
      vertex 263.75 112 56
    endloop
  endfacet
  facet normal -0.997843 -0.0656476 0
    outer loop
      vertex 263.75 112 0
      vertex 263.735 112.228 3.2
      vertex 263.735 112.228 0
    endloop
  endfacet
  facet normal -0.997843 -0.0656476 0
    outer loop
      vertex 263.735 112.228 3.2
      vertex 263.75 112 0
      vertex 263.75 112 3.2
    endloop
  endfacet
  facet normal -0.947806 -0.318847 0
    outer loop
      vertex 263.69 112.453 3.2
      vertex 263.617 112.67 56
      vertex 263.617 112.67 3.2
    endloop
  endfacet
  facet normal -0.947806 -0.318847 0
    outer loop
      vertex 263.617 112.67 56
      vertex 263.69 112.453 3.2
      vertex 263.69 112.453 56
    endloop
  endfacet
  facet normal -0.947806 -0.318847 0
    outer loop
      vertex 263.69 112.453 0
      vertex 263.617 112.67 3.2
      vertex 263.617 112.67 0
    endloop
  endfacet
  facet normal -0.947806 -0.318847 0
    outer loop
      vertex 263.617 112.67 3.2
      vertex 263.69 112.453 0
      vertex 263.69 112.453 3.2
    endloop
  endfacet
  facet normal -0.897037 -0.441955 0
    outer loop
      vertex 263.617 112.67 3.2
      vertex 263.516 112.875 56
      vertex 263.516 112.875 3.2
    endloop
  endfacet
  facet normal -0.897037 -0.441955 0
    outer loop
      vertex 263.516 112.875 56
      vertex 263.617 112.67 3.2
      vertex 263.617 112.67 56
    endloop
  endfacet
  facet normal -0.897037 -0.441955 0
    outer loop
      vertex 263.617 112.67 0
      vertex 263.516 112.875 3.2
      vertex 263.516 112.875 0
    endloop
  endfacet
  facet normal -0.897037 -0.441955 0
    outer loop
      vertex 263.516 112.875 3.2
      vertex 263.617 112.67 0
      vertex 263.617 112.67 3.2
    endloop
  endfacet
  facet normal -0.829354 -0.558723 0
    outer loop
      vertex 263.516 112.875 3.2
      vertex 263.388 113.065 56
      vertex 263.388 113.065 3.2
    endloop
  endfacet
  facet normal -0.829354 -0.558723 0
    outer loop
      vertex 263.388 113.065 56
      vertex 263.516 112.875 3.2
      vertex 263.516 112.875 56
    endloop
  endfacet
  facet normal -0.829354 -0.558723 0
    outer loop
      vertex 263.516 112.875 0
      vertex 263.388 113.065 3.2
      vertex 263.388 113.065 0
    endloop
  endfacet
  facet normal -0.829354 -0.558723 0
    outer loop
      vertex 263.388 113.065 3.2
      vertex 263.516 112.875 0
      vertex 263.516 112.875 3.2
    endloop
  endfacet
  facet normal -0.441955 -0.897037 0
    outer loop
      vertex 262.67 113.617 3.2
      vertex 262.875 113.516 56
      vertex 262.67 113.617 56
    endloop
  endfacet
  facet normal -0.441955 -0.897037 -0
    outer loop
      vertex 262.875 113.516 56
      vertex 262.67 113.617 3.2
      vertex 262.875 113.516 3.2
    endloop
  endfacet
  facet normal -0.441955 -0.897037 0
    outer loop
      vertex 262.67 113.617 0
      vertex 262.875 113.516 3.2
      vertex 262.67 113.617 3.2
    endloop
  endfacet
  facet normal -0.441955 -0.897037 -0
    outer loop
      vertex 262.875 113.516 3.2
      vertex 262.67 113.617 0
      vertex 262.875 113.516 0
    endloop
  endfacet
  facet normal -0.751493 -0.659741 0
    outer loop
      vertex 263.388 113.065 3.2
      vertex 263.237 113.237 56
      vertex 263.237 113.237 3.2
    endloop
  endfacet
  facet normal -0.751493 -0.659741 0
    outer loop
      vertex 263.237 113.237 56
      vertex 263.388 113.065 3.2
      vertex 263.388 113.065 56
    endloop
  endfacet
  facet normal -0.751493 -0.659741 0
    outer loop
      vertex 263.388 113.065 0
      vertex 263.237 113.237 3.2
      vertex 263.237 113.237 0
    endloop
  endfacet
  facet normal -0.751493 -0.659741 0
    outer loop
      vertex 263.237 113.237 3.2
      vertex 263.388 113.065 0
      vertex 263.388 113.065 3.2
    endloop
  endfacet
  facet normal -0.558723 -0.829354 0
    outer loop
      vertex 262.875 113.516 3.2
      vertex 263.065 113.388 56
      vertex 262.875 113.516 56
    endloop
  endfacet
  facet normal -0.558723 -0.829354 -0
    outer loop
      vertex 263.065 113.388 56
      vertex 262.875 113.516 3.2
      vertex 263.065 113.388 3.2
    endloop
  endfacet
  facet normal -0.558723 -0.829354 0
    outer loop
      vertex 262.875 113.516 0
      vertex 263.065 113.388 3.2
      vertex 262.875 113.516 3.2
    endloop
  endfacet
  facet normal -0.558723 -0.829354 -0
    outer loop
      vertex 263.065 113.388 3.2
      vertex 262.875 113.516 0
      vertex 263.065 113.388 0
    endloop
  endfacet
  facet normal -0.659741 -0.751493 0
    outer loop
      vertex 263.065 113.388 3.2
      vertex 263.237 113.237 56
      vertex 263.065 113.388 56
    endloop
  endfacet
  facet normal -0.659741 -0.751493 -0
    outer loop
      vertex 263.237 113.237 56
      vertex 263.065 113.388 3.2
      vertex 263.237 113.237 3.2
    endloop
  endfacet
  facet normal -0.659741 -0.751493 0
    outer loop
      vertex 263.065 113.388 0
      vertex 263.237 113.237 3.2
      vertex 263.065 113.388 3.2
    endloop
  endfacet
  facet normal -0.659741 -0.751493 -0
    outer loop
      vertex 263.237 113.237 3.2
      vertex 263.065 113.388 0
      vertex 263.237 113.237 0
    endloop
  endfacet
  facet normal -0.0656476 -0.997843 0
    outer loop
      vertex 262 113.75 3.2
      vertex 262.228 113.735 56
      vertex 262 113.75 56
    endloop
  endfacet
  facet normal -0.0656476 -0.997843 -0
    outer loop
      vertex 262.228 113.735 56
      vertex 262 113.75 3.2
      vertex 262.228 113.735 3.2
    endloop
  endfacet
  facet normal -0.0656476 -0.997843 0
    outer loop
      vertex 262 113.75 0
      vertex 262.228 113.735 3.2
      vertex 262 113.75 3.2
    endloop
  endfacet
  facet normal -0.0656476 -0.997843 -0
    outer loop
      vertex 262.228 113.735 3.2
      vertex 262 113.75 0
      vertex 262.228 113.735 0
    endloop
  endfacet
  facet normal -0.196116 -0.980581 0
    outer loop
      vertex 262.228 113.735 3.2
      vertex 262.453 113.69 56
      vertex 262.228 113.735 56
    endloop
  endfacet
  facet normal -0.196116 -0.980581 -0
    outer loop
      vertex 262.453 113.69 56
      vertex 262.228 113.735 3.2
      vertex 262.453 113.69 3.2
    endloop
  endfacet
  facet normal -0.196116 -0.980581 0
    outer loop
      vertex 262.228 113.735 0
      vertex 262.453 113.69 3.2
      vertex 262.228 113.735 3.2
    endloop
  endfacet
  facet normal -0.196116 -0.980581 -0
    outer loop
      vertex 262.453 113.69 3.2
      vertex 262.228 113.735 0
      vertex 262.453 113.69 0
    endloop
  endfacet
  facet normal -0.318847 -0.947806 0
    outer loop
      vertex 262.453 113.69 3.2
      vertex 262.67 113.617 56
      vertex 262.453 113.69 56
    endloop
  endfacet
  facet normal -0.318847 -0.947806 -0
    outer loop
      vertex 262.67 113.617 56
      vertex 262.453 113.69 3.2
      vertex 262.67 113.617 3.2
    endloop
  endfacet
  facet normal -0.318847 -0.947806 0
    outer loop
      vertex 262.453 113.69 0
      vertex 262.67 113.617 3.2
      vertex 262.453 113.69 3.2
    endloop
  endfacet
  facet normal -0.318847 -0.947806 -0
    outer loop
      vertex 262.67 113.617 3.2
      vertex 262.453 113.69 0
      vertex 262.67 113.617 0
    endloop
  endfacet
  facet normal 1 -0 0
    outer loop
      vertex 90 10 12.2
      vertex 90 12 3.2
      vertex 90 12 12.2
    endloop
  endfacet
  facet normal 1 0 0
    outer loop
      vertex 90 12 3.2
      vertex 90 10 12.2
      vertex 90 10 3.2
    endloop
  endfacet
  facet normal 0 0 1
    outer loop
      vertex 89.6 48.6 12.2
      vertex 90 49 12.2
      vertex 90 51 12.2
    endloop
  endfacet
  facet normal 0 0 1
    outer loop
      vertex 90 49 12.2
      vertex 89.6 48.6 12.2
      vertex 90 12 12.2
    endloop
  endfacet
  facet normal -0 0 1
    outer loop
      vertex 89.6 12.4 12.2
      vertex 90 12 12.2
      vertex 89.6 48.6 12.2
    endloop
  endfacet
  facet normal -0 0 1
    outer loop
      vertex 72 51 12.2
      vertex 89.6 48.6 12.2
      vertex 90 51 12.2
    endloop
  endfacet
  facet normal 0 0 1
    outer loop
      vertex 89.6 48.6 12.2
      vertex 72 51 12.2
      vertex 72 48.6 12.2
    endloop
  endfacet
  facet normal -0 0 1
    outer loop
      vertex 90 49 12.2
      vertex 92 12 12.2
      vertex 92 49 12.2
    endloop
  endfacet
  facet normal 0 0 1
    outer loop
      vertex 92 12 12.2
      vertex 90 49 12.2
      vertex 90 12 12.2
    endloop
  endfacet
  facet normal 0 0 1
    outer loop
      vertex 90 12 12.2
      vertex 89.6 12.4 12.2
      vertex 90 10 12.2
    endloop
  endfacet
  facet normal 0 0 1
    outer loop
      vertex 89.6 12.4 12.2
      vertex 12.5767 10 12.2
      vertex 90 10 12.2
    endloop
  endfacet
  facet normal -0 0 1
    outer loop
      vertex 12.4 12.4 12.2
      vertex 12.5767 10 12.2
      vertex 89.6 12.4 12.2
    endloop
  endfacet
  facet normal 0 0 1
    outer loop
      vertex 12.5767 10 12.2
      vertex 12.4 12.4 12.2
      vertex 12.3301 10.5 12.2
    endloop
  endfacet
  facet normal 0 0 1
    outer loop
      vertex 12.4 12.4 12.2
      vertex 10.9941 12 12.2
      vertex 12 12 12.2
    endloop
  endfacet
  facet normal 0 0 1
    outer loop
      vertex 12.4 48.6 12.2
      vertex 10.5 12.3301 12.2
      vertex 10.9941 12 12.2
    endloop
  endfacet
  facet normal 0 0 1
    outer loop
      vertex 12.4 48.6 12.2
      vertex 10 49 12.2
      vertex 10 12.5767 12.2
    endloop
  endfacet
  facet normal 0 0 1
    outer loop
      vertex 12.4 48.6 12.2
      vertex 10 12.5767 12.2
      vertex 10.5 12.3301 12.2
    endloop
  endfacet
  facet normal 0 0 1
    outer loop
      vertex 30 51 12.2
      vertex 12.4 48.6 12.2
      vertex 30 48.6 12.2
    endloop
  endfacet
  facet normal 0 0 1
    outer loop
      vertex 10.9941 12 12.2
      vertex 12.4 12.4 12.2
      vertex 12.4 48.6 12.2
    endloop
  endfacet
  facet normal -0 0 1
    outer loop
      vertex 12 51 12.2
      vertex 12.4 48.6 12.2
      vertex 30 51 12.2
    endloop
  endfacet
  facet normal -0 0 1
    outer loop
      vertex 12 49 12.2
      vertex 12.4 48.6 12.2
      vertex 12 51 12.2
    endloop
  endfacet
  facet normal -0 0 1
    outer loop
      vertex 10 49 12.2
      vertex 12.4 48.6 12.2
      vertex 12 49 12.2
    endloop
  endfacet
  facet normal 0 0 1
    outer loop
      vertex 12 10.9941 12.2
      vertex 12.4 12.4 12.2
      vertex 12 12 12.2
    endloop
  endfacet
  facet normal 0 0 1
    outer loop
      vertex 12.4 12.4 12.2
      vertex 12 10.9941 12.2
      vertex 12.3301 10.5 12.2
    endloop
  endfacet
  facet normal -0 0 1
    outer loop
      vertex 33 51 12.2
      vertex 69 48.6 12.2
      vertex 69 51 12.2
    endloop
  endfacet
  facet normal 0 0 1
    outer loop
      vertex 69 48.6 12.2
      vertex 33 51 12.2
      vertex 33 48.6 12.2
    endloop
  endfacet
  facet normal -1 0 0
    outer loop
      vertex 12 12 3.2
      vertex 12 10.9941 3.2
      vertex 12 12 12.2
    endloop
  endfacet
  facet normal 0 0 0
    outer loop
      vertex 12 10 3.2
      vertex 12 10.9941 3.2
      vertex 12 12 3.2
    endloop
  endfacet
  facet normal -1 -0 0
    outer loop
      vertex 12 12 12.2
      vertex 12 10.9941 3.2
      vertex 12 10.9941 12.2
    endloop
  endfacet
  facet normal 0 1 -0
    outer loop
      vertex 89.6 12.4 3.2
      vertex 12.4 12.4 12.2
      vertex 89.6 12.4 12.2
    endloop
  endfacet
  facet normal 0 1 0
    outer loop
      vertex 12.4 12.4 12.2
      vertex 89.6 12.4 3.2
      vertex 12.4 12.4 3.2
    endloop
  endfacet
  facet normal 0 -1 0
    outer loop
      vertex 12.5767 10 3.2
      vertex 90 10 12.2
      vertex 12.5767 10 12.2
    endloop
  endfacet
  facet normal 0 -1 0
    outer loop
      vertex 12.5767 10 3.2
      vertex 90 10 3.2
      vertex 90 10 12.2
    endloop
  endfacet
  facet normal 0 0 0
    outer loop
      vertex 90 10 3.2
      vertex 12.5767 10 3.2
      vertex 12 10 3.2
    endloop
  endfacet
  facet normal 1 -0 0
    outer loop
      vertex 90 49 12.2
      vertex 90 51 3.2
      vertex 90 51 12.2
    endloop
  endfacet
  facet normal 1 0 0
    outer loop
      vertex 90 51 3.2
      vertex 90 49 12.2
      vertex 90 49 3.2
    endloop
  endfacet
  facet normal -1 0 0
    outer loop
      vertex 12 49 3.2
      vertex 12 51 12.2
      vertex 12 51 3.2
    endloop
  endfacet
  facet normal -1 -0 0
    outer loop
      vertex 12 51 12.2
      vertex 12 49 3.2
      vertex 12 49 12.2
    endloop
  endfacet
  facet normal 0 1 0
    outer loop
      vertex 90 51 12.2
      vertex 72 51 5.2
      vertex 72 51 12.2
    endloop
  endfacet
  facet normal 0 1 0
    outer loop
      vertex 90 51 3.2
      vertex 69 51 5.2
      vertex 72 51 5.2
    endloop
  endfacet
  facet normal 0 1 0
    outer loop
      vertex 69 51 5.2
      vertex 90 51 3.2
      vertex 33 51 5.2
    endloop
  endfacet
  facet normal 0 1 0
    outer loop
      vertex 12 51 3.2
      vertex 33 51 5.2
      vertex 90 51 3.2
    endloop
  endfacet
  facet normal 0 1 -0
    outer loop
      vertex 90 51 3.2
      vertex 72 51 5.2
      vertex 90 51 12.2
    endloop
  endfacet
  facet normal 0 1 -0
    outer loop
      vertex 69 51 5.2
      vertex 33 51 12.2
      vertex 69 51 12.2
    endloop
  endfacet
  facet normal 0 1 0
    outer loop
      vertex 33 51 12.2
      vertex 69 51 5.2
      vertex 33 51 5.2
    endloop
  endfacet
  facet normal 0 1 -0
    outer loop
      vertex 30 51 5.2
      vertex 12 51 12.2
      vertex 30 51 12.2
    endloop
  endfacet
  facet normal 0 1 0
    outer loop
      vertex 30 51 5.2
      vertex 12 51 3.2
      vertex 12 51 12.2
    endloop
  endfacet
  facet normal 0 1 0
    outer loop
      vertex 33 51 5.2
      vertex 12 51 3.2
      vertex 30 51 5.2
    endloop
  endfacet
  facet normal 0 -1 0
    outer loop
      vertex 12.4 48.6 12.2
      vertex 30 48.6 5.2
      vertex 30 48.6 12.2
    endloop
  endfacet
  facet normal 0 -1 0
    outer loop
      vertex 12.4 48.6 3.2
      vertex 33 48.6 5.2
      vertex 30 48.6 5.2
    endloop
  endfacet
  facet normal 0 -1 -0
    outer loop
      vertex 33 48.6 5.2
      vertex 12.4 48.6 3.2
      vertex 69 48.6 5.2
    endloop
  endfacet
  facet normal 0 -1 0
    outer loop
      vertex 89.6 48.6 3.2
      vertex 69 48.6 5.2
      vertex 12.4 48.6 3.2
    endloop
  endfacet
  facet normal 0 -1 0
    outer loop
      vertex 12.4 48.6 3.2
      vertex 30 48.6 5.2
      vertex 12.4 48.6 12.2
    endloop
  endfacet
  facet normal 0 -1 0
    outer loop
      vertex 33 48.6 5.2
      vertex 69 48.6 12.2
      vertex 33 48.6 12.2
    endloop
  endfacet
  facet normal 0 -1 -0
    outer loop
      vertex 69 48.6 12.2
      vertex 33 48.6 5.2
      vertex 69 48.6 5.2
    endloop
  endfacet
  facet normal 0 -1 0
    outer loop
      vertex 72 48.6 5.2
      vertex 89.6 48.6 12.2
      vertex 72 48.6 12.2
    endloop
  endfacet
  facet normal 0 -1 0
    outer loop
      vertex 72 48.6 5.2
      vertex 89.6 48.6 3.2
      vertex 89.6 48.6 12.2
    endloop
  endfacet
  facet normal 0 -1 0
    outer loop
      vertex 69 48.6 5.2
      vertex 89.6 48.6 3.2
      vertex 72 48.6 5.2
    endloop
  endfacet
  facet normal 1 -0 0
    outer loop
      vertex 12.4 12.4 12.2
      vertex 12.4 48.6 3.2
      vertex 12.4 48.6 12.2
    endloop
  endfacet
  facet normal 1 0 0
    outer loop
      vertex 12.4 48.6 3.2
      vertex 12.4 12.4 12.2
      vertex 12.4 12.4 3.2
    endloop
  endfacet
  facet normal -1 0 0
    outer loop
      vertex 10 49 3.2
      vertex 10 12.5767 3.2
      vertex 10 49 12.2
    endloop
  endfacet
  facet normal 0 0 0
    outer loop
      vertex 10 12 3.2
      vertex 10 12.5767 3.2
      vertex 10 49 3.2
    endloop
  endfacet
  facet normal -1 -0 0
    outer loop
      vertex 10 49 12.2
      vertex 10 12.5767 3.2
      vertex 10 12.5767 12.2
    endloop
  endfacet
  facet normal 0 1 -0
    outer loop
      vertex 12 49 3.2
      vertex 10 49 12.2
      vertex 12 49 12.2
    endloop
  endfacet
  facet normal 0 1 0
    outer loop
      vertex 10 49 12.2
      vertex 12 49 3.2
      vertex 10 49 3.2
    endloop
  endfacet
  facet normal 0 -1 0
    outer loop
      vertex 10.9941 12 3.2
      vertex 12 12 12.2
      vertex 10.9941 12 12.2
    endloop
  endfacet
  facet normal 0 -1 0
    outer loop
      vertex 10.9941 12 3.2
      vertex 12 12 3.2
      vertex 12 12 12.2
    endloop
  endfacet
  facet normal 0 0 0
    outer loop
      vertex 12 12 3.2
      vertex 10.9941 12 3.2
      vertex 10 12 3.2
    endloop
  endfacet
  facet normal 1 -0 0
    outer loop
      vertex 92 12 12.2
      vertex 92 49 3.2
      vertex 92 49 12.2
    endloop
  endfacet
  facet normal 1 0 0
    outer loop
      vertex 92 49 3.2
      vertex 92 12 12.2
      vertex 92 12 3.2
    endloop
  endfacet
  facet normal -1 0 0
    outer loop
      vertex 89.6 12.4 3.2
      vertex 89.6 48.6 12.2
      vertex 89.6 48.6 3.2
    endloop
  endfacet
  facet normal -1 -0 0
    outer loop
      vertex 89.6 48.6 12.2
      vertex 89.6 12.4 3.2
      vertex 89.6 12.4 12.2
    endloop
  endfacet
  facet normal 0 1 -0
    outer loop
      vertex 92 49 3.2
      vertex 90 49 12.2
      vertex 92 49 12.2
    endloop
  endfacet
  facet normal 0 1 0
    outer loop
      vertex 90 49 12.2
      vertex 92 49 3.2
      vertex 90 49 3.2
    endloop
  endfacet
  facet normal 0 -1 0
    outer loop
      vertex 90 12 3.2
      vertex 92 12 12.2
      vertex 90 12 12.2
    endloop
  endfacet
  facet normal 0 -1 -0
    outer loop
      vertex 92 12 12.2
      vertex 90 12 3.2
      vertex 92 12 3.2
    endloop
  endfacet
  facet normal 1 -0 0
    outer loop
      vertex 174 10 12.2
      vertex 174 12 3.2
      vertex 174 12 12.2
    endloop
  endfacet
  facet normal 1 0 0
    outer loop
      vertex 174 12 3.2
      vertex 174 10 12.2
      vertex 174 10 3.2
    endloop
  endfacet
  facet normal 0 0 1
    outer loop
      vertex 114 51 12.2
      vertex 96.4 48.6 12.2
      vertex 114 48.6 12.2
    endloop
  endfacet
  facet normal -0 0 1
    outer loop
      vertex 96 49 12.2
      vertex 96.4 48.6 12.2
      vertex 96 51 12.2
    endloop
  endfacet
  facet normal -0 0 1
    outer loop
      vertex 96 51 12.2
      vertex 96.4 48.6 12.2
      vertex 114 51 12.2
    endloop
  endfacet
  facet normal 0 0 1
    outer loop
      vertex 173.6 48.6 12.2
      vertex 174 49 12.2
      vertex 174 51 12.2
    endloop
  endfacet
  facet normal 0 0 1
    outer loop
      vertex 174 49 12.2
      vertex 173.6 48.6 12.2
      vertex 174 12 12.2
    endloop
  endfacet
  facet normal -0 0 1
    outer loop
      vertex 173.6 12.4 12.2
      vertex 174 12 12.2
      vertex 173.6 48.6 12.2
    endloop
  endfacet
  facet normal -0 0 1
    outer loop
      vertex 156 51 12.2
      vertex 173.6 48.6 12.2
      vertex 174 51 12.2
    endloop
  endfacet
  facet normal 0 0 1
    outer loop
      vertex 173.6 48.6 12.2
      vertex 156 51 12.2
      vertex 156 48.6 12.2
    endloop
  endfacet
  facet normal -0 0 1
    outer loop
      vertex 174 49 12.2
      vertex 176 12 12.2
      vertex 176 49 12.2
    endloop
  endfacet
  facet normal 0 0 1
    outer loop
      vertex 176 12 12.2
      vertex 174 49 12.2
      vertex 174 12 12.2
    endloop
  endfacet
  facet normal 0 0 1
    outer loop
      vertex 174 12 12.2
      vertex 173.6 12.4 12.2
      vertex 174 10 12.2
    endloop
  endfacet
  facet normal -0 0 1
    outer loop
      vertex 96.4 12.4 12.2
      vertex 174 10 12.2
      vertex 173.6 12.4 12.2
    endloop
  endfacet
  facet normal -0 0 1
    outer loop
      vertex 94 49 12.2
      vertex 96.4 48.6 12.2
      vertex 96 49 12.2
    endloop
  endfacet
  facet normal 0 0 1
    outer loop
      vertex 96.4 48.6 12.2
      vertex 94 49 12.2
      vertex 96.4 12.4 12.2
    endloop
  endfacet
  facet normal 0 0 1
    outer loop
      vertex 96 10 12.2
      vertex 96.4 12.4 12.2
      vertex 96 12 12.2
    endloop
  endfacet
  facet normal 0 0 1
    outer loop
      vertex 96.4 12.4 12.2
      vertex 96 10 12.2
      vertex 174 10 12.2
    endloop
  endfacet
  facet normal 0 0 1
    outer loop
      vertex 94 12 12.2
      vertex 96.4 12.4 12.2
      vertex 94 49 12.2
    endloop
  endfacet
  facet normal 0 0 1
    outer loop
      vertex 96.4 12.4 12.2
      vertex 94 12 12.2
      vertex 96 12 12.2
    endloop
  endfacet
  facet normal -0 0 1
    outer loop
      vertex 117 51 12.2
      vertex 153 48.6 12.2
      vertex 153 51 12.2
    endloop
  endfacet
  facet normal 0 0 1
    outer loop
      vertex 153 48.6 12.2
      vertex 117 51 12.2
      vertex 117 48.6 12.2
    endloop
  endfacet
  facet normal -1 0 0
    outer loop
      vertex 96 10 3.2
      vertex 96 12 12.2
      vertex 96 12 3.2
    endloop
  endfacet
  facet normal -1 -0 0
    outer loop
      vertex 96 12 12.2
      vertex 96 10 3.2
      vertex 96 10 12.2
    endloop
  endfacet
  facet normal 0 1 -0
    outer loop
      vertex 173.6 12.4 3.2
      vertex 96.4 12.4 12.2
      vertex 173.6 12.4 12.2
    endloop
  endfacet
  facet normal 0 1 0
    outer loop
      vertex 96.4 12.4 12.2
      vertex 173.6 12.4 3.2
      vertex 96.4 12.4 3.2
    endloop
  endfacet
  facet normal 0 -1 0
    outer loop
      vertex 96 10 3.2
      vertex 174 10 12.2
      vertex 96 10 12.2
    endloop
  endfacet
  facet normal 0 -1 -0
    outer loop
      vertex 174 10 12.2
      vertex 96 10 3.2
      vertex 174 10 3.2
    endloop
  endfacet
  facet normal 1 -0 0
    outer loop
      vertex 174 49 12.2
      vertex 174 51 3.2
      vertex 174 51 12.2
    endloop
  endfacet
  facet normal 1 0 0
    outer loop
      vertex 174 51 3.2
      vertex 174 49 12.2
      vertex 174 49 3.2
    endloop
  endfacet
  facet normal -1 0 0
    outer loop
      vertex 96 49 3.2
      vertex 96 51 12.2
      vertex 96 51 3.2
    endloop
  endfacet
  facet normal -1 -0 0
    outer loop
      vertex 96 51 12.2
      vertex 96 49 3.2
      vertex 96 49 12.2
    endloop
  endfacet
  facet normal 0 1 0
    outer loop
      vertex 174 51 12.2
      vertex 156 51 5.2
      vertex 156 51 12.2
    endloop
  endfacet
  facet normal 0 1 0
    outer loop
      vertex 174 51 3.2
      vertex 153 51 5.2
      vertex 156 51 5.2
    endloop
  endfacet
  facet normal 0 1 0
    outer loop
      vertex 153 51 5.2
      vertex 174 51 3.2
      vertex 117 51 5.2
    endloop
  endfacet
  facet normal 0 1 0
    outer loop
      vertex 96 51 3.2
      vertex 117 51 5.2
      vertex 174 51 3.2
    endloop
  endfacet
  facet normal 0 1 -0
    outer loop
      vertex 174 51 3.2
      vertex 156 51 5.2
      vertex 174 51 12.2
    endloop
  endfacet
  facet normal 0 1 -0
    outer loop
      vertex 153 51 5.2
      vertex 117 51 12.2
      vertex 153 51 12.2
    endloop
  endfacet
  facet normal 0 1 0
    outer loop
      vertex 117 51 12.2
      vertex 153 51 5.2
      vertex 117 51 5.2
    endloop
  endfacet
  facet normal 0 1 -0
    outer loop
      vertex 114 51 5.2
      vertex 96 51 12.2
      vertex 114 51 12.2
    endloop
  endfacet
  facet normal 0 1 0
    outer loop
      vertex 114 51 5.2
      vertex 96 51 3.2
      vertex 96 51 12.2
    endloop
  endfacet
  facet normal 0 1 0
    outer loop
      vertex 117 51 5.2
      vertex 96 51 3.2
      vertex 114 51 5.2
    endloop
  endfacet
  facet normal 0 -1 0
    outer loop
      vertex 96.4 48.6 12.2
      vertex 114 48.6 5.2
      vertex 114 48.6 12.2
    endloop
  endfacet
  facet normal 0 -1 0
    outer loop
      vertex 96.4 48.6 3.2
      vertex 117 48.6 5.2
      vertex 114 48.6 5.2
    endloop
  endfacet
  facet normal 0 -1 -0
    outer loop
      vertex 117 48.6 5.2
      vertex 96.4 48.6 3.2
      vertex 153 48.6 5.2
    endloop
  endfacet
  facet normal 0 -1 0
    outer loop
      vertex 173.6 48.6 3.2
      vertex 153 48.6 5.2
      vertex 96.4 48.6 3.2
    endloop
  endfacet
  facet normal 0 -1 0
    outer loop
      vertex 96.4 48.6 3.2
      vertex 114 48.6 5.2
      vertex 96.4 48.6 12.2
    endloop
  endfacet
  facet normal 0 -1 0
    outer loop
      vertex 117 48.6 5.2
      vertex 153 48.6 12.2
      vertex 117 48.6 12.2
    endloop
  endfacet
  facet normal 0 -1 -0
    outer loop
      vertex 153 48.6 12.2
      vertex 117 48.6 5.2
      vertex 153 48.6 5.2
    endloop
  endfacet
  facet normal 0 -1 0
    outer loop
      vertex 156 48.6 5.2
      vertex 173.6 48.6 12.2
      vertex 156 48.6 12.2
    endloop
  endfacet
  facet normal 0 -1 0
    outer loop
      vertex 156 48.6 5.2
      vertex 173.6 48.6 3.2
      vertex 173.6 48.6 12.2
    endloop
  endfacet
  facet normal 0 -1 0
    outer loop
      vertex 153 48.6 5.2
      vertex 173.6 48.6 3.2
      vertex 156 48.6 5.2
    endloop
  endfacet
  facet normal 1 -0 0
    outer loop
      vertex 96.4 12.4 12.2
      vertex 96.4 48.6 3.2
      vertex 96.4 48.6 12.2
    endloop
  endfacet
  facet normal 1 0 0
    outer loop
      vertex 96.4 48.6 3.2
      vertex 96.4 12.4 12.2
      vertex 96.4 12.4 3.2
    endloop
  endfacet
  facet normal -1 0 0
    outer loop
      vertex 94 12 3.2
      vertex 94 49 12.2
      vertex 94 49 3.2
    endloop
  endfacet
  facet normal -1 -0 0
    outer loop
      vertex 94 49 12.2
      vertex 94 12 3.2
      vertex 94 12 12.2
    endloop
  endfacet
  facet normal 0 1 -0
    outer loop
      vertex 96 49 3.2
      vertex 94 49 12.2
      vertex 96 49 12.2
    endloop
  endfacet
  facet normal 0 1 0
    outer loop
      vertex 94 49 12.2
      vertex 96 49 3.2
      vertex 94 49 3.2
    endloop
  endfacet
  facet normal 0 -1 0
    outer loop
      vertex 94 12 3.2
      vertex 96 12 12.2
      vertex 94 12 12.2
    endloop
  endfacet
  facet normal 0 -1 -0
    outer loop
      vertex 96 12 12.2
      vertex 94 12 3.2
      vertex 96 12 3.2
    endloop
  endfacet
  facet normal 1 -0 0
    outer loop
      vertex 176 12 12.2
      vertex 176 49 3.2
      vertex 176 49 12.2
    endloop
  endfacet
  facet normal 1 0 0
    outer loop
      vertex 176 49 3.2
      vertex 176 12 12.2
      vertex 176 12 3.2
    endloop
  endfacet
  facet normal -1 0 0
    outer loop
      vertex 173.6 12.4 3.2
      vertex 173.6 48.6 12.2
      vertex 173.6 48.6 3.2
    endloop
  endfacet
  facet normal -1 -0 0
    outer loop
      vertex 173.6 48.6 12.2
      vertex 173.6 12.4 3.2
      vertex 173.6 12.4 12.2
    endloop
  endfacet
  facet normal 0 1 -0
    outer loop
      vertex 176 49 3.2
      vertex 174 49 12.2
      vertex 176 49 12.2
    endloop
  endfacet
  facet normal 0 1 0
    outer loop
      vertex 174 49 12.2
      vertex 176 49 3.2
      vertex 174 49 3.2
    endloop
  endfacet
  facet normal 0 -1 0
    outer loop
      vertex 174 12 3.2
      vertex 176 12 12.2
      vertex 174 12 12.2
    endloop
  endfacet
  facet normal 0 -1 -0
    outer loop
      vertex 176 12 12.2
      vertex 174 12 3.2
      vertex 176 12 3.2
    endloop
  endfacet
  facet normal 1 -0 0
    outer loop
      vertex 258 10.9941 12.2
      vertex 258 12 3.2
      vertex 258 12 12.2
    endloop
  endfacet
  facet normal 1 0 0
    outer loop
      vertex 258 10.9941 3.2
      vertex 258 12 3.2
      vertex 258 10.9941 12.2
    endloop
  endfacet
  facet normal -0 0 0
    outer loop
      vertex 258 10.9941 3.2
      vertex 258 10 3.2
      vertex 258 12 3.2
    endloop
  endfacet
  facet normal 0 0 1
    outer loop
      vertex 257.6 48.6 12.2
      vertex 258 49 12.2
      vertex 258 51 12.2
    endloop
  endfacet
  facet normal 0 0 1
    outer loop
      vertex 258 49 12.2
      vertex 257.6 48.6 12.2
      vertex 258 12 12.2
    endloop
  endfacet
  facet normal -0 0 1
    outer loop
      vertex 257.6 12.4 12.2
      vertex 258 12 12.2
      vertex 257.6 48.6 12.2
    endloop
  endfacet
  facet normal 0 0 1
    outer loop
      vertex 258 12 12.2
      vertex 257.6 12.4 12.2
      vertex 258 10.9941 12.2
    endloop
  endfacet
  facet normal -0 0 1
    outer loop
      vertex 242 51 12.2
      vertex 257.6 48.6 12.2
      vertex 258 51 12.2
    endloop
  endfacet
  facet normal 0 0 1
    outer loop
      vertex 257.6 48.6 12.2
      vertex 242 51 12.2
      vertex 242 48.6 12.2
    endloop
  endfacet
  facet normal -0 0 1
    outer loop
      vertex 258 49 12.2
      vertex 260 12.5767 12.2
      vertex 260 49 12.2
    endloop
  endfacet
  facet normal 0 0 1
    outer loop
      vertex 258 12 12.2
      vertex 260 12.5767 12.2
      vertex 258 49 12.2
    endloop
  endfacet
  facet normal 0 0 1
    outer loop
      vertex 260 12.5767 12.2
      vertex 258 12 12.2
      vertex 259.5 12.3301 12.2
    endloop
  endfacet
  facet normal 0 0 1
    outer loop
      vertex 259.5 12.3301 12.2
      vertex 258 12 12.2
      vertex 259.006 12 12.2
    endloop
  endfacet
  facet normal 0 0 1
    outer loop
      vertex 258 10.9941 12.2
      vertex 257.6 12.4 12.2
      vertex 257.67 10.5 12.2
    endloop
  endfacet
  facet normal 0 0 1
    outer loop
      vertex 257.6 12.4 12.2
      vertex 257.423 10 12.2
      vertex 257.67 10.5 12.2
    endloop
  endfacet
  facet normal -0 0 1
    outer loop
      vertex 242 12.4 12.2
      vertex 257.423 10 12.2
      vertex 257.6 12.4 12.2
    endloop
  endfacet
  facet normal 0 0 1
    outer loop
      vertex 257.423 10 12.2
      vertex 242 12.4 12.2
      vertex 242 10 12.2
    endloop
  endfacet
  facet normal 0 0 1
    outer loop
      vertex 198 51 12.2
      vertex 180.4 48.6 12.2
      vertex 198 48.6 12.2
    endloop
  endfacet
  facet normal -0 0 1
    outer loop
      vertex 180 49 12.2
      vertex 180.4 48.6 12.2
      vertex 180 51 12.2
    endloop
  endfacet
  facet normal -0 0 1
    outer loop
      vertex 180 51 12.2
      vertex 180.4 48.6 12.2
      vertex 198 51 12.2
    endloop
  endfacet
  facet normal -0 0 1
    outer loop
      vertex 180.4 12.4 12.2
      vertex 238 10 12.2
      vertex 238 12.4 12.2
    endloop
  endfacet
  facet normal -0 0 1
    outer loop
      vertex 178 49 12.2
      vertex 180.4 48.6 12.2
      vertex 180 49 12.2
    endloop
  endfacet
  facet normal 0 0 1
    outer loop
      vertex 180.4 48.6 12.2
      vertex 178 49 12.2
      vertex 180.4 12.4 12.2
    endloop
  endfacet
  facet normal 0 0 1
    outer loop
      vertex 180 10 12.2
      vertex 180.4 12.4 12.2
      vertex 180 12 12.2
    endloop
  endfacet
  facet normal 0 0 1
    outer loop
      vertex 180.4 12.4 12.2
      vertex 180 10 12.2
      vertex 238 10 12.2
    endloop
  endfacet
  facet normal 0 0 1
    outer loop
      vertex 178 12 12.2
      vertex 180.4 12.4 12.2
      vertex 178 49 12.2
    endloop
  endfacet
  facet normal 0 0 1
    outer loop
      vertex 180.4 12.4 12.2
      vertex 178 12 12.2
      vertex 180 12 12.2
    endloop
  endfacet
  facet normal -0 0 1
    outer loop
      vertex 201 51 12.2
      vertex 237 48.6 12.2
      vertex 237 51 12.2
    endloop
  endfacet
  facet normal 0 0 1
    outer loop
      vertex 237 48.6 12.2
      vertex 201 51 12.2
      vertex 201 48.6 12.2
    endloop
  endfacet
  facet normal -1 0 0
    outer loop
      vertex 180 10 3.2
      vertex 180 12 12.2
      vertex 180 12 3.2
    endloop
  endfacet
  facet normal -1 -0 0
    outer loop
      vertex 180 12 12.2
      vertex 180 10 3.2
      vertex 180 10 12.2
    endloop
  endfacet
  facet normal 0 1 -0
    outer loop
      vertex 238 12.4 3.2
      vertex 180.4 12.4 12.2
      vertex 238 12.4 12.2
    endloop
  endfacet
  facet normal 0 1 0
    outer loop
      vertex 180.4 12.4 12.2
      vertex 238 12.4 3.2
      vertex 180.4 12.4 3.2
    endloop
  endfacet
  facet normal 0 1 -0
    outer loop
      vertex 257.6 12.4 3.2
      vertex 242 12.4 12.2
      vertex 257.6 12.4 12.2
    endloop
  endfacet
  facet normal 0 1 0
    outer loop
      vertex 242 12.4 12.2
      vertex 257.6 12.4 3.2
      vertex 242 12.4 3.2
    endloop
  endfacet
  facet normal 0 -1 0
    outer loop
      vertex 180 10 3.2
      vertex 238 10 12.2
      vertex 180 10 12.2
    endloop
  endfacet
  facet normal 0 -1 -0
    outer loop
      vertex 238 10 12.2
      vertex 180 10 3.2
      vertex 238 10 3.2
    endloop
  endfacet
  facet normal 0 -1 0
    outer loop
      vertex 242 10 12.2
      vertex 257.423 10 3.2
      vertex 257.423 10 12.2
    endloop
  endfacet
  facet normal 0 -1 0
    outer loop
      vertex 242 10 3.2
      vertex 257.423 10 3.2
      vertex 242 10 12.2
    endloop
  endfacet
  facet normal 0 0 0
    outer loop
      vertex 258 10 3.2
      vertex 257.423 10 3.2
      vertex 242 10 3.2
    endloop
  endfacet
  facet normal 1 -0 0
    outer loop
      vertex 258 49 12.2
      vertex 258 51 3.2
      vertex 258 51 12.2
    endloop
  endfacet
  facet normal 1 0 0
    outer loop
      vertex 258 51 3.2
      vertex 258 49 12.2
      vertex 258 49 3.2
    endloop
  endfacet
  facet normal -1 0 0
    outer loop
      vertex 180 49 3.2
      vertex 180 51 12.2
      vertex 180 51 3.2
    endloop
  endfacet
  facet normal -1 -0 0
    outer loop
      vertex 180 51 12.2
      vertex 180 49 3.2
      vertex 180 49 12.2
    endloop
  endfacet
  facet normal 0 1 -0
    outer loop
      vertex 238 51 3.2
      vertex 237 51 5.2
      vertex 238 51 5.2
    endloop
  endfacet
  facet normal 0 1 0
    outer loop
      vertex 237 51 5.2
      vertex 238 51 3.2
      vertex 201 51 5.2
    endloop
  endfacet
  facet normal 0 1 0
    outer loop
      vertex 180 51 3.2
      vertex 201 51 5.2
      vertex 238 51 3.2
    endloop
  endfacet
  facet normal 0 1 -0
    outer loop
      vertex 237 51 5.2
      vertex 201 51 12.2
      vertex 237 51 12.2
    endloop
  endfacet
  facet normal 0 1 0
    outer loop
      vertex 201 51 12.2
      vertex 237 51 5.2
      vertex 201 51 5.2
    endloop
  endfacet
  facet normal 0 1 -0
    outer loop
      vertex 198 51 5.2
      vertex 180 51 12.2
      vertex 198 51 12.2
    endloop
  endfacet
  facet normal 0 1 0
    outer loop
      vertex 198 51 5.2
      vertex 180 51 3.2
      vertex 180 51 12.2
    endloop
  endfacet
  facet normal 0 1 0
    outer loop
      vertex 201 51 5.2
      vertex 180 51 3.2
      vertex 198 51 5.2
    endloop
  endfacet
  facet normal 0 1 -0
    outer loop
      vertex 258 51 3.2
      vertex 242 51 12.2
      vertex 258 51 12.2
    endloop
  endfacet
  facet normal 0 1 0
    outer loop
      vertex 242 51 12.2
      vertex 258 51 3.2
      vertex 242 51 3.2
    endloop
  endfacet
  facet normal 0 -1 0
    outer loop
      vertex 180.4 48.6 12.2
      vertex 198 48.6 5.2
      vertex 198 48.6 12.2
    endloop
  endfacet
  facet normal 0 -1 0
    outer loop
      vertex 180.4 48.6 3.2
      vertex 201 48.6 5.2
      vertex 198 48.6 5.2
    endloop
  endfacet
  facet normal 0 -1 0
    outer loop
      vertex 201 48.6 5.2
      vertex 238 48.6 3.2
      vertex 237 48.6 5.2
    endloop
  endfacet
  facet normal 0 -1 0
    outer loop
      vertex 180.4 48.6 3.2
      vertex 198 48.6 5.2
      vertex 180.4 48.6 12.2
    endloop
  endfacet
  facet normal 0 -1 -0
    outer loop
      vertex 201 48.6 5.2
      vertex 180.4 48.6 3.2
      vertex 238 48.6 3.2
    endloop
  endfacet
  facet normal 0 -1 0
    outer loop
      vertex 237 48.6 5.2
      vertex 238 48.6 3.2
      vertex 238 48.6 5.2
    endloop
  endfacet
  facet normal 0 -1 0
    outer loop
      vertex 201 48.6 5.2
      vertex 237 48.6 12.2
      vertex 201 48.6 12.2
    endloop
  endfacet
  facet normal 0 -1 -0
    outer loop
      vertex 237 48.6 12.2
      vertex 201 48.6 5.2
      vertex 237 48.6 5.2
    endloop
  endfacet
  facet normal 0 -1 0
    outer loop
      vertex 242 48.6 3.2
      vertex 257.6 48.6 12.2
      vertex 242 48.6 12.2
    endloop
  endfacet
  facet normal 0 -1 -0
    outer loop
      vertex 257.6 48.6 12.2
      vertex 242 48.6 3.2
      vertex 257.6 48.6 3.2
    endloop
  endfacet
  facet normal 1 -0 0
    outer loop
      vertex 180.4 12.4 12.2
      vertex 180.4 48.6 3.2
      vertex 180.4 48.6 12.2
    endloop
  endfacet
  facet normal 1 0 0
    outer loop
      vertex 180.4 48.6 3.2
      vertex 180.4 12.4 12.2
      vertex 180.4 12.4 3.2
    endloop
  endfacet
  facet normal -1 0 0
    outer loop
      vertex 178 12 3.2
      vertex 178 49 12.2
      vertex 178 49 3.2
    endloop
  endfacet
  facet normal -1 -0 0
    outer loop
      vertex 178 49 12.2
      vertex 178 12 3.2
      vertex 178 12 12.2
    endloop
  endfacet
  facet normal 0 1 -0
    outer loop
      vertex 180 49 3.2
      vertex 178 49 12.2
      vertex 180 49 12.2
    endloop
  endfacet
  facet normal 0 1 0
    outer loop
      vertex 178 49 12.2
      vertex 180 49 3.2
      vertex 178 49 3.2
    endloop
  endfacet
  facet normal 0 -1 0
    outer loop
      vertex 178 12 3.2
      vertex 180 12 12.2
      vertex 178 12 12.2
    endloop
  endfacet
  facet normal 0 -1 -0
    outer loop
      vertex 180 12 12.2
      vertex 178 12 3.2
      vertex 180 12 3.2
    endloop
  endfacet
  facet normal 1 -0 0
    outer loop
      vertex 260 12.5767 12.2
      vertex 260 49 3.2
      vertex 260 49 12.2
    endloop
  endfacet
  facet normal 1 0 0
    outer loop
      vertex 260 12.5767 3.2
      vertex 260 49 3.2
      vertex 260 12.5767 12.2
    endloop
  endfacet
  facet normal -0 0 0
    outer loop
      vertex 260 12.5767 3.2
      vertex 260 12 3.2
      vertex 260 49 3.2
    endloop
  endfacet
  facet normal -1 0 0
    outer loop
      vertex 257.6 12.4 3.2
      vertex 257.6 48.6 12.2
      vertex 257.6 48.6 3.2
    endloop
  endfacet
  facet normal -1 -0 0
    outer loop
      vertex 257.6 48.6 12.2
      vertex 257.6 12.4 3.2
      vertex 257.6 12.4 12.2
    endloop
  endfacet
  facet normal 0 1 -0
    outer loop
      vertex 260 49 3.2
      vertex 258 49 12.2
      vertex 260 49 12.2
    endloop
  endfacet
  facet normal 0 1 0
    outer loop
      vertex 258 49 12.2
      vertex 260 49 3.2
      vertex 258 49 3.2
    endloop
  endfacet
  facet normal 0 -1 0
    outer loop
      vertex 258 12 12.2
      vertex 259.006 12 3.2
      vertex 259.006 12 12.2
    endloop
  endfacet
  facet normal 0 -1 0
    outer loop
      vertex 258 12 3.2
      vertex 259.006 12 3.2
      vertex 258 12 12.2
    endloop
  endfacet
  facet normal 0 0 0
    outer loop
      vertex 260 12 3.2
      vertex 259.006 12 3.2
      vertex 258 12 3.2
    endloop
  endfacet
  facet normal 1 0 0
    outer loop
      vertex 33 53.5 18.2
      vertex 33 51 12.2
      vertex 33 53.5 5.2
    endloop
  endfacet
  facet normal 1 -0 0
    outer loop
      vertex 33 48.5 18.2
      vertex 33 51 12.2
      vertex 33 53.5 18.2
    endloop
  endfacet
  facet normal 1 0 0
    outer loop
      vertex 33 51 12.2
      vertex 33 48.5 18.2
      vertex 33 48.6 12.2
    endloop
  endfacet
  facet normal 1 0 0
    outer loop
      vertex 33 48.5 5.2
      vertex 33 48.6 12.2
      vertex 33 48.5 18.2
    endloop
  endfacet
  facet normal 1 0 0
    outer loop
      vertex 33 48.6 12.2
      vertex 33 48.5 5.2
      vertex 33 48.6 5.2
    endloop
  endfacet
  facet normal 1 0 0
    outer loop
      vertex 33 53.5 5.2
      vertex 33 51 12.2
      vertex 33 51 5.2
    endloop
  endfacet
  facet normal -0 0 1
    outer loop
      vertex 30 53.5 18.2
      vertex 33 48.5 18.2
      vertex 33 53.5 18.2
    endloop
  endfacet
  facet normal 0 0 1
    outer loop
      vertex 33 48.5 18.2
      vertex 30 53.5 18.2
      vertex 30 48.5 18.2
    endloop
  endfacet
  facet normal 0 0 -1
    outer loop
      vertex 30 51 5.2
      vertex 33 53.5 5.2
      vertex 33 51 5.2
    endloop
  endfacet
  facet normal -0 0 -1
    outer loop
      vertex 33 53.5 5.2
      vertex 30 51 5.2
      vertex 30 53.5 5.2
    endloop
  endfacet
  facet normal 0 0 -1
    outer loop
      vertex 30 48.5 5.2
      vertex 33 48.6 5.2
      vertex 33 48.5 5.2
    endloop
  endfacet
  facet normal -0 0 -1
    outer loop
      vertex 33 48.6 5.2
      vertex 30 48.5 5.2
      vertex 30 48.6 5.2
    endloop
  endfacet
  facet normal -1 0 0
    outer loop
      vertex 30 48.6 5.2
      vertex 30 48.5 5.2
      vertex 30 48.6 12.2
    endloop
  endfacet
  facet normal -1 0 0
    outer loop
      vertex 30 51 12.2
      vertex 30 53.5 5.2
      vertex 30 51 5.2
    endloop
  endfacet
  facet normal -1 0 0
    outer loop
      vertex 30 53.5 5.2
      vertex 30 51 12.2
      vertex 30 53.5 18.2
    endloop
  endfacet
  facet normal -1 0 0
    outer loop
      vertex 30 48.5 18.2
      vertex 30 51 12.2
      vertex 30 48.6 12.2
    endloop
  endfacet
  facet normal -1 0 0
    outer loop
      vertex 30 51 12.2
      vertex 30 48.5 18.2
      vertex 30 53.5 18.2
    endloop
  endfacet
  facet normal -1 0 0
    outer loop
      vertex 30 48.5 18.2
      vertex 30 48.6 12.2
      vertex 30 48.5 5.2
    endloop
  endfacet
  facet normal 0 1 -0
    outer loop
      vertex 33 53.5 5.2
      vertex 30 53.5 18.2
      vertex 33 53.5 18.2
    endloop
  endfacet
  facet normal 0 1 0
    outer loop
      vertex 30 53.5 18.2
      vertex 33 53.5 5.2
      vertex 30 53.5 5.2
    endloop
  endfacet
  facet normal 0 -1 0
    outer loop
      vertex 30 48.5 5.2
      vertex 33 48.5 18.2
      vertex 30 48.5 18.2
    endloop
  endfacet
  facet normal 0 -1 -0
    outer loop
      vertex 33 48.5 18.2
      vertex 30 48.5 5.2
      vertex 33 48.5 5.2
    endloop
  endfacet
  facet normal 1 0 0
    outer loop
      vertex 72 53.5 18.2
      vertex 72 51 12.2
      vertex 72 53.5 5.2
    endloop
  endfacet
  facet normal 1 -0 0
    outer loop
      vertex 72 48.5 18.2
      vertex 72 51 12.2
      vertex 72 53.5 18.2
    endloop
  endfacet
  facet normal 1 0 0
    outer loop
      vertex 72 51 12.2
      vertex 72 48.5 18.2
      vertex 72 48.6 12.2
    endloop
  endfacet
  facet normal 1 0 0
    outer loop
      vertex 72 48.5 5.2
      vertex 72 48.6 12.2
      vertex 72 48.5 18.2
    endloop
  endfacet
  facet normal 1 0 0
    outer loop
      vertex 72 48.6 12.2
      vertex 72 48.5 5.2
      vertex 72 48.6 5.2
    endloop
  endfacet
  facet normal 1 0 0
    outer loop
      vertex 72 53.5 5.2
      vertex 72 51 12.2
      vertex 72 51 5.2
    endloop
  endfacet
  facet normal -0 0 1
    outer loop
      vertex 69 53.5 18.2
      vertex 72 48.5 18.2
      vertex 72 53.5 18.2
    endloop
  endfacet
  facet normal 0 0 1
    outer loop
      vertex 72 48.5 18.2
      vertex 69 53.5 18.2
      vertex 69 48.5 18.2
    endloop
  endfacet
  facet normal 0 0 -1
    outer loop
      vertex 69 51 5.2
      vertex 72 53.5 5.2
      vertex 72 51 5.2
    endloop
  endfacet
  facet normal -0 0 -1
    outer loop
      vertex 72 53.5 5.2
      vertex 69 51 5.2
      vertex 69 53.5 5.2
    endloop
  endfacet
  facet normal 0 0 -1
    outer loop
      vertex 69 48.5 5.2
      vertex 72 48.6 5.2
      vertex 72 48.5 5.2
    endloop
  endfacet
  facet normal -0 0 -1
    outer loop
      vertex 72 48.6 5.2
      vertex 69 48.5 5.2
      vertex 69 48.6 5.2
    endloop
  endfacet
  facet normal -1 0 0
    outer loop
      vertex 69 48.6 5.2
      vertex 69 48.5 5.2
      vertex 69 48.6 12.2
    endloop
  endfacet
  facet normal -1 0 0
    outer loop
      vertex 69 51 12.2
      vertex 69 53.5 5.2
      vertex 69 51 5.2
    endloop
  endfacet
  facet normal -1 0 0
    outer loop
      vertex 69 53.5 5.2
      vertex 69 51 12.2
      vertex 69 53.5 18.2
    endloop
  endfacet
  facet normal -1 0 0
    outer loop
      vertex 69 48.5 18.2
      vertex 69 51 12.2
      vertex 69 48.6 12.2
    endloop
  endfacet
  facet normal -1 0 0
    outer loop
      vertex 69 51 12.2
      vertex 69 48.5 18.2
      vertex 69 53.5 18.2
    endloop
  endfacet
  facet normal -1 0 0
    outer loop
      vertex 69 48.5 18.2
      vertex 69 48.6 12.2
      vertex 69 48.5 5.2
    endloop
  endfacet
  facet normal 0 1 -0
    outer loop
      vertex 72 53.5 5.2
      vertex 69 53.5 18.2
      vertex 72 53.5 18.2
    endloop
  endfacet
  facet normal 0 1 0
    outer loop
      vertex 69 53.5 18.2
      vertex 72 53.5 5.2
      vertex 69 53.5 5.2
    endloop
  endfacet
  facet normal 0 -1 0
    outer loop
      vertex 69 48.5 5.2
      vertex 72 48.5 18.2
      vertex 69 48.5 18.2
    endloop
  endfacet
  facet normal 0 -1 -0
    outer loop
      vertex 72 48.5 18.2
      vertex 69 48.5 5.2
      vertex 72 48.5 5.2
    endloop
  endfacet
  facet normal 1 0 0
    outer loop
      vertex 117 53.5 18.2
      vertex 117 51 12.2
      vertex 117 53.5 5.2
    endloop
  endfacet
  facet normal 1 -0 0
    outer loop
      vertex 117 48.5 18.2
      vertex 117 51 12.2
      vertex 117 53.5 18.2
    endloop
  endfacet
  facet normal 1 0 0
    outer loop
      vertex 117 51 12.2
      vertex 117 48.5 18.2
      vertex 117 48.6 12.2
    endloop
  endfacet
  facet normal 1 0 0
    outer loop
      vertex 117 48.5 5.2
      vertex 117 48.6 12.2
      vertex 117 48.5 18.2
    endloop
  endfacet
  facet normal 1 0 0
    outer loop
      vertex 117 48.6 12.2
      vertex 117 48.5 5.2
      vertex 117 48.6 5.2
    endloop
  endfacet
  facet normal 1 0 0
    outer loop
      vertex 117 53.5 5.2
      vertex 117 51 12.2
      vertex 117 51 5.2
    endloop
  endfacet
  facet normal -0 0 1
    outer loop
      vertex 114 53.5 18.2
      vertex 117 48.5 18.2
      vertex 117 53.5 18.2
    endloop
  endfacet
  facet normal 0 0 1
    outer loop
      vertex 117 48.5 18.2
      vertex 114 53.5 18.2
      vertex 114 48.5 18.2
    endloop
  endfacet
  facet normal 0 0 -1
    outer loop
      vertex 114 51 5.2
      vertex 117 53.5 5.2
      vertex 117 51 5.2
    endloop
  endfacet
  facet normal -0 0 -1
    outer loop
      vertex 117 53.5 5.2
      vertex 114 51 5.2
      vertex 114 53.5 5.2
    endloop
  endfacet
  facet normal 0 0 -1
    outer loop
      vertex 114 48.5 5.2
      vertex 117 48.6 5.2
      vertex 117 48.5 5.2
    endloop
  endfacet
  facet normal -0 0 -1
    outer loop
      vertex 117 48.6 5.2
      vertex 114 48.5 5.2
      vertex 114 48.6 5.2
    endloop
  endfacet
  facet normal -1 0 0
    outer loop
      vertex 114 48.6 5.2
      vertex 114 48.5 5.2
      vertex 114 48.6 12.2
    endloop
  endfacet
  facet normal -1 0 0
    outer loop
      vertex 114 51 12.2
      vertex 114 53.5 5.2
      vertex 114 51 5.2
    endloop
  endfacet
  facet normal -1 0 0
    outer loop
      vertex 114 53.5 5.2
      vertex 114 51 12.2
      vertex 114 53.5 18.2
    endloop
  endfacet
  facet normal -1 0 0
    outer loop
      vertex 114 48.5 18.2
      vertex 114 51 12.2
      vertex 114 48.6 12.2
    endloop
  endfacet
  facet normal -1 0 0
    outer loop
      vertex 114 51 12.2
      vertex 114 48.5 18.2
      vertex 114 53.5 18.2
    endloop
  endfacet
  facet normal -1 0 0
    outer loop
      vertex 114 48.5 18.2
      vertex 114 48.6 12.2
      vertex 114 48.5 5.2
    endloop
  endfacet
  facet normal 0 1 -0
    outer loop
      vertex 117 53.5 5.2
      vertex 114 53.5 18.2
      vertex 117 53.5 18.2
    endloop
  endfacet
  facet normal 0 1 0
    outer loop
      vertex 114 53.5 18.2
      vertex 117 53.5 5.2
      vertex 114 53.5 5.2
    endloop
  endfacet
  facet normal 0 -1 0
    outer loop
      vertex 114 48.5 5.2
      vertex 117 48.5 18.2
      vertex 114 48.5 18.2
    endloop
  endfacet
  facet normal 0 -1 -0
    outer loop
      vertex 117 48.5 18.2
      vertex 114 48.5 5.2
      vertex 117 48.5 5.2
    endloop
  endfacet
  facet normal 1 0 0
    outer loop
      vertex 156 53.5 18.2
      vertex 156 51 12.2
      vertex 156 53.5 5.2
    endloop
  endfacet
  facet normal 1 -0 0
    outer loop
      vertex 156 48.5 18.2
      vertex 156 51 12.2
      vertex 156 53.5 18.2
    endloop
  endfacet
  facet normal 1 0 0
    outer loop
      vertex 156 51 12.2
      vertex 156 48.5 18.2
      vertex 156 48.6 12.2
    endloop
  endfacet
  facet normal 1 0 0
    outer loop
      vertex 156 48.5 5.2
      vertex 156 48.6 12.2
      vertex 156 48.5 18.2
    endloop
  endfacet
  facet normal 1 0 0
    outer loop
      vertex 156 48.6 12.2
      vertex 156 48.5 5.2
      vertex 156 48.6 5.2
    endloop
  endfacet
  facet normal 1 0 0
    outer loop
      vertex 156 53.5 5.2
      vertex 156 51 12.2
      vertex 156 51 5.2
    endloop
  endfacet
  facet normal -0 0 1
    outer loop
      vertex 153 53.5 18.2
      vertex 156 48.5 18.2
      vertex 156 53.5 18.2
    endloop
  endfacet
  facet normal 0 0 1
    outer loop
      vertex 156 48.5 18.2
      vertex 153 53.5 18.2
      vertex 153 48.5 18.2
    endloop
  endfacet
  facet normal 0 0 -1
    outer loop
      vertex 153 51 5.2
      vertex 156 53.5 5.2
      vertex 156 51 5.2
    endloop
  endfacet
  facet normal -0 0 -1
    outer loop
      vertex 156 53.5 5.2
      vertex 153 51 5.2
      vertex 153 53.5 5.2
    endloop
  endfacet
  facet normal 0 0 -1
    outer loop
      vertex 153 48.5 5.2
      vertex 156 48.6 5.2
      vertex 156 48.5 5.2
    endloop
  endfacet
  facet normal -0 0 -1
    outer loop
      vertex 156 48.6 5.2
      vertex 153 48.5 5.2
      vertex 153 48.6 5.2
    endloop
  endfacet
  facet normal -1 0 0
    outer loop
      vertex 153 48.6 5.2
      vertex 153 48.5 5.2
      vertex 153 48.6 12.2
    endloop
  endfacet
  facet normal -1 0 0
    outer loop
      vertex 153 51 12.2
      vertex 153 53.5 5.2
      vertex 153 51 5.2
    endloop
  endfacet
  facet normal -1 0 0
    outer loop
      vertex 153 53.5 5.2
      vertex 153 51 12.2
      vertex 153 53.5 18.2
    endloop
  endfacet
  facet normal -1 0 0
    outer loop
      vertex 153 48.5 18.2
      vertex 153 51 12.2
      vertex 153 48.6 12.2
    endloop
  endfacet
  facet normal -1 0 0
    outer loop
      vertex 153 51 12.2
      vertex 153 48.5 18.2
      vertex 153 53.5 18.2
    endloop
  endfacet
  facet normal -1 0 0
    outer loop
      vertex 153 48.5 18.2
      vertex 153 48.6 12.2
      vertex 153 48.5 5.2
    endloop
  endfacet
  facet normal 0 1 -0
    outer loop
      vertex 156 53.5 5.2
      vertex 153 53.5 18.2
      vertex 156 53.5 18.2
    endloop
  endfacet
  facet normal 0 1 0
    outer loop
      vertex 153 53.5 18.2
      vertex 156 53.5 5.2
      vertex 153 53.5 5.2
    endloop
  endfacet
  facet normal 0 -1 0
    outer loop
      vertex 153 48.5 5.2
      vertex 156 48.5 18.2
      vertex 153 48.5 18.2
    endloop
  endfacet
  facet normal 0 -1 -0
    outer loop
      vertex 156 48.5 18.2
      vertex 153 48.5 5.2
      vertex 156 48.5 5.2
    endloop
  endfacet
  facet normal 1 0 0
    outer loop
      vertex 201 53.5 18.2
      vertex 201 51 12.2
      vertex 201 53.5 5.2
    endloop
  endfacet
  facet normal 1 -0 0
    outer loop
      vertex 201 48.5 18.2
      vertex 201 51 12.2
      vertex 201 53.5 18.2
    endloop
  endfacet
  facet normal 1 0 0
    outer loop
      vertex 201 51 12.2
      vertex 201 48.5 18.2
      vertex 201 48.6 12.2
    endloop
  endfacet
  facet normal 1 0 0
    outer loop
      vertex 201 48.5 5.2
      vertex 201 48.6 12.2
      vertex 201 48.5 18.2
    endloop
  endfacet
  facet normal 1 0 0
    outer loop
      vertex 201 48.6 12.2
      vertex 201 48.5 5.2
      vertex 201 48.6 5.2
    endloop
  endfacet
  facet normal 1 0 0
    outer loop
      vertex 201 53.5 5.2
      vertex 201 51 12.2
      vertex 201 51 5.2
    endloop
  endfacet
  facet normal -0 0 1
    outer loop
      vertex 198 53.5 18.2
      vertex 201 48.5 18.2
      vertex 201 53.5 18.2
    endloop
  endfacet
  facet normal 0 0 1
    outer loop
      vertex 201 48.5 18.2
      vertex 198 53.5 18.2
      vertex 198 48.5 18.2
    endloop
  endfacet
  facet normal 0 0 -1
    outer loop
      vertex 198 51 5.2
      vertex 201 53.5 5.2
      vertex 201 51 5.2
    endloop
  endfacet
  facet normal -0 0 -1
    outer loop
      vertex 201 53.5 5.2
      vertex 198 51 5.2
      vertex 198 53.5 5.2
    endloop
  endfacet
  facet normal 0 0 -1
    outer loop
      vertex 198 48.5 5.2
      vertex 201 48.6 5.2
      vertex 201 48.5 5.2
    endloop
  endfacet
  facet normal -0 0 -1
    outer loop
      vertex 201 48.6 5.2
      vertex 198 48.5 5.2
      vertex 198 48.6 5.2
    endloop
  endfacet
  facet normal -1 0 0
    outer loop
      vertex 198 48.6 5.2
      vertex 198 48.5 5.2
      vertex 198 48.6 12.2
    endloop
  endfacet
  facet normal -1 0 0
    outer loop
      vertex 198 51 12.2
      vertex 198 53.5 5.2
      vertex 198 51 5.2
    endloop
  endfacet
  facet normal -1 0 0
    outer loop
      vertex 198 53.5 5.2
      vertex 198 51 12.2
      vertex 198 53.5 18.2
    endloop
  endfacet
  facet normal -1 0 0
    outer loop
      vertex 198 48.5 18.2
      vertex 198 51 12.2
      vertex 198 48.6 12.2
    endloop
  endfacet
  facet normal -1 0 0
    outer loop
      vertex 198 51 12.2
      vertex 198 48.5 18.2
      vertex 198 53.5 18.2
    endloop
  endfacet
  facet normal -1 0 0
    outer loop
      vertex 198 48.5 18.2
      vertex 198 48.6 12.2
      vertex 198 48.5 5.2
    endloop
  endfacet
  facet normal 0 1 -0
    outer loop
      vertex 201 53.5 5.2
      vertex 198 53.5 18.2
      vertex 201 53.5 18.2
    endloop
  endfacet
  facet normal 0 1 0
    outer loop
      vertex 198 53.5 18.2
      vertex 201 53.5 5.2
      vertex 198 53.5 5.2
    endloop
  endfacet
  facet normal 0 -1 0
    outer loop
      vertex 198 48.5 5.2
      vertex 201 48.5 18.2
      vertex 198 48.5 18.2
    endloop
  endfacet
  facet normal 0 -1 -0
    outer loop
      vertex 201 48.5 18.2
      vertex 198 48.5 5.2
      vertex 201 48.5 5.2
    endloop
  endfacet
  facet normal -0 0 1
    outer loop
      vertex 237 53.5 18.2
      vertex 238 48.5 18.2
      vertex 238 53.5 18.2
    endloop
  endfacet
  facet normal 0 0 1
    outer loop
      vertex 238 48.5 18.2
      vertex 237 53.5 18.2
      vertex 237 48.5 18.2
    endloop
  endfacet
  facet normal 0 0 -1
    outer loop
      vertex 237 48.5 5.2
      vertex 238 48.6 5.2
      vertex 238 48.5 5.2
    endloop
  endfacet
  facet normal -0 0 -1
    outer loop
      vertex 238 48.6 5.2
      vertex 237 48.5 5.2
      vertex 237 48.6 5.2
    endloop
  endfacet
  facet normal 0 0 -1
    outer loop
      vertex 237 51 5.2
      vertex 238 53.5 5.2
      vertex 238 51 5.2
    endloop
  endfacet
  facet normal -0 0 -1
    outer loop
      vertex 238 53.5 5.2
      vertex 237 51 5.2
      vertex 237 53.5 5.2
    endloop
  endfacet
  facet normal -1 0 0
    outer loop
      vertex 237 48.6 5.2
      vertex 237 48.5 5.2
      vertex 237 48.6 12.2
    endloop
  endfacet
  facet normal -1 0 0
    outer loop
      vertex 237 51 12.2
      vertex 237 53.5 5.2
      vertex 237 51 5.2
    endloop
  endfacet
  facet normal -1 0 0
    outer loop
      vertex 237 53.5 5.2
      vertex 237 51 12.2
      vertex 237 53.5 18.2
    endloop
  endfacet
  facet normal -1 0 0
    outer loop
      vertex 237 48.5 18.2
      vertex 237 51 12.2
      vertex 237 48.6 12.2
    endloop
  endfacet
  facet normal -1 0 0
    outer loop
      vertex 237 51 12.2
      vertex 237 48.5 18.2
      vertex 237 53.5 18.2
    endloop
  endfacet
  facet normal -1 0 0
    outer loop
      vertex 237 48.5 18.2
      vertex 237 48.6 12.2
      vertex 237 48.5 5.2
    endloop
  endfacet
  facet normal 0 1 -0
    outer loop
      vertex 238 53.5 5.2
      vertex 237 53.5 18.2
      vertex 238 53.5 18.2
    endloop
  endfacet
  facet normal 0 1 0
    outer loop
      vertex 237 53.5 18.2
      vertex 238 53.5 5.2
      vertex 237 53.5 5.2
    endloop
  endfacet
  facet normal 0 -1 0
    outer loop
      vertex 237 48.5 5.2
      vertex 238 48.5 18.2
      vertex 237 48.5 18.2
    endloop
  endfacet
  facet normal 0 -1 -0
    outer loop
      vertex 238 48.5 18.2
      vertex 237 48.5 5.2
      vertex 238 48.5 5.2
    endloop
  endfacet
  facet normal 1 0 0
    outer loop
      vertex 242 116.8 58
      vertex 242 51 12.2
      vertex 242 116.8 3.2
    endloop
  endfacet
  facet normal 1 -0 0
    outer loop
      vertex 242 3.2 58
      vertex 242 51 12.2
      vertex 242 116.8 58
    endloop
  endfacet
  facet normal 1 0 0
    outer loop
      vertex 242 48.6 12.2
      vertex 242 12.4 12.2
      vertex 242 48.6 3.2
    endloop
  endfacet
  facet normal 1 0 0
    outer loop
      vertex 242 51 12.2
      vertex 242 3.2 58
      vertex 242 48.6 12.2
    endloop
  endfacet
  facet normal 1 0 0
    outer loop
      vertex 242 48.6 12.2
      vertex 242 3.2 58
      vertex 242 12.4 12.2
    endloop
  endfacet
  facet normal 1 0 0
    outer loop
      vertex 242 12.4 12.2
      vertex 242 3.2 58
      vertex 242 10 12.2
    endloop
  endfacet
  facet normal 1 0 0
    outer loop
      vertex 242 3.2 3.2
      vertex 242 10 12.2
      vertex 242 3.2 58
    endloop
  endfacet
  facet normal 1 0 0
    outer loop
      vertex 242 10 12.2
      vertex 242 3.2 3.2
      vertex 242 10 3.2
    endloop
  endfacet
  facet normal 1 0 0
    outer loop
      vertex 242 116.8 3.2
      vertex 242 51 12.2
      vertex 242 51 3.2
    endloop
  endfacet
  facet normal 1 0 0
    outer loop
      vertex 242 48.6 3.2
      vertex 242 12.4 12.2
      vertex 242 12.4 3.2
    endloop
  endfacet
  facet normal -0 0 1
    outer loop
      vertex 238 116.8 58
      vertex 242 3.2 58
      vertex 242 116.8 58
    endloop
  endfacet
  facet normal 0 0 1
    outer loop
      vertex 242 3.2 58
      vertex 238 116.8 58
      vertex 238 3.2 58
    endloop
  endfacet
  facet normal -1 0 0
    outer loop
      vertex 238 10 3.2
      vertex 238 3.2 3.2
      vertex 238 10 12.2
    endloop
  endfacet
  facet normal -1 0 0
    outer loop
      vertex 238 48.6 3.2
      vertex 238 48.5 5.2
      vertex 238 48.6 5.2
    endloop
  endfacet
  facet normal -1 0 0
    outer loop
      vertex 238 12.4 12.2
      vertex 238 48.5 5.2
      vertex 238 12.4 3.2
    endloop
  endfacet
  facet normal -1 0 0
    outer loop
      vertex 238 12.4 3.2
      vertex 238 48.5 5.2
      vertex 238 48.6 3.2
    endloop
  endfacet
  facet normal -1 0 0
    outer loop
      vertex 238 53.5 18.2
      vertex 238 116.8 3.2
      vertex 238 53.5 5.2
    endloop
  endfacet
  facet normal -1 0 0
    outer loop
      vertex 238 51 3.2
      vertex 238 53.5 5.2
      vertex 238 116.8 3.2
    endloop
  endfacet
  facet normal -1 -0 0
    outer loop
      vertex 238 53.5 5.2
      vertex 238 51 3.2
      vertex 238 51 5.2
    endloop
  endfacet
  facet normal -1 0 0
    outer loop
      vertex 238 116.8 3.2
      vertex 238 53.5 18.2
      vertex 238 116.8 58
    endloop
  endfacet
  facet normal -1 0 0
    outer loop
      vertex 238 3.2 58
      vertex 238 53.5 18.2
      vertex 238 48.5 18.2
    endloop
  endfacet
  facet normal -1 0 0
    outer loop
      vertex 238 48.5 5.2
      vertex 238 12.4 12.2
      vertex 238 48.5 18.2
    endloop
  endfacet
  facet normal -1 0 0
    outer loop
      vertex 238 3.2 58
      vertex 238 48.5 18.2
      vertex 238 12.4 12.2
    endloop
  endfacet
  facet normal -1 0 0
    outer loop
      vertex 238 3.2 58
      vertex 238 12.4 12.2
      vertex 238 10 12.2
    endloop
  endfacet
  facet normal -1 0 0
    outer loop
      vertex 238 53.5 18.2
      vertex 238 3.2 58
      vertex 238 116.8 58
    endloop
  endfacet
  facet normal -1 0 0
    outer loop
      vertex 238 3.2 58
      vertex 238 10 12.2
      vertex 238 3.2 3.2
    endloop
  endfacet
  facet normal -1 0 0
    outer loop
      vertex 70 69.5 3.2
      vertex 70 92.5 11.2
      vertex 70 92.5 3.2
    endloop
  endfacet
  facet normal -1 -0 0
    outer loop
      vertex 70 92.5 11.2
      vertex 70 69.5 3.2
      vertex 70 69.5 11.2
    endloop
  endfacet
  facet normal 0 0 1
    outer loop
      vertex 73 95 11.2
      vertex 70 92.5 11.2
      vertex 73 67 11.2
    endloop
  endfacet
  facet normal 0 0 1
    outer loop
      vertex 73 95 11.2
      vertex 15 92.5 11.2
      vertex 70 92.5 11.2
    endloop
  endfacet
  facet normal 0 0 1
    outer loop
      vertex 15 92.5 11.2
      vertex 12 95 11.2
      vertex 15 69.5 11.2
    endloop
  endfacet
  facet normal -0 0 1
    outer loop
      vertex 12 95 11.2
      vertex 15 92.5 11.2
      vertex 73 95 11.2
    endloop
  endfacet
  facet normal -0 0 1
    outer loop
      vertex 70 69.5 11.2
      vertex 73 67 11.2
      vertex 70 92.5 11.2
    endloop
  endfacet
  facet normal -0 0 1
    outer loop
      vertex 15 69.5 11.2
      vertex 73 67 11.2
      vertex 70 69.5 11.2
    endloop
  endfacet
  facet normal 0 0 1
    outer loop
      vertex 15 69.5 11.2
      vertex 12 67 11.2
      vertex 73 67 11.2
    endloop
  endfacet
  facet normal 0 0 1
    outer loop
      vertex 12 67 11.2
      vertex 15 69.5 11.2
      vertex 12 95 11.2
    endloop
  endfacet
  facet normal 1 -0 0
    outer loop
      vertex 15 69.5 11.2
      vertex 15 92.5 3.2
      vertex 15 92.5 11.2
    endloop
  endfacet
  facet normal 1 0 0
    outer loop
      vertex 15 92.5 3.2
      vertex 15 69.5 11.2
      vertex 15 69.5 3.2
    endloop
  endfacet
  facet normal 0 1 -0
    outer loop
      vertex 70 69.5 3.2
      vertex 15 69.5 11.2
      vertex 70 69.5 11.2
    endloop
  endfacet
  facet normal 0 1 0
    outer loop
      vertex 15 69.5 11.2
      vertex 70 69.5 3.2
      vertex 15 69.5 3.2
    endloop
  endfacet
  facet normal 0 -1 0
    outer loop
      vertex 12 67 3.2
      vertex 73 67 11.2
      vertex 12 67 11.2
    endloop
  endfacet
  facet normal 0 -1 -0
    outer loop
      vertex 73 67 11.2
      vertex 12 67 3.2
      vertex 73 67 3.2
    endloop
  endfacet
  facet normal 0 1 -0
    outer loop
      vertex 73 95 3.2
      vertex 12 95 11.2
      vertex 73 95 11.2
    endloop
  endfacet
  facet normal 0 1 0
    outer loop
      vertex 12 95 11.2
      vertex 73 95 3.2
      vertex 12 95 3.2
    endloop
  endfacet
  facet normal 0 -1 0
    outer loop
      vertex 15 92.5 3.2
      vertex 70 92.5 11.2
      vertex 15 92.5 11.2
    endloop
  endfacet
  facet normal 0 -1 -0
    outer loop
      vertex 70 92.5 11.2
      vertex 15 92.5 3.2
      vertex 70 92.5 3.2
    endloop
  endfacet
  facet normal -1 0 0
    outer loop
      vertex 12 67 3.2
      vertex 12 95 11.2
      vertex 12 95 3.2
    endloop
  endfacet
  facet normal -1 -0 0
    outer loop
      vertex 12 95 11.2
      vertex 12 67 3.2
      vertex 12 67 11.2
    endloop
  endfacet
  facet normal 1 -0 0
    outer loop
      vertex 73 67 11.2
      vertex 73 95 3.2
      vertex 73 95 11.2
    endloop
  endfacet
  facet normal 1 0 0
    outer loop
      vertex 73 95 3.2
      vertex 73 67 11.2
      vertex 73 67 3.2
    endloop
  endfacet
  facet normal 1 -0 0
    outer loop
      vertex 230 67 11.2
      vertex 230 109 3.2
      vertex 230 109 11.2
    endloop
  endfacet
  facet normal 1 0 0
    outer loop
      vertex 230 109 3.2
      vertex 230 67 11.2
      vertex 230 67 3.2
    endloop
  endfacet
  facet normal 0 0 1
    outer loop
      vertex 230 109 11.2
      vertex 227 106 11.2
      vertex 230 67 11.2
    endloop
  endfacet
  facet normal 0 0 1
    outer loop
      vertex 230 109 11.2
      vertex 191 106 11.2
      vertex 227 106 11.2
    endloop
  endfacet
  facet normal 0 0 1
    outer loop
      vertex 191 106 11.2
      vertex 188 109 11.2
      vertex 191 70 11.2
    endloop
  endfacet
  facet normal -0 0 1
    outer loop
      vertex 188 109 11.2
      vertex 191 106 11.2
      vertex 230 109 11.2
    endloop
  endfacet
  facet normal -0 0 1
    outer loop
      vertex 227 70 11.2
      vertex 230 67 11.2
      vertex 227 106 11.2
    endloop
  endfacet
  facet normal -0 0 1
    outer loop
      vertex 191 70 11.2
      vertex 230 67 11.2
      vertex 227 70 11.2
    endloop
  endfacet
  facet normal 0 0 1
    outer loop
      vertex 191 70 11.2
      vertex 188 67 11.2
      vertex 230 67 11.2
    endloop
  endfacet
  facet normal 0 0 1
    outer loop
      vertex 188 67 11.2
      vertex 191 70 11.2
      vertex 188 109 11.2
    endloop
  endfacet
  facet normal -1 0 0
    outer loop
      vertex 188 67 3.2
      vertex 188 109 11.2
      vertex 188 109 3.2
    endloop
  endfacet
  facet normal -1 -0 0
    outer loop
      vertex 188 109 11.2
      vertex 188 67 3.2
      vertex 188 67 11.2
    endloop
  endfacet
  facet normal 0 1 -0
    outer loop
      vertex 227 70 3.2
      vertex 191 70 11.2
      vertex 227 70 11.2
    endloop
  endfacet
  facet normal 0 1 0
    outer loop
      vertex 191 70 11.2
      vertex 227 70 3.2
      vertex 191 70 3.2
    endloop
  endfacet
  facet normal 0 -1 0
    outer loop
      vertex 188 67 3.2
      vertex 230 67 11.2
      vertex 188 67 11.2
    endloop
  endfacet
  facet normal 0 -1 -0
    outer loop
      vertex 230 67 11.2
      vertex 188 67 3.2
      vertex 230 67 3.2
    endloop
  endfacet
  facet normal 0 1 -0
    outer loop
      vertex 230 109 3.2
      vertex 188 109 11.2
      vertex 230 109 11.2
    endloop
  endfacet
  facet normal 0 1 0
    outer loop
      vertex 188 109 11.2
      vertex 230 109 3.2
      vertex 188 109 3.2
    endloop
  endfacet
  facet normal 0 -1 0
    outer loop
      vertex 191 106 3.2
      vertex 227 106 11.2
      vertex 191 106 11.2
    endloop
  endfacet
  facet normal 0 -1 -0
    outer loop
      vertex 227 106 11.2
      vertex 191 106 3.2
      vertex 227 106 3.2
    endloop
  endfacet
  facet normal 1 -0 0
    outer loop
      vertex 191 70 11.2
      vertex 191 106 3.2
      vertex 191 106 11.2
    endloop
  endfacet
  facet normal 1 0 0
    outer loop
      vertex 191 106 3.2
      vertex 191 70 11.2
      vertex 191 70 3.2
    endloop
  endfacet
  facet normal -1 0 0
    outer loop
      vertex 227 70 3.2
      vertex 227 106 11.2
      vertex 227 106 3.2
    endloop
  endfacet
  facet normal -1 -0 0
    outer loop
      vertex 227 106 11.2
      vertex 227 70 3.2
      vertex 227 70 11.2
    endloop
  endfacet
  facet normal 0 0.980825 0.194891
    outer loop
      vertex 2.9 18.0409 10.8894
      vertex 0 18.0103 11.0434
      vertex 2.9 18.0103 11.0434
    endloop
  endfacet
  facet normal 0 0.980825 0.194891
    outer loop
      vertex 0 18.0103 11.0434
      vertex 2.9 18.0409 10.8894
      vertex 0 18.0409 10.8894
    endloop
  endfacet
  facet normal 0 0.555582 -0.831462
    outer loop
      vertex 0 18.4695 27.752
      vertex 2.9 18.6 27.8392
      vertex 2.9 18.4695 27.752
    endloop
  endfacet
  facet normal 0 0.555582 -0.831462
    outer loop
      vertex 2.9 18.6 27.8392
      vertex 0 18.4695 27.752
      vertex 0 18.6 27.8392
    endloop
  endfacet
  facet normal 0 0.997844 -0.0656309
    outer loop
      vertex 2.9 18 26.8
      vertex 0 18.0103 26.9566
      vertex 2.9 18.0103 26.9566
    endloop
  endfacet
  facet normal 0 0.997844 -0.0656309
    outer loop
      vertex 0 18.0103 26.9566
      vertex 2.9 18 26.8
      vertex 0 18 26.8
    endloop
  endfacet
  facet normal 0 0.831462 -0.555582
    outer loop
      vertex 2.9 18.1608 27.4
      vertex 0 18.248 27.5305
      vertex 2.9 18.248 27.5305
    endloop
  endfacet
  facet normal 0 0.831462 -0.555582
    outer loop
      vertex 0 18.248 27.5305
      vertex 2.9 18.1608 27.4
      vertex 0 18.1608 27.4
    endloop
  endfacet
  facet normal 0 -0.997844 -0.0656309
    outer loop
      vertex 0 21 26.8
      vertex 2.9 20.9897 26.9566
      vertex 0 20.9897 26.9566
    endloop
  endfacet
  facet normal 0 -0.997844 -0.0656309
    outer loop
      vertex 2.9 20.9897 26.9566
      vertex 0 21 26.8
      vertex 2.9 21 26.8
    endloop
  endfacet
  facet normal 0 0.751787 0.659406
    outer loop
      vertex 2.9 18.3515 10.3515
      vertex 0 18.248 10.4695
      vertex 2.9 18.248 10.4695
    endloop
  endfacet
  facet normal 0 0.751787 0.659406
    outer loop
      vertex 0 18.248 10.4695
      vertex 2.9 18.3515 10.3515
      vertex 0 18.3515 10.3515
    endloop
  endfacet
  facet normal 0 0.0656309 -0.997844
    outer loop
      vertex 0 19.0434 27.9897
      vertex 2.9 19.2 28
      vertex 2.9 19.0434 27.9897
    endloop
  endfacet
  facet normal 0 0.0656309 -0.997844
    outer loop
      vertex 2.9 19.2 28
      vertex 0 19.0434 27.9897
      vertex 0 19.2 28
    endloop
  endfacet
  facet normal 0 1 -0
    outer loop
      vertex 2.9 18 11.2
      vertex 0 18 26.8
      vertex 2.9 18 26.8
    endloop
  endfacet
  facet normal 0 1 0
    outer loop
      vertex 0 18 26.8
      vertex 2.9 18 11.2
      vertex 0 18 11.2
    endloop
  endfacet
  facet normal 0 0.896708 -0.442622
    outer loop
      vertex 2.9 18.0913 27.2592
      vertex 0 18.1608 27.4
      vertex 2.9 18.1608 27.4
    endloop
  endfacet
  facet normal 0 0.896708 -0.442622
    outer loop
      vertex 0 18.1608 27.4
      vertex 2.9 18.0913 27.2592
      vertex 0 18.0913 27.2592
    endloop
  endfacet
  facet normal 0 -0.321194 -0.947013
    outer loop
      vertex 0 20.1106 27.9591
      vertex 2.9 20.2592 27.9087
      vertex 2.9 20.1106 27.9591
    endloop
  endfacet
  facet normal -0 -0.321194 -0.947013
    outer loop
      vertex 2.9 20.2592 27.9087
      vertex 0 20.1106 27.9591
      vertex 0 20.2592 27.9087
    endloop
  endfacet
  facet normal 0 -0.442622 -0.896708
    outer loop
      vertex 0 20.2592 27.9087
      vertex 2.9 20.4 27.8392
      vertex 2.9 20.2592 27.9087
    endloop
  endfacet
  facet normal -0 -0.442622 -0.896708
    outer loop
      vertex 2.9 20.4 27.8392
      vertex 0 20.2592 27.9087
      vertex 0 20.4 27.8392
    endloop
  endfacet
  facet normal 0 0.980825 -0.194891
    outer loop
      vertex 2.9 18.0103 26.9566
      vertex 0 18.0409 27.1106
      vertex 2.9 18.0409 27.1106
    endloop
  endfacet
  facet normal 0 0.980825 -0.194891
    outer loop
      vertex 0 18.0409 27.1106
      vertex 2.9 18.0103 26.9566
      vertex 0 18.0103 26.9566
    endloop
  endfacet
  facet normal 0 -0.980825 -0.194891
    outer loop
      vertex 0 20.9897 26.9566
      vertex 2.9 20.9591 27.1106
      vertex 0 20.9591 27.1106
    endloop
  endfacet
  facet normal 0 -0.980825 -0.194891
    outer loop
      vertex 2.9 20.9591 27.1106
      vertex 0 20.9897 26.9566
      vertex 2.9 20.9897 26.9566
    endloop
  endfacet
  facet normal 0 0.194891 -0.980825
    outer loop
      vertex 0 18.8894 27.9591
      vertex 2.9 19.0434 27.9897
      vertex 2.9 18.8894 27.9591
    endloop
  endfacet
  facet normal 0 0.194891 -0.980825
    outer loop
      vertex 2.9 19.0434 27.9897
      vertex 0 18.8894 27.9591
      vertex 0 19.0434 27.9897
    endloop
  endfacet
  facet normal 0 -1 0
    outer loop
      vertex 0 21 11.2
      vertex 2.9 21 26.8
      vertex 0 21 26.8
    endloop
  endfacet
  facet normal 0 -1 -0
    outer loop
      vertex 2.9 21 26.8
      vertex 0 21 11.2
      vertex 2.9 21 11.2
    endloop
  endfacet
  facet normal -0 0.0656309 0.997844
    outer loop
      vertex 0 19.2 10
      vertex 2.9 19.0434 10.0103
      vertex 2.9 19.2 10
    endloop
  endfacet
  facet normal 0 0.0656309 0.997844
    outer loop
      vertex 2.9 19.0434 10.0103
      vertex 0 19.2 10
      vertex 0 19.0434 10.0103
    endloop
  endfacet
  facet normal 0 0.751787 -0.659406
    outer loop
      vertex 2.9 18.248 27.5305
      vertex 0 18.3515 27.6485
      vertex 2.9 18.3515 27.6485
    endloop
  endfacet
  facet normal 0 0.751787 -0.659406
    outer loop
      vertex 0 18.3515 27.6485
      vertex 2.9 18.248 27.5305
      vertex 0 18.248 27.5305
    endloop
  endfacet
  facet normal 0 -0.896708 -0.442622
    outer loop
      vertex 0 20.9087 27.2592
      vertex 2.9 20.8392 27.4
      vertex 0 20.8392 27.4
    endloop
  endfacet
  facet normal 0 -0.896708 -0.442622
    outer loop
      vertex 2.9 20.8392 27.4
      vertex 0 20.9087 27.2592
      vertex 2.9 20.9087 27.2592
    endloop
  endfacet
  facet normal 0 0.997844 0.0656309
    outer loop
      vertex 2.9 18.0103 11.0434
      vertex 0 18 11.2
      vertex 2.9 18 11.2
    endloop
  endfacet
  facet normal 0 0.997844 0.0656309
    outer loop
      vertex 0 18 11.2
      vertex 2.9 18.0103 11.0434
      vertex 0 18.0103 11.0434
    endloop
  endfacet
  facet normal 0 -0.947013 0.321194
    outer loop
      vertex 0 20.9087 10.7408
      vertex 2.9 20.9591 10.8894
      vertex 0 20.9591 10.8894
    endloop
  endfacet
  facet normal 0 -0.947013 0.321194
    outer loop
      vertex 2.9 20.9591 10.8894
      vertex 0 20.9087 10.7408
      vertex 2.9 20.9087 10.7408
    endloop
  endfacet
  facet normal 0 -0.194891 -0.980825
    outer loop
      vertex 0 19.9566 27.9897
      vertex 2.9 20.1106 27.9591
      vertex 2.9 19.9566 27.9897
    endloop
  endfacet
  facet normal -0 -0.194891 -0.980825
    outer loop
      vertex 2.9 20.1106 27.9591
      vertex 0 19.9566 27.9897
      vertex 0 20.1106 27.9591
    endloop
  endfacet
  facet normal 0 -0.194891 0.980825
    outer loop
      vertex 0 20.1106 10.0409
      vertex 2.9 19.9566 10.0103
      vertex 2.9 20.1106 10.0409
    endloop
  endfacet
  facet normal 0 -0.194891 0.980825
    outer loop
      vertex 2.9 19.9566 10.0103
      vertex 0 20.1106 10.0409
      vertex 0 19.9566 10.0103
    endloop
  endfacet
  facet normal 0 0.659406 -0.751787
    outer loop
      vertex 0 18.3515 27.6485
      vertex 2.9 18.4695 27.752
      vertex 2.9 18.3515 27.6485
    endloop
  endfacet
  facet normal 0 0.659406 -0.751787
    outer loop
      vertex 2.9 18.4695 27.752
      vertex 0 18.3515 27.6485
      vertex 0 18.4695 27.752
    endloop
  endfacet
  facet normal 0 0.831462 0.555582
    outer loop
      vertex 2.9 18.248 10.4695
      vertex 0 18.1608 10.6
      vertex 2.9 18.1608 10.6
    endloop
  endfacet
  facet normal 0 0.831462 0.555582
    outer loop
      vertex 0 18.1608 10.6
      vertex 2.9 18.248 10.4695
      vertex 0 18.248 10.4695
    endloop
  endfacet
  facet normal 0 0.442622 -0.896708
    outer loop
      vertex 0 18.6 27.8392
      vertex 2.9 18.7408 27.9087
      vertex 2.9 18.6 27.8392
    endloop
  endfacet
  facet normal 0 0.442622 -0.896708
    outer loop
      vertex 2.9 18.7408 27.9087
      vertex 0 18.6 27.8392
      vertex 0 18.7408 27.9087
    endloop
  endfacet
  facet normal 0 0 -1
    outer loop
      vertex 0 19.2 28
      vertex 2.9 19.8 28
      vertex 2.9 19.2 28
    endloop
  endfacet
  facet normal -0 0 -1
    outer loop
      vertex 2.9 19.8 28
      vertex 0 19.2 28
      vertex 0 19.8 28
    endloop
  endfacet
  facet normal 0 -0.0656309 -0.997844
    outer loop
      vertex 0 19.8 28
      vertex 2.9 19.9566 27.9897
      vertex 2.9 19.8 28
    endloop
  endfacet
  facet normal -0 -0.0656309 -0.997844
    outer loop
      vertex 2.9 19.9566 27.9897
      vertex 0 19.8 28
      vertex 0 19.9566 27.9897
    endloop
  endfacet
  facet normal 0 -0.555582 -0.831462
    outer loop
      vertex 0 20.4 27.8392
      vertex 2.9 20.5305 27.752
      vertex 2.9 20.4 27.8392
    endloop
  endfacet
  facet normal -0 -0.555582 -0.831462
    outer loop
      vertex 2.9 20.5305 27.752
      vertex 0 20.4 27.8392
      vertex 0 20.5305 27.752
    endloop
  endfacet
  facet normal -0 0.555582 0.831462
    outer loop
      vertex 0 18.6 10.1608
      vertex 2.9 18.4695 10.248
      vertex 2.9 18.6 10.1608
    endloop
  endfacet
  facet normal 0 0.555582 0.831462
    outer loop
      vertex 2.9 18.4695 10.248
      vertex 0 18.6 10.1608
      vertex 0 18.4695 10.248
    endloop
  endfacet
  facet normal 0 0.896708 0.442622
    outer loop
      vertex 2.9 18.1608 10.6
      vertex 0 18.0913 10.7408
      vertex 2.9 18.0913 10.7408
    endloop
  endfacet
  facet normal 0 0.896708 0.442622
    outer loop
      vertex 0 18.0913 10.7408
      vertex 2.9 18.1608 10.6
      vertex 0 18.1608 10.6
    endloop
  endfacet
  facet normal 0 -0.659406 -0.751787
    outer loop
      vertex 0 20.5305 27.752
      vertex 2.9 20.6485 27.6485
      vertex 2.9 20.5305 27.752
    endloop
  endfacet
  facet normal -0 -0.659406 -0.751787
    outer loop
      vertex 2.9 20.6485 27.6485
      vertex 0 20.5305 27.752
      vertex 0 20.6485 27.6485
    endloop
  endfacet
  facet normal 0 0.947013 -0.321194
    outer loop
      vertex 2.9 18.0409 27.1106
      vertex 0 18.0913 27.2592
      vertex 2.9 18.0913 27.2592
    endloop
  endfacet
  facet normal 0 0.947013 -0.321194
    outer loop
      vertex 0 18.0913 27.2592
      vertex 2.9 18.0409 27.1106
      vertex 0 18.0409 27.1106
    endloop
  endfacet
  facet normal -0 0.659406 0.751787
    outer loop
      vertex 0 18.4695 10.248
      vertex 2.9 18.3515 10.3515
      vertex 2.9 18.4695 10.248
    endloop
  endfacet
  facet normal 0 0.659406 0.751787
    outer loop
      vertex 2.9 18.3515 10.3515
      vertex 0 18.4695 10.248
      vertex 0 18.3515 10.3515
    endloop
  endfacet
  facet normal -0 0 1
    outer loop
      vertex 0 19.8 10
      vertex 2.9 19.2 10
      vertex 2.9 19.8 10
    endloop
  endfacet
  facet normal 0 0 1
    outer loop
      vertex 2.9 19.2 10
      vertex 0 19.8 10
      vertex 0 19.2 10
    endloop
  endfacet
  facet normal 0 -0.0656309 0.997844
    outer loop
      vertex 0 19.9566 10.0103
      vertex 2.9 19.8 10
      vertex 2.9 19.9566 10.0103
    endloop
  endfacet
  facet normal 0 -0.0656309 0.997844
    outer loop
      vertex 2.9 19.8 10
      vertex 0 19.9566 10.0103
      vertex 0 19.8 10
    endloop
  endfacet
  facet normal 0 0.947013 0.321194
    outer loop
      vertex 2.9 18.0913 10.7408
      vertex 0 18.0409 10.8894
      vertex 2.9 18.0409 10.8894
    endloop
  endfacet
  facet normal 0 0.947013 0.321194
    outer loop
      vertex 0 18.0409 10.8894
      vertex 2.9 18.0913 10.7408
      vertex 0 18.0913 10.7408
    endloop
  endfacet
  facet normal 0 -0.947013 -0.321194
    outer loop
      vertex 0 20.9591 27.1106
      vertex 2.9 20.9087 27.2592
      vertex 0 20.9087 27.2592
    endloop
  endfacet
  facet normal 0 -0.947013 -0.321194
    outer loop
      vertex 2.9 20.9087 27.2592
      vertex 0 20.9591 27.1106
      vertex 2.9 20.9591 27.1106
    endloop
  endfacet
  facet normal -1 0 0
    outer loop
      vertex 2.9 19.8 10
      vertex 2.9 21 11.2
      vertex 2.9 20.9897 11.0434
    endloop
  endfacet
  facet normal -1 0 0
    outer loop
      vertex 2.9 21 11.2
      vertex 2.9 18 11.2
      vertex 2.9 21 26.8
    endloop
  endfacet
  facet normal -1 0 0
    outer loop
      vertex 2.9 19.8 10
      vertex 2.9 20.9897 11.0434
      vertex 2.9 20.9591 10.8894
    endloop
  endfacet
  facet normal -1 0 0
    outer loop
      vertex 2.9 18 26.8
      vertex 2.9 21 26.8
      vertex 2.9 18 11.2
    endloop
  endfacet
  facet normal -1 0 0
    outer loop
      vertex 2.9 19.8 10
      vertex 2.9 20.9591 10.8894
      vertex 2.9 20.9087 10.7408
    endloop
  endfacet
  facet normal -1 0 -0
    outer loop
      vertex 2.9 19.8 28
      vertex 2.9 21 26.8
      vertex 2.9 18 26.8
    endloop
  endfacet
  facet normal -1 0 0
    outer loop
      vertex 2.9 19.8 10
      vertex 2.9 20.9087 10.7408
      vertex 2.9 20.8392 10.6
    endloop
  endfacet
  facet normal -1 0 0
    outer loop
      vertex 2.9 21 26.8
      vertex 2.9 19.8 28
      vertex 2.9 20.9897 26.9566
    endloop
  endfacet
  facet normal -1 0 0
    outer loop
      vertex 2.9 19.8 10
      vertex 2.9 20.8392 10.6
      vertex 2.9 20.752 10.4695
    endloop
  endfacet
  facet normal -1 0 0
    outer loop
      vertex 2.9 20.9897 26.9566
      vertex 2.9 19.8 28
      vertex 2.9 20.9591 27.1106
    endloop
  endfacet
  facet normal -1 0 0
    outer loop
      vertex 2.9 19.8 10
      vertex 2.9 20.752 10.4695
      vertex 2.9 20.6485 10.3515
    endloop
  endfacet
  facet normal -1 0 0
    outer loop
      vertex 2.9 20.9591 27.1106
      vertex 2.9 19.8 28
      vertex 2.9 20.9087 27.2592
    endloop
  endfacet
  facet normal -1 0 0
    outer loop
      vertex 2.9 19.8 10
      vertex 2.9 20.6485 10.3515
      vertex 2.9 20.5305 10.248
    endloop
  endfacet
  facet normal -1 0 0
    outer loop
      vertex 2.9 20.9087 27.2592
      vertex 2.9 19.8 28
      vertex 2.9 20.8392 27.4
    endloop
  endfacet
  facet normal -1 0 0
    outer loop
      vertex 2.9 19.8 10
      vertex 2.9 20.5305 10.248
      vertex 2.9 20.4 10.1608
    endloop
  endfacet
  facet normal -1 0 0
    outer loop
      vertex 2.9 20.8392 27.4
      vertex 2.9 19.8 28
      vertex 2.9 20.752 27.5305
    endloop
  endfacet
  facet normal -1 0 0
    outer loop
      vertex 2.9 19.8 10
      vertex 2.9 20.4 10.1608
      vertex 2.9 20.2592 10.0913
    endloop
  endfacet
  facet normal -1 0 0
    outer loop
      vertex 2.9 20.752 27.5305
      vertex 2.9 19.8 28
      vertex 2.9 20.6485 27.6485
    endloop
  endfacet
  facet normal -1 0 0
    outer loop
      vertex 2.9 19.8 10
      vertex 2.9 20.2592 10.0913
      vertex 2.9 20.1106 10.0409
    endloop
  endfacet
  facet normal -1 0 0
    outer loop
      vertex 2.9 20.6485 27.6485
      vertex 2.9 19.8 28
      vertex 2.9 20.5305 27.752
    endloop
  endfacet
  facet normal -1 0 0
    outer loop
      vertex 2.9 19.8 10
      vertex 2.9 20.1106 10.0409
      vertex 2.9 19.9566 10.0103
    endloop
  endfacet
  facet normal -1 0 0
    outer loop
      vertex 2.9 20.5305 27.752
      vertex 2.9 19.8 28
      vertex 2.9 20.4 27.8392
    endloop
  endfacet
  facet normal -1 -0 0
    outer loop
      vertex 2.9 21 11.2
      vertex 2.9 19.8 10
      vertex 2.9 18 11.2
    endloop
  endfacet
  facet normal -1 0 0
    outer loop
      vertex 2.9 20.4 27.8392
      vertex 2.9 19.8 28
      vertex 2.9 20.2592 27.9087
    endloop
  endfacet
  facet normal -1 0 0
    outer loop
      vertex 2.9 18 11.2
      vertex 2.9 19.8 10
      vertex 2.9 19.2 10
    endloop
  endfacet
  facet normal -1 0 0
    outer loop
      vertex 2.9 20.2592 27.9087
      vertex 2.9 19.8 28
      vertex 2.9 20.1106 27.9591
    endloop
  endfacet
  facet normal -1 0 0
    outer loop
      vertex 2.9 18 11.2
      vertex 2.9 19.2 10
      vertex 2.9 19.0434 10.0103
    endloop
  endfacet
  facet normal -1 0 0
    outer loop
      vertex 2.9 20.1106 27.9591
      vertex 2.9 19.8 28
      vertex 2.9 19.9566 27.9897
    endloop
  endfacet
  facet normal -1 0 0
    outer loop
      vertex 2.9 18 11.2
      vertex 2.9 19.0434 10.0103
      vertex 2.9 18.8894 10.0409
    endloop
  endfacet
  facet normal -1 -0 0
    outer loop
      vertex 2.9 19.8 28
      vertex 2.9 18 26.8
      vertex 2.9 19.2 28
    endloop
  endfacet
  facet normal -1 0 0
    outer loop
      vertex 2.9 18 11.2
      vertex 2.9 18.8894 10.0409
      vertex 2.9 18.7408 10.0913
    endloop
  endfacet
  facet normal -1 0 0
    outer loop
      vertex 2.9 19.2 28
      vertex 2.9 18 26.8
      vertex 2.9 19.0434 27.9897
    endloop
  endfacet
  facet normal -1 0 0
    outer loop
      vertex 2.9 18 11.2
      vertex 2.9 18.7408 10.0913
      vertex 2.9 18.6 10.1608
    endloop
  endfacet
  facet normal -1 0 0
    outer loop
      vertex 2.9 19.0434 27.9897
      vertex 2.9 18 26.8
      vertex 2.9 18.8894 27.9591
    endloop
  endfacet
  facet normal -1 0 0
    outer loop
      vertex 2.9 18 11.2
      vertex 2.9 18.6 10.1608
      vertex 2.9 18.4695 10.248
    endloop
  endfacet
  facet normal -1 0 0
    outer loop
      vertex 2.9 18.8894 27.9591
      vertex 2.9 18 26.8
      vertex 2.9 18.7408 27.9087
    endloop
  endfacet
  facet normal -1 0 0
    outer loop
      vertex 2.9 18 11.2
      vertex 2.9 18.4695 10.248
      vertex 2.9 18.3515 10.3515
    endloop
  endfacet
  facet normal -1 0 0
    outer loop
      vertex 2.9 18.7408 27.9087
      vertex 2.9 18 26.8
      vertex 2.9 18.6 27.8392
    endloop
  endfacet
  facet normal -1 0 0
    outer loop
      vertex 2.9 18 11.2
      vertex 2.9 18.3515 10.3515
      vertex 2.9 18.248 10.4695
    endloop
  endfacet
  facet normal -1 0 0
    outer loop
      vertex 2.9 18.6 27.8392
      vertex 2.9 18 26.8
      vertex 2.9 18.4695 27.752
    endloop
  endfacet
  facet normal -1 0 0
    outer loop
      vertex 2.9 18 11.2
      vertex 2.9 18.248 10.4695
      vertex 2.9 18.1608 10.6
    endloop
  endfacet
  facet normal -1 0 0
    outer loop
      vertex 2.9 18.4695 27.752
      vertex 2.9 18 26.8
      vertex 2.9 18.3515 27.6485
    endloop
  endfacet
  facet normal -1 0 0
    outer loop
      vertex 2.9 18 11.2
      vertex 2.9 18.1608 10.6
      vertex 2.9 18.0913 10.7408
    endloop
  endfacet
  facet normal -1 0 0
    outer loop
      vertex 2.9 18.3515 27.6485
      vertex 2.9 18 26.8
      vertex 2.9 18.248 27.5305
    endloop
  endfacet
  facet normal -1 0 0
    outer loop
      vertex 2.9 18 11.2
      vertex 2.9 18.0913 10.7408
      vertex 2.9 18.0409 10.8894
    endloop
  endfacet
  facet normal -1 0 0
    outer loop
      vertex 2.9 18.248 27.5305
      vertex 2.9 18 26.8
      vertex 2.9 18.1608 27.4
    endloop
  endfacet
  facet normal -1 0 0
    outer loop
      vertex 2.9 18 11.2
      vertex 2.9 18.0409 10.8894
      vertex 2.9 18.0103 11.0434
    endloop
  endfacet
  facet normal -1 0 0
    outer loop
      vertex 2.9 18.1608 27.4
      vertex 2.9 18 26.8
      vertex 2.9 18.0913 27.2592
    endloop
  endfacet
  facet normal -1 0 0
    outer loop
      vertex 2.9 18.0913 27.2592
      vertex 2.9 18 26.8
      vertex 2.9 18.0409 27.1106
    endloop
  endfacet
  facet normal -1 0 0
    outer loop
      vertex 2.9 18.0409 27.1106
      vertex 2.9 18 26.8
      vertex 2.9 18.0103 26.9566
    endloop
  endfacet
  facet normal 0 -0.751787 -0.659406
    outer loop
      vertex 0 20.752 27.5305
      vertex 2.9 20.6485 27.6485
      vertex 0 20.6485 27.6485
    endloop
  endfacet
  facet normal 0 -0.751787 -0.659406
    outer loop
      vertex 2.9 20.6485 27.6485
      vertex 0 20.752 27.5305
      vertex 2.9 20.752 27.5305
    endloop
  endfacet
  facet normal 0 -0.751787 0.659406
    outer loop
      vertex 0 20.6485 10.3515
      vertex 2.9 20.752 10.4695
      vertex 0 20.752 10.4695
    endloop
  endfacet
  facet normal 0 -0.751787 0.659406
    outer loop
      vertex 2.9 20.752 10.4695
      vertex 0 20.6485 10.3515
      vertex 2.9 20.6485 10.3515
    endloop
  endfacet
  facet normal 0 -0.659406 0.751787
    outer loop
      vertex 0 20.6485 10.3515
      vertex 2.9 20.5305 10.248
      vertex 2.9 20.6485 10.3515
    endloop
  endfacet
  facet normal 0 -0.659406 0.751787
    outer loop
      vertex 2.9 20.5305 10.248
      vertex 0 20.6485 10.3515
      vertex 0 20.5305 10.248
    endloop
  endfacet
  facet normal 0 -0.896708 0.442622
    outer loop
      vertex 0 20.8392 10.6
      vertex 2.9 20.9087 10.7408
      vertex 0 20.9087 10.7408
    endloop
  endfacet
  facet normal 0 -0.896708 0.442622
    outer loop
      vertex 2.9 20.9087 10.7408
      vertex 0 20.8392 10.6
      vertex 2.9 20.8392 10.6
    endloop
  endfacet
  facet normal 0 -0.321194 0.947013
    outer loop
      vertex 0 20.2592 10.0913
      vertex 2.9 20.1106 10.0409
      vertex 2.9 20.2592 10.0913
    endloop
  endfacet
  facet normal 0 -0.321194 0.947013
    outer loop
      vertex 2.9 20.1106 10.0409
      vertex 0 20.2592 10.0913
      vertex 0 20.1106 10.0409
    endloop
  endfacet
  facet normal 0 -0.442622 0.896708
    outer loop
      vertex 0 20.4 10.1608
      vertex 2.9 20.2592 10.0913
      vertex 2.9 20.4 10.1608
    endloop
  endfacet
  facet normal 0 -0.442622 0.896708
    outer loop
      vertex 2.9 20.2592 10.0913
      vertex 0 20.4 10.1608
      vertex 0 20.2592 10.0913
    endloop
  endfacet
  facet normal -0 0.194891 0.980825
    outer loop
      vertex 0 19.0434 10.0103
      vertex 2.9 18.8894 10.0409
      vertex 2.9 19.0434 10.0103
    endloop
  endfacet
  facet normal 0 0.194891 0.980825
    outer loop
      vertex 2.9 18.8894 10.0409
      vertex 0 19.0434 10.0103
      vertex 0 18.8894 10.0409
    endloop
  endfacet
  facet normal 0 -0.831462 -0.555582
    outer loop
      vertex 0 20.8392 27.4
      vertex 2.9 20.752 27.5305
      vertex 0 20.752 27.5305
    endloop
  endfacet
  facet normal 0 -0.831462 -0.555582
    outer loop
      vertex 2.9 20.752 27.5305
      vertex 0 20.8392 27.4
      vertex 2.9 20.8392 27.4
    endloop
  endfacet
  facet normal -0 0.321194 0.947013
    outer loop
      vertex 0 18.8894 10.0409
      vertex 2.9 18.7408 10.0913
      vertex 2.9 18.8894 10.0409
    endloop
  endfacet
  facet normal 0 0.321194 0.947013
    outer loop
      vertex 2.9 18.7408 10.0913
      vertex 0 18.8894 10.0409
      vertex 0 18.7408 10.0913
    endloop
  endfacet
  facet normal 0 -0.831462 0.555582
    outer loop
      vertex 0 20.752 10.4695
      vertex 2.9 20.8392 10.6
      vertex 0 20.8392 10.6
    endloop
  endfacet
  facet normal 0 -0.831462 0.555582
    outer loop
      vertex 2.9 20.8392 10.6
      vertex 0 20.752 10.4695
      vertex 2.9 20.752 10.4695
    endloop
  endfacet
  facet normal -0 0.442622 0.896708
    outer loop
      vertex 0 18.7408 10.0913
      vertex 2.9 18.6 10.1608
      vertex 2.9 18.7408 10.0913
    endloop
  endfacet
  facet normal 0 0.442622 0.896708
    outer loop
      vertex 2.9 18.6 10.1608
      vertex 0 18.7408 10.0913
      vertex 0 18.6 10.1608
    endloop
  endfacet
  facet normal 0 -0.997844 0.0656309
    outer loop
      vertex 0 20.9897 11.0434
      vertex 2.9 21 11.2
      vertex 0 21 11.2
    endloop
  endfacet
  facet normal 0 -0.997844 0.0656309
    outer loop
      vertex 2.9 21 11.2
      vertex 0 20.9897 11.0434
      vertex 2.9 20.9897 11.0434
    endloop
  endfacet
  facet normal 0 0.321194 -0.947013
    outer loop
      vertex 0 18.7408 27.9087
      vertex 2.9 18.8894 27.9591
      vertex 2.9 18.7408 27.9087
    endloop
  endfacet
  facet normal 0 0.321194 -0.947013
    outer loop
      vertex 2.9 18.8894 27.9591
      vertex 0 18.7408 27.9087
      vertex 0 18.8894 27.9591
    endloop
  endfacet
  facet normal 0 -0.980825 0.194891
    outer loop
      vertex 0 20.9591 10.8894
      vertex 2.9 20.9897 11.0434
      vertex 0 20.9897 11.0434
    endloop
  endfacet
  facet normal 0 -0.980825 0.194891
    outer loop
      vertex 2.9 20.9897 11.0434
      vertex 0 20.9591 10.8894
      vertex 2.9 20.9591 10.8894
    endloop
  endfacet
  facet normal 0 -0.555582 0.831462
    outer loop
      vertex 0 20.5305 10.248
      vertex 2.9 20.4 10.1608
      vertex 2.9 20.5305 10.248
    endloop
  endfacet
  facet normal 0 -0.555582 0.831462
    outer loop
      vertex 2.9 20.4 10.1608
      vertex 0 20.5305 10.248
      vertex 0 20.4 10.1608
    endloop
  endfacet
  facet normal 0 0.980825 0.194891
    outer loop
      vertex 2.9 28.0409 10.8894
      vertex 0 28.0103 11.0434
      vertex 2.9 28.0103 11.0434
    endloop
  endfacet
  facet normal 0 0.980825 0.194891
    outer loop
      vertex 0 28.0103 11.0434
      vertex 2.9 28.0409 10.8894
      vertex 0 28.0409 10.8894
    endloop
  endfacet
  facet normal 0 0.555582 -0.831462
    outer loop
      vertex 0 28.4695 27.752
      vertex 2.9 28.6 27.8392
      vertex 2.9 28.4695 27.752
    endloop
  endfacet
  facet normal 0 0.555582 -0.831462
    outer loop
      vertex 2.9 28.6 27.8392
      vertex 0 28.4695 27.752
      vertex 0 28.6 27.8392
    endloop
  endfacet
  facet normal 0 0.997844 -0.0656309
    outer loop
      vertex 2.9 28 26.8
      vertex 0 28.0103 26.9566
      vertex 2.9 28.0103 26.9566
    endloop
  endfacet
  facet normal 0 0.997844 -0.0656309
    outer loop
      vertex 0 28.0103 26.9566
      vertex 2.9 28 26.8
      vertex 0 28 26.8
    endloop
  endfacet
  facet normal 0 0.831462 -0.555582
    outer loop
      vertex 2.9 28.1608 27.4
      vertex 0 28.248 27.5305
      vertex 2.9 28.248 27.5305
    endloop
  endfacet
  facet normal 0 0.831462 -0.555582
    outer loop
      vertex 0 28.248 27.5305
      vertex 2.9 28.1608 27.4
      vertex 0 28.1608 27.4
    endloop
  endfacet
  facet normal 0 -0.997844 -0.0656309
    outer loop
      vertex 0 31 26.8
      vertex 2.9 30.9897 26.9566
      vertex 0 30.9897 26.9566
    endloop
  endfacet
  facet normal 0 -0.997844 -0.0656309
    outer loop
      vertex 2.9 30.9897 26.9566
      vertex 0 31 26.8
      vertex 2.9 31 26.8
    endloop
  endfacet
  facet normal 0 0.751787 0.659406
    outer loop
      vertex 2.9 28.3515 10.3515
      vertex 0 28.248 10.4695
      vertex 2.9 28.248 10.4695
    endloop
  endfacet
  facet normal 0 0.751787 0.659406
    outer loop
      vertex 0 28.248 10.4695
      vertex 2.9 28.3515 10.3515
      vertex 0 28.3515 10.3515
    endloop
  endfacet
  facet normal 0 0.0656309 -0.997844
    outer loop
      vertex 0 29.0434 27.9897
      vertex 2.9 29.2 28
      vertex 2.9 29.0434 27.9897
    endloop
  endfacet
  facet normal 0 0.0656309 -0.997844
    outer loop
      vertex 2.9 29.2 28
      vertex 0 29.0434 27.9897
      vertex 0 29.2 28
    endloop
  endfacet
  facet normal 0 1 -0
    outer loop
      vertex 2.9 28 11.2
      vertex 0 28 26.8
      vertex 2.9 28 26.8
    endloop
  endfacet
  facet normal 0 1 0
    outer loop
      vertex 0 28 26.8
      vertex 2.9 28 11.2
      vertex 0 28 11.2
    endloop
  endfacet
  facet normal 0 0.896708 -0.442622
    outer loop
      vertex 2.9 28.0913 27.2592
      vertex 0 28.1608 27.4
      vertex 2.9 28.1608 27.4
    endloop
  endfacet
  facet normal 0 0.896708 -0.442622
    outer loop
      vertex 0 28.1608 27.4
      vertex 2.9 28.0913 27.2592
      vertex 0 28.0913 27.2592
    endloop
  endfacet
  facet normal 0 -0.321194 -0.947013
    outer loop
      vertex 0 30.1106 27.9591
      vertex 2.9 30.2592 27.9087
      vertex 2.9 30.1106 27.9591
    endloop
  endfacet
  facet normal -0 -0.321194 -0.947013
    outer loop
      vertex 2.9 30.2592 27.9087
      vertex 0 30.1106 27.9591
      vertex 0 30.2592 27.9087
    endloop
  endfacet
  facet normal 0 -0.442622 -0.896708
    outer loop
      vertex 0 30.2592 27.9087
      vertex 2.9 30.4 27.8392
      vertex 2.9 30.2592 27.9087
    endloop
  endfacet
  facet normal -0 -0.442622 -0.896708
    outer loop
      vertex 2.9 30.4 27.8392
      vertex 0 30.2592 27.9087
      vertex 0 30.4 27.8392
    endloop
  endfacet
  facet normal 0 0.980825 -0.194891
    outer loop
      vertex 2.9 28.0103 26.9566
      vertex 0 28.0409 27.1106
      vertex 2.9 28.0409 27.1106
    endloop
  endfacet
  facet normal 0 0.980825 -0.194891
    outer loop
      vertex 0 28.0409 27.1106
      vertex 2.9 28.0103 26.9566
      vertex 0 28.0103 26.9566
    endloop
  endfacet
  facet normal 0 -0.980825 -0.194891
    outer loop
      vertex 0 30.9897 26.9566
      vertex 2.9 30.9591 27.1106
      vertex 0 30.9591 27.1106
    endloop
  endfacet
  facet normal 0 -0.980825 -0.194891
    outer loop
      vertex 2.9 30.9591 27.1106
      vertex 0 30.9897 26.9566
      vertex 2.9 30.9897 26.9566
    endloop
  endfacet
  facet normal 0 0.194891 -0.980825
    outer loop
      vertex 0 28.8894 27.9591
      vertex 2.9 29.0434 27.9897
      vertex 2.9 28.8894 27.9591
    endloop
  endfacet
  facet normal 0 0.194891 -0.980825
    outer loop
      vertex 2.9 29.0434 27.9897
      vertex 0 28.8894 27.9591
      vertex 0 29.0434 27.9897
    endloop
  endfacet
  facet normal 0 -1 0
    outer loop
      vertex 0 31 11.2
      vertex 2.9 31 26.8
      vertex 0 31 26.8
    endloop
  endfacet
  facet normal 0 -1 -0
    outer loop
      vertex 2.9 31 26.8
      vertex 0 31 11.2
      vertex 2.9 31 11.2
    endloop
  endfacet
  facet normal -0 0.0656309 0.997844
    outer loop
      vertex 0 29.2 10
      vertex 2.9 29.0434 10.0103
      vertex 2.9 29.2 10
    endloop
  endfacet
  facet normal 0 0.0656309 0.997844
    outer loop
      vertex 2.9 29.0434 10.0103
      vertex 0 29.2 10
      vertex 0 29.0434 10.0103
    endloop
  endfacet
  facet normal 0 0.751787 -0.659406
    outer loop
      vertex 2.9 28.248 27.5305
      vertex 0 28.3515 27.6485
      vertex 2.9 28.3515 27.6485
    endloop
  endfacet
  facet normal 0 0.751787 -0.659406
    outer loop
      vertex 0 28.3515 27.6485
      vertex 2.9 28.248 27.5305
      vertex 0 28.248 27.5305
    endloop
  endfacet
  facet normal 0 -0.896708 -0.442622
    outer loop
      vertex 0 30.9087 27.2592
      vertex 2.9 30.8392 27.4
      vertex 0 30.8392 27.4
    endloop
  endfacet
  facet normal 0 -0.896708 -0.442622
    outer loop
      vertex 2.9 30.8392 27.4
      vertex 0 30.9087 27.2592
      vertex 2.9 30.9087 27.2592
    endloop
  endfacet
  facet normal 0 0.997844 0.0656309
    outer loop
      vertex 2.9 28.0103 11.0434
      vertex 0 28 11.2
      vertex 2.9 28 11.2
    endloop
  endfacet
  facet normal 0 0.997844 0.0656309
    outer loop
      vertex 0 28 11.2
      vertex 2.9 28.0103 11.0434
      vertex 0 28.0103 11.0434
    endloop
  endfacet
  facet normal 0 -0.947013 0.321194
    outer loop
      vertex 0 30.9087 10.7408
      vertex 2.9 30.9591 10.8894
      vertex 0 30.9591 10.8894
    endloop
  endfacet
  facet normal 0 -0.947013 0.321194
    outer loop
      vertex 2.9 30.9591 10.8894
      vertex 0 30.9087 10.7408
      vertex 2.9 30.9087 10.7408
    endloop
  endfacet
  facet normal 0 -0.194891 -0.980825
    outer loop
      vertex 0 29.9566 27.9897
      vertex 2.9 30.1106 27.9591
      vertex 2.9 29.9566 27.9897
    endloop
  endfacet
  facet normal -0 -0.194891 -0.980825
    outer loop
      vertex 2.9 30.1106 27.9591
      vertex 0 29.9566 27.9897
      vertex 0 30.1106 27.9591
    endloop
  endfacet
  facet normal 0 -0.194891 0.980825
    outer loop
      vertex 0 30.1106 10.0409
      vertex 2.9 29.9566 10.0103
      vertex 2.9 30.1106 10.0409
    endloop
  endfacet
  facet normal 0 -0.194891 0.980825
    outer loop
      vertex 2.9 29.9566 10.0103
      vertex 0 30.1106 10.0409
      vertex 0 29.9566 10.0103
    endloop
  endfacet
  facet normal 0 0.659406 -0.751787
    outer loop
      vertex 0 28.3515 27.6485
      vertex 2.9 28.4695 27.752
      vertex 2.9 28.3515 27.6485
    endloop
  endfacet
  facet normal 0 0.659406 -0.751787
    outer loop
      vertex 2.9 28.4695 27.752
      vertex 0 28.3515 27.6485
      vertex 0 28.4695 27.752
    endloop
  endfacet
  facet normal 0 0.831462 0.555582
    outer loop
      vertex 2.9 28.248 10.4695
      vertex 0 28.1608 10.6
      vertex 2.9 28.1608 10.6
    endloop
  endfacet
  facet normal 0 0.831462 0.555582
    outer loop
      vertex 0 28.1608 10.6
      vertex 2.9 28.248 10.4695
      vertex 0 28.248 10.4695
    endloop
  endfacet
  facet normal 0 0.442622 -0.896708
    outer loop
      vertex 0 28.6 27.8392
      vertex 2.9 28.7408 27.9087
      vertex 2.9 28.6 27.8392
    endloop
  endfacet
  facet normal 0 0.442622 -0.896708
    outer loop
      vertex 2.9 28.7408 27.9087
      vertex 0 28.6 27.8392
      vertex 0 28.7408 27.9087
    endloop
  endfacet
  facet normal 0 0 -1
    outer loop
      vertex 0 29.2 28
      vertex 2.9 29.8 28
      vertex 2.9 29.2 28
    endloop
  endfacet
  facet normal -0 0 -1
    outer loop
      vertex 2.9 29.8 28
      vertex 0 29.2 28
      vertex 0 29.8 28
    endloop
  endfacet
  facet normal 0 -0.0656309 -0.997844
    outer loop
      vertex 0 29.8 28
      vertex 2.9 29.9566 27.9897
      vertex 2.9 29.8 28
    endloop
  endfacet
  facet normal -0 -0.0656309 -0.997844
    outer loop
      vertex 2.9 29.9566 27.9897
      vertex 0 29.8 28
      vertex 0 29.9566 27.9897
    endloop
  endfacet
  facet normal 0 -0.555582 -0.831462
    outer loop
      vertex 0 30.4 27.8392
      vertex 2.9 30.5305 27.752
      vertex 2.9 30.4 27.8392
    endloop
  endfacet
  facet normal -0 -0.555582 -0.831462
    outer loop
      vertex 2.9 30.5305 27.752
      vertex 0 30.4 27.8392
      vertex 0 30.5305 27.752
    endloop
  endfacet
  facet normal -0 0.555582 0.831462
    outer loop
      vertex 0 28.6 10.1608
      vertex 2.9 28.4695 10.248
      vertex 2.9 28.6 10.1608
    endloop
  endfacet
  facet normal 0 0.555582 0.831462
    outer loop
      vertex 2.9 28.4695 10.248
      vertex 0 28.6 10.1608
      vertex 0 28.4695 10.248
    endloop
  endfacet
  facet normal 0 0.896708 0.442622
    outer loop
      vertex 2.9 28.1608 10.6
      vertex 0 28.0913 10.7408
      vertex 2.9 28.0913 10.7408
    endloop
  endfacet
  facet normal 0 0.896708 0.442622
    outer loop
      vertex 0 28.0913 10.7408
      vertex 2.9 28.1608 10.6
      vertex 0 28.1608 10.6
    endloop
  endfacet
  facet normal 0 -0.659406 -0.751787
    outer loop
      vertex 0 30.5305 27.752
      vertex 2.9 30.6485 27.6485
      vertex 2.9 30.5305 27.752
    endloop
  endfacet
  facet normal -0 -0.659406 -0.751787
    outer loop
      vertex 2.9 30.6485 27.6485
      vertex 0 30.5305 27.752
      vertex 0 30.6485 27.6485
    endloop
  endfacet
  facet normal 0 0.947013 -0.321194
    outer loop
      vertex 2.9 28.0409 27.1106
      vertex 0 28.0913 27.2592
      vertex 2.9 28.0913 27.2592
    endloop
  endfacet
  facet normal 0 0.947013 -0.321194
    outer loop
      vertex 0 28.0913 27.2592
      vertex 2.9 28.0409 27.1106
      vertex 0 28.0409 27.1106
    endloop
  endfacet
  facet normal -0 0.659406 0.751787
    outer loop
      vertex 0 28.4695 10.248
      vertex 2.9 28.3515 10.3515
      vertex 2.9 28.4695 10.248
    endloop
  endfacet
  facet normal 0 0.659406 0.751787
    outer loop
      vertex 2.9 28.3515 10.3515
      vertex 0 28.4695 10.248
      vertex 0 28.3515 10.3515
    endloop
  endfacet
  facet normal -0 0 1
    outer loop
      vertex 0 29.8 10
      vertex 2.9 29.2 10
      vertex 2.9 29.8 10
    endloop
  endfacet
  facet normal 0 0 1
    outer loop
      vertex 2.9 29.2 10
      vertex 0 29.8 10
      vertex 0 29.2 10
    endloop
  endfacet
  facet normal 0 -0.0656309 0.997844
    outer loop
      vertex 0 29.9566 10.0103
      vertex 2.9 29.8 10
      vertex 2.9 29.9566 10.0103
    endloop
  endfacet
  facet normal 0 -0.0656309 0.997844
    outer loop
      vertex 2.9 29.8 10
      vertex 0 29.9566 10.0103
      vertex 0 29.8 10
    endloop
  endfacet
  facet normal 0 0.947013 0.321194
    outer loop
      vertex 2.9 28.0913 10.7408
      vertex 0 28.0409 10.8894
      vertex 2.9 28.0409 10.8894
    endloop
  endfacet
  facet normal 0 0.947013 0.321194
    outer loop
      vertex 0 28.0409 10.8894
      vertex 2.9 28.0913 10.7408
      vertex 0 28.0913 10.7408
    endloop
  endfacet
  facet normal 0 -0.947013 -0.321194
    outer loop
      vertex 0 30.9591 27.1106
      vertex 2.9 30.9087 27.2592
      vertex 0 30.9087 27.2592
    endloop
  endfacet
  facet normal 0 -0.947013 -0.321194
    outer loop
      vertex 2.9 30.9087 27.2592
      vertex 0 30.9591 27.1106
      vertex 2.9 30.9591 27.1106
    endloop
  endfacet
  facet normal -1 0 0
    outer loop
      vertex 2.9 29.8 10
      vertex 2.9 31 11.2
      vertex 2.9 30.9897 11.0434
    endloop
  endfacet
  facet normal -1 0 0
    outer loop
      vertex 2.9 31 11.2
      vertex 2.9 28 11.2
      vertex 2.9 31 26.8
    endloop
  endfacet
  facet normal -1 0 0
    outer loop
      vertex 2.9 29.8 10
      vertex 2.9 30.9897 11.0434
      vertex 2.9 30.9591 10.8894
    endloop
  endfacet
  facet normal -1 0 0
    outer loop
      vertex 2.9 28 26.8
      vertex 2.9 31 26.8
      vertex 2.9 28 11.2
    endloop
  endfacet
  facet normal -1 0 0
    outer loop
      vertex 2.9 29.8 10
      vertex 2.9 30.9591 10.8894
      vertex 2.9 30.9087 10.7408
    endloop
  endfacet
  facet normal -1 0 -0
    outer loop
      vertex 2.9 29.8 28
      vertex 2.9 31 26.8
      vertex 2.9 28 26.8
    endloop
  endfacet
  facet normal -1 0 0
    outer loop
      vertex 2.9 29.8 10
      vertex 2.9 30.9087 10.7408
      vertex 2.9 30.8392 10.6
    endloop
  endfacet
  facet normal -1 0 0
    outer loop
      vertex 2.9 31 26.8
      vertex 2.9 29.8 28
      vertex 2.9 30.9897 26.9566
    endloop
  endfacet
  facet normal -1 0 0
    outer loop
      vertex 2.9 29.8 10
      vertex 2.9 30.8392 10.6
      vertex 2.9 30.752 10.4695
    endloop
  endfacet
  facet normal -1 0 0
    outer loop
      vertex 2.9 30.9897 26.9566
      vertex 2.9 29.8 28
      vertex 2.9 30.9591 27.1106
    endloop
  endfacet
  facet normal -1 0 0
    outer loop
      vertex 2.9 29.8 10
      vertex 2.9 30.752 10.4695
      vertex 2.9 30.6485 10.3515
    endloop
  endfacet
  facet normal -1 0 0
    outer loop
      vertex 2.9 30.9591 27.1106
      vertex 2.9 29.8 28
      vertex 2.9 30.9087 27.2592
    endloop
  endfacet
  facet normal -1 0 0
    outer loop
      vertex 2.9 29.8 10
      vertex 2.9 30.6485 10.3515
      vertex 2.9 30.5305 10.248
    endloop
  endfacet
  facet normal -1 0 0
    outer loop
      vertex 2.9 30.9087 27.2592
      vertex 2.9 29.8 28
      vertex 2.9 30.8392 27.4
    endloop
  endfacet
  facet normal -1 0 0
    outer loop
      vertex 2.9 29.8 10
      vertex 2.9 30.5305 10.248
      vertex 2.9 30.4 10.1608
    endloop
  endfacet
  facet normal -1 0 0
    outer loop
      vertex 2.9 30.8392 27.4
      vertex 2.9 29.8 28
      vertex 2.9 30.752 27.5305
    endloop
  endfacet
  facet normal -1 0 0
    outer loop
      vertex 2.9 29.8 10
      vertex 2.9 30.4 10.1608
      vertex 2.9 30.2592 10.0913
    endloop
  endfacet
  facet normal -1 0 0
    outer loop
      vertex 2.9 30.752 27.5305
      vertex 2.9 29.8 28
      vertex 2.9 30.6485 27.6485
    endloop
  endfacet
  facet normal -1 0 0
    outer loop
      vertex 2.9 29.8 10
      vertex 2.9 30.2592 10.0913
      vertex 2.9 30.1106 10.0409
    endloop
  endfacet
  facet normal -1 0 0
    outer loop
      vertex 2.9 30.6485 27.6485
      vertex 2.9 29.8 28
      vertex 2.9 30.5305 27.752
    endloop
  endfacet
  facet normal -1 0 0
    outer loop
      vertex 2.9 29.8 10
      vertex 2.9 30.1106 10.0409
      vertex 2.9 29.9566 10.0103
    endloop
  endfacet
  facet normal -1 0 0
    outer loop
      vertex 2.9 30.5305 27.752
      vertex 2.9 29.8 28
      vertex 2.9 30.4 27.8392
    endloop
  endfacet
  facet normal -1 -0 0
    outer loop
      vertex 2.9 31 11.2
      vertex 2.9 29.8 10
      vertex 2.9 28 11.2
    endloop
  endfacet
  facet normal -1 0 0
    outer loop
      vertex 2.9 30.4 27.8392
      vertex 2.9 29.8 28
      vertex 2.9 30.2592 27.9087
    endloop
  endfacet
  facet normal -1 0 0
    outer loop
      vertex 2.9 28 11.2
      vertex 2.9 29.8 10
      vertex 2.9 29.2 10
    endloop
  endfacet
  facet normal -1 0 0
    outer loop
      vertex 2.9 30.2592 27.9087
      vertex 2.9 29.8 28
      vertex 2.9 30.1106 27.9591
    endloop
  endfacet
  facet normal -1 0 0
    outer loop
      vertex 2.9 28 11.2
      vertex 2.9 29.2 10
      vertex 2.9 29.0434 10.0103
    endloop
  endfacet
  facet normal -1 0 0
    outer loop
      vertex 2.9 30.1106 27.9591
      vertex 2.9 29.8 28
      vertex 2.9 29.9566 27.9897
    endloop
  endfacet
  facet normal -1 0 0
    outer loop
      vertex 2.9 28 11.2
      vertex 2.9 29.0434 10.0103
      vertex 2.9 28.8894 10.0409
    endloop
  endfacet
  facet normal -1 -0 0
    outer loop
      vertex 2.9 29.8 28
      vertex 2.9 28 26.8
      vertex 2.9 29.2 28
    endloop
  endfacet
  facet normal -1 0 0
    outer loop
      vertex 2.9 28 11.2
      vertex 2.9 28.8894 10.0409
      vertex 2.9 28.7408 10.0913
    endloop
  endfacet
  facet normal -1 0 0
    outer loop
      vertex 2.9 29.2 28
      vertex 2.9 28 26.8
      vertex 2.9 29.0434 27.9897
    endloop
  endfacet
  facet normal -1 0 0
    outer loop
      vertex 2.9 28 11.2
      vertex 2.9 28.7408 10.0913
      vertex 2.9 28.6 10.1608
    endloop
  endfacet
  facet normal -1 0 0
    outer loop
      vertex 2.9 29.0434 27.9897
      vertex 2.9 28 26.8
      vertex 2.9 28.8894 27.9591
    endloop
  endfacet
  facet normal -1 0 0
    outer loop
      vertex 2.9 28 11.2
      vertex 2.9 28.6 10.1608
      vertex 2.9 28.4695 10.248
    endloop
  endfacet
  facet normal -1 0 0
    outer loop
      vertex 2.9 28.8894 27.9591
      vertex 2.9 28 26.8
      vertex 2.9 28.7408 27.9087
    endloop
  endfacet
  facet normal -1 0 0
    outer loop
      vertex 2.9 28 11.2
      vertex 2.9 28.4695 10.248
      vertex 2.9 28.3515 10.3515
    endloop
  endfacet
  facet normal -1 0 0
    outer loop
      vertex 2.9 28.7408 27.9087
      vertex 2.9 28 26.8
      vertex 2.9 28.6 27.8392
    endloop
  endfacet
  facet normal -1 0 0
    outer loop
      vertex 2.9 28 11.2
      vertex 2.9 28.3515 10.3515
      vertex 2.9 28.248 10.4695
    endloop
  endfacet
  facet normal -1 0 0
    outer loop
      vertex 2.9 28.6 27.8392
      vertex 2.9 28 26.8
      vertex 2.9 28.4695 27.752
    endloop
  endfacet
  facet normal -1 0 0
    outer loop
      vertex 2.9 28 11.2
      vertex 2.9 28.248 10.4695
      vertex 2.9 28.1608 10.6
    endloop
  endfacet
  facet normal -1 0 0
    outer loop
      vertex 2.9 28.4695 27.752
      vertex 2.9 28 26.8
      vertex 2.9 28.3515 27.6485
    endloop
  endfacet
  facet normal -1 0 0
    outer loop
      vertex 2.9 28 11.2
      vertex 2.9 28.1608 10.6
      vertex 2.9 28.0913 10.7408
    endloop
  endfacet
  facet normal -1 0 0
    outer loop
      vertex 2.9 28.3515 27.6485
      vertex 2.9 28 26.8
      vertex 2.9 28.248 27.5305
    endloop
  endfacet
  facet normal -1 0 0
    outer loop
      vertex 2.9 28 11.2
      vertex 2.9 28.0913 10.7408
      vertex 2.9 28.0409 10.8894
    endloop
  endfacet
  facet normal -1 0 0
    outer loop
      vertex 2.9 28.248 27.5305
      vertex 2.9 28 26.8
      vertex 2.9 28.1608 27.4
    endloop
  endfacet
  facet normal -1 0 0
    outer loop
      vertex 2.9 28 11.2
      vertex 2.9 28.0409 10.8894
      vertex 2.9 28.0103 11.0434
    endloop
  endfacet
  facet normal -1 0 0
    outer loop
      vertex 2.9 28.1608 27.4
      vertex 2.9 28 26.8
      vertex 2.9 28.0913 27.2592
    endloop
  endfacet
  facet normal -1 0 0
    outer loop
      vertex 2.9 28.0913 27.2592
      vertex 2.9 28 26.8
      vertex 2.9 28.0409 27.1106
    endloop
  endfacet
  facet normal -1 0 0
    outer loop
      vertex 2.9 28.0409 27.1106
      vertex 2.9 28 26.8
      vertex 2.9 28.0103 26.9566
    endloop
  endfacet
  facet normal 0 -0.751787 -0.659406
    outer loop
      vertex 0 30.752 27.5305
      vertex 2.9 30.6485 27.6485
      vertex 0 30.6485 27.6485
    endloop
  endfacet
  facet normal 0 -0.751787 -0.659406
    outer loop
      vertex 2.9 30.6485 27.6485
      vertex 0 30.752 27.5305
      vertex 2.9 30.752 27.5305
    endloop
  endfacet
  facet normal 0 -0.751787 0.659406
    outer loop
      vertex 0 30.6485 10.3515
      vertex 2.9 30.752 10.4695
      vertex 0 30.752 10.4695
    endloop
  endfacet
  facet normal 0 -0.751787 0.659406
    outer loop
      vertex 2.9 30.752 10.4695
      vertex 0 30.6485 10.3515
      vertex 2.9 30.6485 10.3515
    endloop
  endfacet
  facet normal 0 -0.659406 0.751787
    outer loop
      vertex 0 30.6485 10.3515
      vertex 2.9 30.5305 10.248
      vertex 2.9 30.6485 10.3515
    endloop
  endfacet
  facet normal 0 -0.659406 0.751787
    outer loop
      vertex 2.9 30.5305 10.248
      vertex 0 30.6485 10.3515
      vertex 0 30.5305 10.248
    endloop
  endfacet
  facet normal 0 -0.896708 0.442622
    outer loop
      vertex 0 30.8392 10.6
      vertex 2.9 30.9087 10.7408
      vertex 0 30.9087 10.7408
    endloop
  endfacet
  facet normal 0 -0.896708 0.442622
    outer loop
      vertex 2.9 30.9087 10.7408
      vertex 0 30.8392 10.6
      vertex 2.9 30.8392 10.6
    endloop
  endfacet
  facet normal 0 -0.321194 0.947013
    outer loop
      vertex 0 30.2592 10.0913
      vertex 2.9 30.1106 10.0409
      vertex 2.9 30.2592 10.0913
    endloop
  endfacet
  facet normal 0 -0.321194 0.947013
    outer loop
      vertex 2.9 30.1106 10.0409
      vertex 0 30.2592 10.0913
      vertex 0 30.1106 10.0409
    endloop
  endfacet
  facet normal 0 -0.442622 0.896708
    outer loop
      vertex 0 30.4 10.1608
      vertex 2.9 30.2592 10.0913
      vertex 2.9 30.4 10.1608
    endloop
  endfacet
  facet normal 0 -0.442622 0.896708
    outer loop
      vertex 2.9 30.2592 10.0913
      vertex 0 30.4 10.1608
      vertex 0 30.2592 10.0913
    endloop
  endfacet
  facet normal -0 0.194891 0.980825
    outer loop
      vertex 0 29.0434 10.0103
      vertex 2.9 28.8894 10.0409
      vertex 2.9 29.0434 10.0103
    endloop
  endfacet
  facet normal 0 0.194891 0.980825
    outer loop
      vertex 2.9 28.8894 10.0409
      vertex 0 29.0434 10.0103
      vertex 0 28.8894 10.0409
    endloop
  endfacet
  facet normal 0 -0.831462 -0.555582
    outer loop
      vertex 0 30.8392 27.4
      vertex 2.9 30.752 27.5305
      vertex 0 30.752 27.5305
    endloop
  endfacet
  facet normal 0 -0.831462 -0.555582
    outer loop
      vertex 2.9 30.752 27.5305
      vertex 0 30.8392 27.4
      vertex 2.9 30.8392 27.4
    endloop
  endfacet
  facet normal -0 0.321194 0.947013
    outer loop
      vertex 0 28.8894 10.0409
      vertex 2.9 28.7408 10.0913
      vertex 2.9 28.8894 10.0409
    endloop
  endfacet
  facet normal 0 0.321194 0.947013
    outer loop
      vertex 2.9 28.7408 10.0913
      vertex 0 28.8894 10.0409
      vertex 0 28.7408 10.0913
    endloop
  endfacet
  facet normal 0 -0.831462 0.555582
    outer loop
      vertex 0 30.752 10.4695
      vertex 2.9 30.8392 10.6
      vertex 0 30.8392 10.6
    endloop
  endfacet
  facet normal 0 -0.831462 0.555582
    outer loop
      vertex 2.9 30.8392 10.6
      vertex 0 30.752 10.4695
      vertex 2.9 30.752 10.4695
    endloop
  endfacet
  facet normal -0 0.442622 0.896708
    outer loop
      vertex 0 28.7408 10.0913
      vertex 2.9 28.6 10.1608
      vertex 2.9 28.7408 10.0913
    endloop
  endfacet
  facet normal 0 0.442622 0.896708
    outer loop
      vertex 2.9 28.6 10.1608
      vertex 0 28.7408 10.0913
      vertex 0 28.6 10.1608
    endloop
  endfacet
  facet normal 0 -0.997844 0.0656309
    outer loop
      vertex 0 30.9897 11.0434
      vertex 2.9 31 11.2
      vertex 0 31 11.2
    endloop
  endfacet
  facet normal 0 -0.997844 0.0656309
    outer loop
      vertex 2.9 31 11.2
      vertex 0 30.9897 11.0434
      vertex 2.9 30.9897 11.0434
    endloop
  endfacet
  facet normal 0 0.321194 -0.947013
    outer loop
      vertex 0 28.7408 27.9087
      vertex 2.9 28.8894 27.9591
      vertex 2.9 28.7408 27.9087
    endloop
  endfacet
  facet normal 0 0.321194 -0.947013
    outer loop
      vertex 2.9 28.8894 27.9591
      vertex 0 28.7408 27.9087
      vertex 0 28.8894 27.9591
    endloop
  endfacet
  facet normal 0 -0.980825 0.194891
    outer loop
      vertex 0 30.9591 10.8894
      vertex 2.9 30.9897 11.0434
      vertex 0 30.9897 11.0434
    endloop
  endfacet
  facet normal 0 -0.980825 0.194891
    outer loop
      vertex 2.9 30.9897 11.0434
      vertex 0 30.9591 10.8894
      vertex 2.9 30.9591 10.8894
    endloop
  endfacet
  facet normal 0 -0.555582 0.831462
    outer loop
      vertex 0 30.5305 10.248
      vertex 2.9 30.4 10.1608
      vertex 2.9 30.5305 10.248
    endloop
  endfacet
  facet normal 0 -0.555582 0.831462
    outer loop
      vertex 2.9 30.4 10.1608
      vertex 0 30.5305 10.248
      vertex 0 30.4 10.1608
    endloop
  endfacet
  facet normal 0 0.980825 0.194891
    outer loop
      vertex 2.9 38.0409 10.8894
      vertex 0 38.0103 11.0434
      vertex 2.9 38.0103 11.0434
    endloop
  endfacet
  facet normal 0 0.980825 0.194891
    outer loop
      vertex 0 38.0103 11.0434
      vertex 2.9 38.0409 10.8894
      vertex 0 38.0409 10.8894
    endloop
  endfacet
  facet normal 0 0.555582 -0.831462
    outer loop
      vertex 0 38.4695 27.752
      vertex 2.9 38.6 27.8392
      vertex 2.9 38.4695 27.752
    endloop
  endfacet
  facet normal 0 0.555582 -0.831462
    outer loop
      vertex 2.9 38.6 27.8392
      vertex 0 38.4695 27.752
      vertex 0 38.6 27.8392
    endloop
  endfacet
  facet normal 0 0.997844 -0.0656309
    outer loop
      vertex 2.9 38 26.8
      vertex 0 38.0103 26.9566
      vertex 2.9 38.0103 26.9566
    endloop
  endfacet
  facet normal 0 0.997844 -0.0656309
    outer loop
      vertex 0 38.0103 26.9566
      vertex 2.9 38 26.8
      vertex 0 38 26.8
    endloop
  endfacet
  facet normal 0 0.831462 -0.555582
    outer loop
      vertex 2.9 38.1608 27.4
      vertex 0 38.248 27.5305
      vertex 2.9 38.248 27.5305
    endloop
  endfacet
  facet normal 0 0.831462 -0.555582
    outer loop
      vertex 0 38.248 27.5305
      vertex 2.9 38.1608 27.4
      vertex 0 38.1608 27.4
    endloop
  endfacet
  facet normal 0 -0.997844 -0.0656309
    outer loop
      vertex 0 41 26.8
      vertex 2.9 40.9897 26.9566
      vertex 0 40.9897 26.9566
    endloop
  endfacet
  facet normal 0 -0.997844 -0.0656309
    outer loop
      vertex 2.9 40.9897 26.9566
      vertex 0 41 26.8
      vertex 2.9 41 26.8
    endloop
  endfacet
  facet normal 0 0.751787 0.659406
    outer loop
      vertex 2.9 38.3515 10.3515
      vertex 0 38.248 10.4695
      vertex 2.9 38.248 10.4695
    endloop
  endfacet
  facet normal 0 0.751787 0.659406
    outer loop
      vertex 0 38.248 10.4695
      vertex 2.9 38.3515 10.3515
      vertex 0 38.3515 10.3515
    endloop
  endfacet
  facet normal 0 0.0656309 -0.997844
    outer loop
      vertex 0 39.0434 27.9897
      vertex 2.9 39.2 28
      vertex 2.9 39.0434 27.9897
    endloop
  endfacet
  facet normal 0 0.0656309 -0.997844
    outer loop
      vertex 2.9 39.2 28
      vertex 0 39.0434 27.9897
      vertex 0 39.2 28
    endloop
  endfacet
  facet normal 0 1 -0
    outer loop
      vertex 2.9 38 11.2
      vertex 0 38 26.8
      vertex 2.9 38 26.8
    endloop
  endfacet
  facet normal 0 1 0
    outer loop
      vertex 0 38 26.8
      vertex 2.9 38 11.2
      vertex 0 38 11.2
    endloop
  endfacet
  facet normal 0 0.896708 -0.442622
    outer loop
      vertex 2.9 38.0913 27.2592
      vertex 0 38.1608 27.4
      vertex 2.9 38.1608 27.4
    endloop
  endfacet
  facet normal 0 0.896708 -0.442622
    outer loop
      vertex 0 38.1608 27.4
      vertex 2.9 38.0913 27.2592
      vertex 0 38.0913 27.2592
    endloop
  endfacet
  facet normal 0 -0.321194 -0.947013
    outer loop
      vertex 0 40.1106 27.9591
      vertex 2.9 40.2592 27.9087
      vertex 2.9 40.1106 27.9591
    endloop
  endfacet
  facet normal -0 -0.321194 -0.947013
    outer loop
      vertex 2.9 40.2592 27.9087
      vertex 0 40.1106 27.9591
      vertex 0 40.2592 27.9087
    endloop
  endfacet
  facet normal 0 -0.442622 -0.896708
    outer loop
      vertex 0 40.2592 27.9087
      vertex 2.9 40.4 27.8392
      vertex 2.9 40.2592 27.9087
    endloop
  endfacet
  facet normal -0 -0.442622 -0.896708
    outer loop
      vertex 2.9 40.4 27.8392
      vertex 0 40.2592 27.9087
      vertex 0 40.4 27.8392
    endloop
  endfacet
  facet normal 0 0.980825 -0.194891
    outer loop
      vertex 2.9 38.0103 26.9566
      vertex 0 38.0409 27.1106
      vertex 2.9 38.0409 27.1106
    endloop
  endfacet
  facet normal 0 0.980825 -0.194891
    outer loop
      vertex 0 38.0409 27.1106
      vertex 2.9 38.0103 26.9566
      vertex 0 38.0103 26.9566
    endloop
  endfacet
  facet normal 0 -0.980825 -0.194891
    outer loop
      vertex 0 40.9897 26.9566
      vertex 2.9 40.9591 27.1106
      vertex 0 40.9591 27.1106
    endloop
  endfacet
  facet normal 0 -0.980825 -0.194891
    outer loop
      vertex 2.9 40.9591 27.1106
      vertex 0 40.9897 26.9566
      vertex 2.9 40.9897 26.9566
    endloop
  endfacet
  facet normal 0 0.194891 -0.980825
    outer loop
      vertex 0 38.8894 27.9591
      vertex 2.9 39.0434 27.9897
      vertex 2.9 38.8894 27.9591
    endloop
  endfacet
  facet normal 0 0.194891 -0.980825
    outer loop
      vertex 2.9 39.0434 27.9897
      vertex 0 38.8894 27.9591
      vertex 0 39.0434 27.9897
    endloop
  endfacet
  facet normal 0 -1 0
    outer loop
      vertex 0 41 11.2
      vertex 2.9 41 26.8
      vertex 0 41 26.8
    endloop
  endfacet
  facet normal 0 -1 -0
    outer loop
      vertex 2.9 41 26.8
      vertex 0 41 11.2
      vertex 2.9 41 11.2
    endloop
  endfacet
  facet normal -0 0.0656309 0.997844
    outer loop
      vertex 0 39.2 10
      vertex 2.9 39.0434 10.0103
      vertex 2.9 39.2 10
    endloop
  endfacet
  facet normal 0 0.0656309 0.997844
    outer loop
      vertex 2.9 39.0434 10.0103
      vertex 0 39.2 10
      vertex 0 39.0434 10.0103
    endloop
  endfacet
  facet normal 0 0.751787 -0.659406
    outer loop
      vertex 2.9 38.248 27.5305
      vertex 0 38.3515 27.6485
      vertex 2.9 38.3515 27.6485
    endloop
  endfacet
  facet normal 0 0.751787 -0.659406
    outer loop
      vertex 0 38.3515 27.6485
      vertex 2.9 38.248 27.5305
      vertex 0 38.248 27.5305
    endloop
  endfacet
  facet normal 0 -0.896708 -0.442622
    outer loop
      vertex 0 40.9087 27.2592
      vertex 2.9 40.8392 27.4
      vertex 0 40.8392 27.4
    endloop
  endfacet
  facet normal 0 -0.896708 -0.442622
    outer loop
      vertex 2.9 40.8392 27.4
      vertex 0 40.9087 27.2592
      vertex 2.9 40.9087 27.2592
    endloop
  endfacet
  facet normal 0 0.997844 0.0656309
    outer loop
      vertex 2.9 38.0103 11.0434
      vertex 0 38 11.2
      vertex 2.9 38 11.2
    endloop
  endfacet
  facet normal 0 0.997844 0.0656309
    outer loop
      vertex 0 38 11.2
      vertex 2.9 38.0103 11.0434
      vertex 0 38.0103 11.0434
    endloop
  endfacet
  facet normal 0 -0.947013 0.321194
    outer loop
      vertex 0 40.9087 10.7408
      vertex 2.9 40.9591 10.8894
      vertex 0 40.9591 10.8894
    endloop
  endfacet
  facet normal 0 -0.947013 0.321194
    outer loop
      vertex 2.9 40.9591 10.8894
      vertex 0 40.9087 10.7408
      vertex 2.9 40.9087 10.7408
    endloop
  endfacet
  facet normal 0 -0.194891 -0.980825
    outer loop
      vertex 0 39.9566 27.9897
      vertex 2.9 40.1106 27.9591
      vertex 2.9 39.9566 27.9897
    endloop
  endfacet
  facet normal -0 -0.194891 -0.980825
    outer loop
      vertex 2.9 40.1106 27.9591
      vertex 0 39.9566 27.9897
      vertex 0 40.1106 27.9591
    endloop
  endfacet
  facet normal 0 -0.194891 0.980825
    outer loop
      vertex 0 40.1106 10.0409
      vertex 2.9 39.9566 10.0103
      vertex 2.9 40.1106 10.0409
    endloop
  endfacet
  facet normal 0 -0.194891 0.980825
    outer loop
      vertex 2.9 39.9566 10.0103
      vertex 0 40.1106 10.0409
      vertex 0 39.9566 10.0103
    endloop
  endfacet
  facet normal 0 0.659406 -0.751787
    outer loop
      vertex 0 38.3515 27.6485
      vertex 2.9 38.4695 27.752
      vertex 2.9 38.3515 27.6485
    endloop
  endfacet
  facet normal 0 0.659406 -0.751787
    outer loop
      vertex 2.9 38.4695 27.752
      vertex 0 38.3515 27.6485
      vertex 0 38.4695 27.752
    endloop
  endfacet
  facet normal 0 0.831462 0.555582
    outer loop
      vertex 2.9 38.248 10.4695
      vertex 0 38.1608 10.6
      vertex 2.9 38.1608 10.6
    endloop
  endfacet
  facet normal 0 0.831462 0.555582
    outer loop
      vertex 0 38.1608 10.6
      vertex 2.9 38.248 10.4695
      vertex 0 38.248 10.4695
    endloop
  endfacet
  facet normal 0 0.442622 -0.896708
    outer loop
      vertex 0 38.6 27.8392
      vertex 2.9 38.7408 27.9087
      vertex 2.9 38.6 27.8392
    endloop
  endfacet
  facet normal 0 0.442622 -0.896708
    outer loop
      vertex 2.9 38.7408 27.9087
      vertex 0 38.6 27.8392
      vertex 0 38.7408 27.9087
    endloop
  endfacet
  facet normal 0 0 -1
    outer loop
      vertex 0 39.2 28
      vertex 2.9 39.8 28
      vertex 2.9 39.2 28
    endloop
  endfacet
  facet normal -0 0 -1
    outer loop
      vertex 2.9 39.8 28
      vertex 0 39.2 28
      vertex 0 39.8 28
    endloop
  endfacet
  facet normal 0 -0.0656309 -0.997844
    outer loop
      vertex 0 39.8 28
      vertex 2.9 39.9566 27.9897
      vertex 2.9 39.8 28
    endloop
  endfacet
  facet normal -0 -0.0656309 -0.997844
    outer loop
      vertex 2.9 39.9566 27.9897
      vertex 0 39.8 28
      vertex 0 39.9566 27.9897
    endloop
  endfacet
  facet normal 0 -0.555582 -0.831462
    outer loop
      vertex 0 40.4 27.8392
      vertex 2.9 40.5305 27.752
      vertex 2.9 40.4 27.8392
    endloop
  endfacet
  facet normal -0 -0.555582 -0.831462
    outer loop
      vertex 2.9 40.5305 27.752
      vertex 0 40.4 27.8392
      vertex 0 40.5305 27.752
    endloop
  endfacet
  facet normal -0 0.555582 0.831462
    outer loop
      vertex 0 38.6 10.1608
      vertex 2.9 38.4695 10.248
      vertex 2.9 38.6 10.1608
    endloop
  endfacet
  facet normal 0 0.555582 0.831462
    outer loop
      vertex 2.9 38.4695 10.248
      vertex 0 38.6 10.1608
      vertex 0 38.4695 10.248
    endloop
  endfacet
  facet normal 0 0.896708 0.442622
    outer loop
      vertex 2.9 38.1608 10.6
      vertex 0 38.0913 10.7408
      vertex 2.9 38.0913 10.7408
    endloop
  endfacet
  facet normal 0 0.896708 0.442622
    outer loop
      vertex 0 38.0913 10.7408
      vertex 2.9 38.1608 10.6
      vertex 0 38.1608 10.6
    endloop
  endfacet
  facet normal 0 -0.659406 -0.751787
    outer loop
      vertex 0 40.5305 27.752
      vertex 2.9 40.6485 27.6485
      vertex 2.9 40.5305 27.752
    endloop
  endfacet
  facet normal -0 -0.659406 -0.751787
    outer loop
      vertex 2.9 40.6485 27.6485
      vertex 0 40.5305 27.752
      vertex 0 40.6485 27.6485
    endloop
  endfacet
  facet normal 0 0.947013 -0.321194
    outer loop
      vertex 2.9 38.0409 27.1106
      vertex 0 38.0913 27.2592
      vertex 2.9 38.0913 27.2592
    endloop
  endfacet
  facet normal 0 0.947013 -0.321194
    outer loop
      vertex 0 38.0913 27.2592
      vertex 2.9 38.0409 27.1106
      vertex 0 38.0409 27.1106
    endloop
  endfacet
  facet normal -0 0.659406 0.751787
    outer loop
      vertex 0 38.4695 10.248
      vertex 2.9 38.3515 10.3515
      vertex 2.9 38.4695 10.248
    endloop
  endfacet
  facet normal 0 0.659406 0.751787
    outer loop
      vertex 2.9 38.3515 10.3515
      vertex 0 38.4695 10.248
      vertex 0 38.3515 10.3515
    endloop
  endfacet
  facet normal -0 0 1
    outer loop
      vertex 0 39.8 10
      vertex 2.9 39.2 10
      vertex 2.9 39.8 10
    endloop
  endfacet
  facet normal 0 0 1
    outer loop
      vertex 2.9 39.2 10
      vertex 0 39.8 10
      vertex 0 39.2 10
    endloop
  endfacet
  facet normal 0 -0.0656309 0.997844
    outer loop
      vertex 0 39.9566 10.0103
      vertex 2.9 39.8 10
      vertex 2.9 39.9566 10.0103
    endloop
  endfacet
  facet normal 0 -0.0656309 0.997844
    outer loop
      vertex 2.9 39.8 10
      vertex 0 39.9566 10.0103
      vertex 0 39.8 10
    endloop
  endfacet
  facet normal 0 0.947013 0.321194
    outer loop
      vertex 2.9 38.0913 10.7408
      vertex 0 38.0409 10.8894
      vertex 2.9 38.0409 10.8894
    endloop
  endfacet
  facet normal 0 0.947013 0.321194
    outer loop
      vertex 0 38.0409 10.8894
      vertex 2.9 38.0913 10.7408
      vertex 0 38.0913 10.7408
    endloop
  endfacet
  facet normal 0 -0.947013 -0.321194
    outer loop
      vertex 0 40.9591 27.1106
      vertex 2.9 40.9087 27.2592
      vertex 0 40.9087 27.2592
    endloop
  endfacet
  facet normal 0 -0.947013 -0.321194
    outer loop
      vertex 2.9 40.9087 27.2592
      vertex 0 40.9591 27.1106
      vertex 2.9 40.9591 27.1106
    endloop
  endfacet
  facet normal -1 0 0
    outer loop
      vertex 2.9 39.8 10
      vertex 2.9 41 11.2
      vertex 2.9 40.9897 11.0434
    endloop
  endfacet
  facet normal -1 0 0
    outer loop
      vertex 2.9 41 11.2
      vertex 2.9 38 11.2
      vertex 2.9 41 26.8
    endloop
  endfacet
  facet normal -1 0 0
    outer loop
      vertex 2.9 39.8 10
      vertex 2.9 40.9897 11.0434
      vertex 2.9 40.9591 10.8894
    endloop
  endfacet
  facet normal -1 0 0
    outer loop
      vertex 2.9 38 26.8
      vertex 2.9 41 26.8
      vertex 2.9 38 11.2
    endloop
  endfacet
  facet normal -1 0 0
    outer loop
      vertex 2.9 39.8 10
      vertex 2.9 40.9591 10.8894
      vertex 2.9 40.9087 10.7408
    endloop
  endfacet
  facet normal -1 0 -0
    outer loop
      vertex 2.9 39.8 28
      vertex 2.9 41 26.8
      vertex 2.9 38 26.8
    endloop
  endfacet
  facet normal -1 0 0
    outer loop
      vertex 2.9 39.8 10
      vertex 2.9 40.9087 10.7408
      vertex 2.9 40.8392 10.6
    endloop
  endfacet
  facet normal -1 0 0
    outer loop
      vertex 2.9 41 26.8
      vertex 2.9 39.8 28
      vertex 2.9 40.9897 26.9566
    endloop
  endfacet
  facet normal -1 0 0
    outer loop
      vertex 2.9 39.8 10
      vertex 2.9 40.8392 10.6
      vertex 2.9 40.752 10.4695
    endloop
  endfacet
  facet normal -1 0 0
    outer loop
      vertex 2.9 40.9897 26.9566
      vertex 2.9 39.8 28
      vertex 2.9 40.9591 27.1106
    endloop
  endfacet
  facet normal -1 0 0
    outer loop
      vertex 2.9 39.8 10
      vertex 2.9 40.752 10.4695
      vertex 2.9 40.6485 10.3515
    endloop
  endfacet
  facet normal -1 0 0
    outer loop
      vertex 2.9 40.9591 27.1106
      vertex 2.9 39.8 28
      vertex 2.9 40.9087 27.2592
    endloop
  endfacet
  facet normal -1 0 0
    outer loop
      vertex 2.9 39.8 10
      vertex 2.9 40.6485 10.3515
      vertex 2.9 40.5305 10.248
    endloop
  endfacet
  facet normal -1 0 0
    outer loop
      vertex 2.9 40.9087 27.2592
      vertex 2.9 39.8 28
      vertex 2.9 40.8392 27.4
    endloop
  endfacet
  facet normal -1 0 0
    outer loop
      vertex 2.9 39.8 10
      vertex 2.9 40.5305 10.248
      vertex 2.9 40.4 10.1608
    endloop
  endfacet
  facet normal -1 0 0
    outer loop
      vertex 2.9 40.8392 27.4
      vertex 2.9 39.8 28
      vertex 2.9 40.752 27.5305
    endloop
  endfacet
  facet normal -1 0 0
    outer loop
      vertex 2.9 39.8 10
      vertex 2.9 40.4 10.1608
      vertex 2.9 40.2592 10.0913
    endloop
  endfacet
  facet normal -1 0 0
    outer loop
      vertex 2.9 40.752 27.5305
      vertex 2.9 39.8 28
      vertex 2.9 40.6485 27.6485
    endloop
  endfacet
  facet normal -1 0 0
    outer loop
      vertex 2.9 39.8 10
      vertex 2.9 40.2592 10.0913
      vertex 2.9 40.1106 10.0409
    endloop
  endfacet
  facet normal -1 0 0
    outer loop
      vertex 2.9 40.6485 27.6485
      vertex 2.9 39.8 28
      vertex 2.9 40.5305 27.752
    endloop
  endfacet
  facet normal -1 0 0
    outer loop
      vertex 2.9 39.8 10
      vertex 2.9 40.1106 10.0409
      vertex 2.9 39.9566 10.0103
    endloop
  endfacet
  facet normal -1 0 0
    outer loop
      vertex 2.9 40.5305 27.752
      vertex 2.9 39.8 28
      vertex 2.9 40.4 27.8392
    endloop
  endfacet
  facet normal -1 -0 0
    outer loop
      vertex 2.9 41 11.2
      vertex 2.9 39.8 10
      vertex 2.9 38 11.2
    endloop
  endfacet
  facet normal -1 0 0
    outer loop
      vertex 2.9 40.4 27.8392
      vertex 2.9 39.8 28
      vertex 2.9 40.2592 27.9087
    endloop
  endfacet
  facet normal -1 0 0
    outer loop
      vertex 2.9 38 11.2
      vertex 2.9 39.8 10
      vertex 2.9 39.2 10
    endloop
  endfacet
  facet normal -1 0 0
    outer loop
      vertex 2.9 40.2592 27.9087
      vertex 2.9 39.8 28
      vertex 2.9 40.1106 27.9591
    endloop
  endfacet
  facet normal -1 0 0
    outer loop
      vertex 2.9 38 11.2
      vertex 2.9 39.2 10
      vertex 2.9 39.0434 10.0103
    endloop
  endfacet
  facet normal -1 0 0
    outer loop
      vertex 2.9 40.1106 27.9591
      vertex 2.9 39.8 28
      vertex 2.9 39.9566 27.9897
    endloop
  endfacet
  facet normal -1 0 0
    outer loop
      vertex 2.9 38 11.2
      vertex 2.9 39.0434 10.0103
      vertex 2.9 38.8894 10.0409
    endloop
  endfacet
  facet normal -1 -0 0
    outer loop
      vertex 2.9 39.8 28
      vertex 2.9 38 26.8
      vertex 2.9 39.2 28
    endloop
  endfacet
  facet normal -1 0 0
    outer loop
      vertex 2.9 38 11.2
      vertex 2.9 38.8894 10.0409
      vertex 2.9 38.7408 10.0913
    endloop
  endfacet
  facet normal -1 0 0
    outer loop
      vertex 2.9 39.2 28
      vertex 2.9 38 26.8
      vertex 2.9 39.0434 27.9897
    endloop
  endfacet
  facet normal -1 0 0
    outer loop
      vertex 2.9 38 11.2
      vertex 2.9 38.7408 10.0913
      vertex 2.9 38.6 10.1608
    endloop
  endfacet
  facet normal -1 0 0
    outer loop
      vertex 2.9 39.0434 27.9897
      vertex 2.9 38 26.8
      vertex 2.9 38.8894 27.9591
    endloop
  endfacet
  facet normal -1 0 0
    outer loop
      vertex 2.9 38 11.2
      vertex 2.9 38.6 10.1608
      vertex 2.9 38.4695 10.248
    endloop
  endfacet
  facet normal -1 0 0
    outer loop
      vertex 2.9 38.8894 27.9591
      vertex 2.9 38 26.8
      vertex 2.9 38.7408 27.9087
    endloop
  endfacet
  facet normal -1 0 0
    outer loop
      vertex 2.9 38 11.2
      vertex 2.9 38.4695 10.248
      vertex 2.9 38.3515 10.3515
    endloop
  endfacet
  facet normal -1 0 0
    outer loop
      vertex 2.9 38.7408 27.9087
      vertex 2.9 38 26.8
      vertex 2.9 38.6 27.8392
    endloop
  endfacet
  facet normal -1 0 0
    outer loop
      vertex 2.9 38 11.2
      vertex 2.9 38.3515 10.3515
      vertex 2.9 38.248 10.4695
    endloop
  endfacet
  facet normal -1 0 0
    outer loop
      vertex 2.9 38.6 27.8392
      vertex 2.9 38 26.8
      vertex 2.9 38.4695 27.752
    endloop
  endfacet
  facet normal -1 0 0
    outer loop
      vertex 2.9 38 11.2
      vertex 2.9 38.248 10.4695
      vertex 2.9 38.1608 10.6
    endloop
  endfacet
  facet normal -1 0 0
    outer loop
      vertex 2.9 38.4695 27.752
      vertex 2.9 38 26.8
      vertex 2.9 38.3515 27.6485
    endloop
  endfacet
  facet normal -1 0 0
    outer loop
      vertex 2.9 38 11.2
      vertex 2.9 38.1608 10.6
      vertex 2.9 38.0913 10.7408
    endloop
  endfacet
  facet normal -1 0 0
    outer loop
      vertex 2.9 38.3515 27.6485
      vertex 2.9 38 26.8
      vertex 2.9 38.248 27.5305
    endloop
  endfacet
  facet normal -1 0 0
    outer loop
      vertex 2.9 38 11.2
      vertex 2.9 38.0913 10.7408
      vertex 2.9 38.0409 10.8894
    endloop
  endfacet
  facet normal -1 0 0
    outer loop
      vertex 2.9 38.248 27.5305
      vertex 2.9 38 26.8
      vertex 2.9 38.1608 27.4
    endloop
  endfacet
  facet normal -1 0 0
    outer loop
      vertex 2.9 38 11.2
      vertex 2.9 38.0409 10.8894
      vertex 2.9 38.0103 11.0434
    endloop
  endfacet
  facet normal -1 0 0
    outer loop
      vertex 2.9 38.1608 27.4
      vertex 2.9 38 26.8
      vertex 2.9 38.0913 27.2592
    endloop
  endfacet
  facet normal -1 0 0
    outer loop
      vertex 2.9 38.0913 27.2592
      vertex 2.9 38 26.8
      vertex 2.9 38.0409 27.1106
    endloop
  endfacet
  facet normal -1 0 0
    outer loop
      vertex 2.9 38.0409 27.1106
      vertex 2.9 38 26.8
      vertex 2.9 38.0103 26.9566
    endloop
  endfacet
  facet normal 0 -0.751787 -0.659406
    outer loop
      vertex 0 40.752 27.5305
      vertex 2.9 40.6485 27.6485
      vertex 0 40.6485 27.6485
    endloop
  endfacet
  facet normal 0 -0.751787 -0.659406
    outer loop
      vertex 2.9 40.6485 27.6485
      vertex 0 40.752 27.5305
      vertex 2.9 40.752 27.5305
    endloop
  endfacet
  facet normal 0 -0.751787 0.659406
    outer loop
      vertex 0 40.6485 10.3515
      vertex 2.9 40.752 10.4695
      vertex 0 40.752 10.4695
    endloop
  endfacet
  facet normal 0 -0.751787 0.659406
    outer loop
      vertex 2.9 40.752 10.4695
      vertex 0 40.6485 10.3515
      vertex 2.9 40.6485 10.3515
    endloop
  endfacet
  facet normal 0 -0.659406 0.751787
    outer loop
      vertex 0 40.6485 10.3515
      vertex 2.9 40.5305 10.248
      vertex 2.9 40.6485 10.3515
    endloop
  endfacet
  facet normal 0 -0.659406 0.751787
    outer loop
      vertex 2.9 40.5305 10.248
      vertex 0 40.6485 10.3515
      vertex 0 40.5305 10.248
    endloop
  endfacet
  facet normal 0 -0.896708 0.442622
    outer loop
      vertex 0 40.8392 10.6
      vertex 2.9 40.9087 10.7408
      vertex 0 40.9087 10.7408
    endloop
  endfacet
  facet normal 0 -0.896708 0.442622
    outer loop
      vertex 2.9 40.9087 10.7408
      vertex 0 40.8392 10.6
      vertex 2.9 40.8392 10.6
    endloop
  endfacet
  facet normal 0 -0.321194 0.947013
    outer loop
      vertex 0 40.2592 10.0913
      vertex 2.9 40.1106 10.0409
      vertex 2.9 40.2592 10.0913
    endloop
  endfacet
  facet normal 0 -0.321194 0.947013
    outer loop
      vertex 2.9 40.1106 10.0409
      vertex 0 40.2592 10.0913
      vertex 0 40.1106 10.0409
    endloop
  endfacet
  facet normal 0 -0.442622 0.896708
    outer loop
      vertex 0 40.4 10.1608
      vertex 2.9 40.2592 10.0913
      vertex 2.9 40.4 10.1608
    endloop
  endfacet
  facet normal 0 -0.442622 0.896708
    outer loop
      vertex 2.9 40.2592 10.0913
      vertex 0 40.4 10.1608
      vertex 0 40.2592 10.0913
    endloop
  endfacet
  facet normal -0 0.194891 0.980825
    outer loop
      vertex 0 39.0434 10.0103
      vertex 2.9 38.8894 10.0409
      vertex 2.9 39.0434 10.0103
    endloop
  endfacet
  facet normal 0 0.194891 0.980825
    outer loop
      vertex 2.9 38.8894 10.0409
      vertex 0 39.0434 10.0103
      vertex 0 38.8894 10.0409
    endloop
  endfacet
  facet normal 0 -0.831462 -0.555582
    outer loop
      vertex 0 40.8392 27.4
      vertex 2.9 40.752 27.5305
      vertex 0 40.752 27.5305
    endloop
  endfacet
  facet normal 0 -0.831462 -0.555582
    outer loop
      vertex 2.9 40.752 27.5305
      vertex 0 40.8392 27.4
      vertex 2.9 40.8392 27.4
    endloop
  endfacet
  facet normal -0 0.321194 0.947013
    outer loop
      vertex 0 38.8894 10.0409
      vertex 2.9 38.7408 10.0913
      vertex 2.9 38.8894 10.0409
    endloop
  endfacet
  facet normal 0 0.321194 0.947013
    outer loop
      vertex 2.9 38.7408 10.0913
      vertex 0 38.8894 10.0409
      vertex 0 38.7408 10.0913
    endloop
  endfacet
  facet normal 0 -0.831462 0.555582
    outer loop
      vertex 0 40.752 10.4695
      vertex 2.9 40.8392 10.6
      vertex 0 40.8392 10.6
    endloop
  endfacet
  facet normal 0 -0.831462 0.555582
    outer loop
      vertex 2.9 40.8392 10.6
      vertex 0 40.752 10.4695
      vertex 2.9 40.752 10.4695
    endloop
  endfacet
  facet normal -0 0.442622 0.896708
    outer loop
      vertex 0 38.7408 10.0913
      vertex 2.9 38.6 10.1608
      vertex 2.9 38.7408 10.0913
    endloop
  endfacet
  facet normal 0 0.442622 0.896708
    outer loop
      vertex 2.9 38.6 10.1608
      vertex 0 38.7408 10.0913
      vertex 0 38.6 10.1608
    endloop
  endfacet
  facet normal 0 -0.997844 0.0656309
    outer loop
      vertex 0 40.9897 11.0434
      vertex 2.9 41 11.2
      vertex 0 41 11.2
    endloop
  endfacet
  facet normal 0 -0.997844 0.0656309
    outer loop
      vertex 2.9 41 11.2
      vertex 0 40.9897 11.0434
      vertex 2.9 40.9897 11.0434
    endloop
  endfacet
  facet normal 0 0.321194 -0.947013
    outer loop
      vertex 0 38.7408 27.9087
      vertex 2.9 38.8894 27.9591
      vertex 2.9 38.7408 27.9087
    endloop
  endfacet
  facet normal 0 0.321194 -0.947013
    outer loop
      vertex 2.9 38.8894 27.9591
      vertex 0 38.7408 27.9087
      vertex 0 38.8894 27.9591
    endloop
  endfacet
  facet normal 0 -0.980825 0.194891
    outer loop
      vertex 0 40.9591 10.8894
      vertex 2.9 40.9897 11.0434
      vertex 0 40.9897 11.0434
    endloop
  endfacet
  facet normal 0 -0.980825 0.194891
    outer loop
      vertex 2.9 40.9897 11.0434
      vertex 0 40.9591 10.8894
      vertex 2.9 40.9591 10.8894
    endloop
  endfacet
  facet normal 0 -0.555582 0.831462
    outer loop
      vertex 0 40.5305 10.248
      vertex 2.9 40.4 10.1608
      vertex 2.9 40.5305 10.248
    endloop
  endfacet
  facet normal 0 -0.555582 0.831462
    outer loop
      vertex 2.9 40.4 10.1608
      vertex 0 40.5305 10.248
      vertex 0 40.4 10.1608
    endloop
  endfacet
  facet normal 0 0.980825 0.194891
    outer loop
      vertex 2.9 48.0409 10.8894
      vertex 0 48.0103 11.0434
      vertex 2.9 48.0103 11.0434
    endloop
  endfacet
  facet normal 0 0.980825 0.194891
    outer loop
      vertex 0 48.0103 11.0434
      vertex 2.9 48.0409 10.8894
      vertex 0 48.0409 10.8894
    endloop
  endfacet
  facet normal 0 0.555582 -0.831462
    outer loop
      vertex 0 48.4695 27.752
      vertex 2.9 48.6 27.8392
      vertex 2.9 48.4695 27.752
    endloop
  endfacet
  facet normal 0 0.555582 -0.831462
    outer loop
      vertex 2.9 48.6 27.8392
      vertex 0 48.4695 27.752
      vertex 0 48.6 27.8392
    endloop
  endfacet
  facet normal 0 0.997844 -0.0656309
    outer loop
      vertex 2.9 48 26.8
      vertex 0 48.0103 26.9566
      vertex 2.9 48.0103 26.9566
    endloop
  endfacet
  facet normal 0 0.997844 -0.0656309
    outer loop
      vertex 0 48.0103 26.9566
      vertex 2.9 48 26.8
      vertex 0 48 26.8
    endloop
  endfacet
  facet normal 0 0.831462 -0.555582
    outer loop
      vertex 2.9 48.1608 27.4
      vertex 0 48.248 27.5305
      vertex 2.9 48.248 27.5305
    endloop
  endfacet
  facet normal 0 0.831462 -0.555582
    outer loop
      vertex 0 48.248 27.5305
      vertex 2.9 48.1608 27.4
      vertex 0 48.1608 27.4
    endloop
  endfacet
  facet normal 0 -0.997844 -0.0656309
    outer loop
      vertex 0 51 26.8
      vertex 2.9 50.9897 26.9566
      vertex 0 50.9897 26.9566
    endloop
  endfacet
  facet normal 0 -0.997844 -0.0656309
    outer loop
      vertex 2.9 50.9897 26.9566
      vertex 0 51 26.8
      vertex 2.9 51 26.8
    endloop
  endfacet
  facet normal 0 0.751787 0.659406
    outer loop
      vertex 2.9 48.3515 10.3515
      vertex 0 48.248 10.4695
      vertex 2.9 48.248 10.4695
    endloop
  endfacet
  facet normal 0 0.751787 0.659406
    outer loop
      vertex 0 48.248 10.4695
      vertex 2.9 48.3515 10.3515
      vertex 0 48.3515 10.3515
    endloop
  endfacet
  facet normal 0 0.0656309 -0.997844
    outer loop
      vertex 0 49.0434 27.9897
      vertex 2.9 49.2 28
      vertex 2.9 49.0434 27.9897
    endloop
  endfacet
  facet normal 0 0.0656309 -0.997844
    outer loop
      vertex 2.9 49.2 28
      vertex 0 49.0434 27.9897
      vertex 0 49.2 28
    endloop
  endfacet
  facet normal 0 1 -0
    outer loop
      vertex 2.9 48 11.2
      vertex 0 48 26.8
      vertex 2.9 48 26.8
    endloop
  endfacet
  facet normal 0 1 0
    outer loop
      vertex 0 48 26.8
      vertex 2.9 48 11.2
      vertex 0 48 11.2
    endloop
  endfacet
  facet normal 0 0.896708 -0.442622
    outer loop
      vertex 2.9 48.0913 27.2592
      vertex 0 48.1608 27.4
      vertex 2.9 48.1608 27.4
    endloop
  endfacet
  facet normal 0 0.896708 -0.442622
    outer loop
      vertex 0 48.1608 27.4
      vertex 2.9 48.0913 27.2592
      vertex 0 48.0913 27.2592
    endloop
  endfacet
  facet normal 0 -0.321194 -0.947013
    outer loop
      vertex 0 50.1106 27.9591
      vertex 2.9 50.2592 27.9087
      vertex 2.9 50.1106 27.9591
    endloop
  endfacet
  facet normal -0 -0.321194 -0.947013
    outer loop
      vertex 2.9 50.2592 27.9087
      vertex 0 50.1106 27.9591
      vertex 0 50.2592 27.9087
    endloop
  endfacet
  facet normal 0 -0.442622 -0.896708
    outer loop
      vertex 0 50.2592 27.9087
      vertex 2.9 50.4 27.8392
      vertex 2.9 50.2592 27.9087
    endloop
  endfacet
  facet normal -0 -0.442622 -0.896708
    outer loop
      vertex 2.9 50.4 27.8392
      vertex 0 50.2592 27.9087
      vertex 0 50.4 27.8392
    endloop
  endfacet
  facet normal 0 0.980825 -0.194891
    outer loop
      vertex 2.9 48.0103 26.9566
      vertex 0 48.0409 27.1106
      vertex 2.9 48.0409 27.1106
    endloop
  endfacet
  facet normal 0 0.980825 -0.194891
    outer loop
      vertex 0 48.0409 27.1106
      vertex 2.9 48.0103 26.9566
      vertex 0 48.0103 26.9566
    endloop
  endfacet
  facet normal 0 -0.980825 -0.194891
    outer loop
      vertex 0 50.9897 26.9566
      vertex 2.9 50.9591 27.1106
      vertex 0 50.9591 27.1106
    endloop
  endfacet
  facet normal 0 -0.980825 -0.194891
    outer loop
      vertex 2.9 50.9591 27.1106
      vertex 0 50.9897 26.9566
      vertex 2.9 50.9897 26.9566
    endloop
  endfacet
  facet normal 0 0.194891 -0.980825
    outer loop
      vertex 0 48.8894 27.9591
      vertex 2.9 49.0434 27.9897
      vertex 2.9 48.8894 27.9591
    endloop
  endfacet
  facet normal 0 0.194891 -0.980825
    outer loop
      vertex 2.9 49.0434 27.9897
      vertex 0 48.8894 27.9591
      vertex 0 49.0434 27.9897
    endloop
  endfacet
  facet normal 0 -1 0
    outer loop
      vertex 0 51 11.2
      vertex 2.9 51 26.8
      vertex 0 51 26.8
    endloop
  endfacet
  facet normal 0 -1 -0
    outer loop
      vertex 2.9 51 26.8
      vertex 0 51 11.2
      vertex 2.9 51 11.2
    endloop
  endfacet
  facet normal -0 0.0656309 0.997844
    outer loop
      vertex 0 49.2 10
      vertex 2.9 49.0434 10.0103
      vertex 2.9 49.2 10
    endloop
  endfacet
  facet normal 0 0.0656309 0.997844
    outer loop
      vertex 2.9 49.0434 10.0103
      vertex 0 49.2 10
      vertex 0 49.0434 10.0103
    endloop
  endfacet
  facet normal 0 0.751787 -0.659406
    outer loop
      vertex 2.9 48.248 27.5305
      vertex 0 48.3515 27.6485
      vertex 2.9 48.3515 27.6485
    endloop
  endfacet
  facet normal 0 0.751787 -0.659406
    outer loop
      vertex 0 48.3515 27.6485
      vertex 2.9 48.248 27.5305
      vertex 0 48.248 27.5305
    endloop
  endfacet
  facet normal 0 -0.896708 -0.442622
    outer loop
      vertex 0 50.9087 27.2592
      vertex 2.9 50.8392 27.4
      vertex 0 50.8392 27.4
    endloop
  endfacet
  facet normal 0 -0.896708 -0.442622
    outer loop
      vertex 2.9 50.8392 27.4
      vertex 0 50.9087 27.2592
      vertex 2.9 50.9087 27.2592
    endloop
  endfacet
  facet normal 0 0.997844 0.0656309
    outer loop
      vertex 2.9 48.0103 11.0434
      vertex 0 48 11.2
      vertex 2.9 48 11.2
    endloop
  endfacet
  facet normal 0 0.997844 0.0656309
    outer loop
      vertex 0 48 11.2
      vertex 2.9 48.0103 11.0434
      vertex 0 48.0103 11.0434
    endloop
  endfacet
  facet normal 0 -0.947013 0.321194
    outer loop
      vertex 0 50.9087 10.7408
      vertex 2.9 50.9591 10.8894
      vertex 0 50.9591 10.8894
    endloop
  endfacet
  facet normal 0 -0.947013 0.321194
    outer loop
      vertex 2.9 50.9591 10.8894
      vertex 0 50.9087 10.7408
      vertex 2.9 50.9087 10.7408
    endloop
  endfacet
  facet normal 0 -0.194891 -0.980825
    outer loop
      vertex 0 49.9566 27.9897
      vertex 2.9 50.1106 27.9591
      vertex 2.9 49.9566 27.9897
    endloop
  endfacet
  facet normal -0 -0.194891 -0.980825
    outer loop
      vertex 2.9 50.1106 27.9591
      vertex 0 49.9566 27.9897
      vertex 0 50.1106 27.9591
    endloop
  endfacet
  facet normal 0 -0.194891 0.980825
    outer loop
      vertex 0 50.1106 10.0409
      vertex 2.9 49.9566 10.0103
      vertex 2.9 50.1106 10.0409
    endloop
  endfacet
  facet normal 0 -0.194891 0.980825
    outer loop
      vertex 2.9 49.9566 10.0103
      vertex 0 50.1106 10.0409
      vertex 0 49.9566 10.0103
    endloop
  endfacet
  facet normal 0 0.659406 -0.751787
    outer loop
      vertex 0 48.3515 27.6485
      vertex 2.9 48.4695 27.752
      vertex 2.9 48.3515 27.6485
    endloop
  endfacet
  facet normal 0 0.659406 -0.751787
    outer loop
      vertex 2.9 48.4695 27.752
      vertex 0 48.3515 27.6485
      vertex 0 48.4695 27.752
    endloop
  endfacet
  facet normal 0 0.831462 0.555582
    outer loop
      vertex 2.9 48.248 10.4695
      vertex 0 48.1608 10.6
      vertex 2.9 48.1608 10.6
    endloop
  endfacet
  facet normal 0 0.831462 0.555582
    outer loop
      vertex 0 48.1608 10.6
      vertex 2.9 48.248 10.4695
      vertex 0 48.248 10.4695
    endloop
  endfacet
  facet normal 0 0.442622 -0.896708
    outer loop
      vertex 0 48.6 27.8392
      vertex 2.9 48.7408 27.9087
      vertex 2.9 48.6 27.8392
    endloop
  endfacet
  facet normal 0 0.442622 -0.896708
    outer loop
      vertex 2.9 48.7408 27.9087
      vertex 0 48.6 27.8392
      vertex 0 48.7408 27.9087
    endloop
  endfacet
  facet normal 0 0 -1
    outer loop
      vertex 0 49.2 28
      vertex 2.9 49.8 28
      vertex 2.9 49.2 28
    endloop
  endfacet
  facet normal -0 0 -1
    outer loop
      vertex 2.9 49.8 28
      vertex 0 49.2 28
      vertex 0 49.8 28
    endloop
  endfacet
  facet normal 0 -0.0656309 -0.997844
    outer loop
      vertex 0 49.8 28
      vertex 2.9 49.9566 27.9897
      vertex 2.9 49.8 28
    endloop
  endfacet
  facet normal -0 -0.0656309 -0.997844
    outer loop
      vertex 2.9 49.9566 27.9897
      vertex 0 49.8 28
      vertex 0 49.9566 27.9897
    endloop
  endfacet
  facet normal 0 -0.555582 -0.831462
    outer loop
      vertex 0 50.4 27.8392
      vertex 2.9 50.5305 27.752
      vertex 2.9 50.4 27.8392
    endloop
  endfacet
  facet normal -0 -0.555582 -0.831462
    outer loop
      vertex 2.9 50.5305 27.752
      vertex 0 50.4 27.8392
      vertex 0 50.5305 27.752
    endloop
  endfacet
  facet normal -0 0.555582 0.831462
    outer loop
      vertex 0 48.6 10.1608
      vertex 2.9 48.4695 10.248
      vertex 2.9 48.6 10.1608
    endloop
  endfacet
  facet normal 0 0.555582 0.831462
    outer loop
      vertex 2.9 48.4695 10.248
      vertex 0 48.6 10.1608
      vertex 0 48.4695 10.248
    endloop
  endfacet
  facet normal 0 0.896708 0.442622
    outer loop
      vertex 2.9 48.1608 10.6
      vertex 0 48.0913 10.7408
      vertex 2.9 48.0913 10.7408
    endloop
  endfacet
  facet normal 0 0.896708 0.442622
    outer loop
      vertex 0 48.0913 10.7408
      vertex 2.9 48.1608 10.6
      vertex 0 48.1608 10.6
    endloop
  endfacet
  facet normal 0 -0.659406 -0.751787
    outer loop
      vertex 0 50.5305 27.752
      vertex 2.9 50.6485 27.6485
      vertex 2.9 50.5305 27.752
    endloop
  endfacet
  facet normal -0 -0.659406 -0.751787
    outer loop
      vertex 2.9 50.6485 27.6485
      vertex 0 50.5305 27.752
      vertex 0 50.6485 27.6485
    endloop
  endfacet
  facet normal 0 -0.831462 -0.555582
    outer loop
      vertex 0 50.8392 27.4
      vertex 2.9 50.752 27.5305
      vertex 0 50.752 27.5305
    endloop
  endfacet
  facet normal 0 -0.831462 -0.555582
    outer loop
      vertex 2.9 50.752 27.5305
      vertex 0 50.8392 27.4
      vertex 2.9 50.8392 27.4
    endloop
  endfacet
  facet normal 0 0.947013 -0.321194
    outer loop
      vertex 2.9 48.0409 27.1106
      vertex 0 48.0913 27.2592
      vertex 2.9 48.0913 27.2592
    endloop
  endfacet
  facet normal 0 0.947013 -0.321194
    outer loop
      vertex 0 48.0913 27.2592
      vertex 2.9 48.0409 27.1106
      vertex 0 48.0409 27.1106
    endloop
  endfacet
  facet normal -0 0.659406 0.751787
    outer loop
      vertex 0 48.4695 10.248
      vertex 2.9 48.3515 10.3515
      vertex 2.9 48.4695 10.248
    endloop
  endfacet
  facet normal 0 0.659406 0.751787
    outer loop
      vertex 2.9 48.3515 10.3515
      vertex 0 48.4695 10.248
      vertex 0 48.3515 10.3515
    endloop
  endfacet
  facet normal -0 0 1
    outer loop
      vertex 0 49.8 10
      vertex 2.9 49.2 10
      vertex 2.9 49.8 10
    endloop
  endfacet
  facet normal 0 0 1
    outer loop
      vertex 2.9 49.2 10
      vertex 0 49.8 10
      vertex 0 49.2 10
    endloop
  endfacet
  facet normal 0 -0.0656309 0.997844
    outer loop
      vertex 0 49.9566 10.0103
      vertex 2.9 49.8 10
      vertex 2.9 49.9566 10.0103
    endloop
  endfacet
  facet normal 0 -0.0656309 0.997844
    outer loop
      vertex 2.9 49.8 10
      vertex 0 49.9566 10.0103
      vertex 0 49.8 10
    endloop
  endfacet
  facet normal 0 0.947013 0.321194
    outer loop
      vertex 2.9 48.0913 10.7408
      vertex 0 48.0409 10.8894
      vertex 2.9 48.0409 10.8894
    endloop
  endfacet
  facet normal 0 0.947013 0.321194
    outer loop
      vertex 0 48.0409 10.8894
      vertex 2.9 48.0913 10.7408
      vertex 0 48.0913 10.7408
    endloop
  endfacet
  facet normal 0 -0.947013 -0.321194
    outer loop
      vertex 0 50.9591 27.1106
      vertex 2.9 50.9087 27.2592
      vertex 0 50.9087 27.2592
    endloop
  endfacet
  facet normal 0 -0.947013 -0.321194
    outer loop
      vertex 2.9 50.9087 27.2592
      vertex 0 50.9591 27.1106
      vertex 2.9 50.9591 27.1106
    endloop
  endfacet
  facet normal -1 0 0
    outer loop
      vertex 2.9 49.8 10
      vertex 2.9 51 11.2
      vertex 2.9 50.9897 11.0434
    endloop
  endfacet
  facet normal -1 0 0
    outer loop
      vertex 2.9 51 11.2
      vertex 2.9 48 11.2
      vertex 2.9 51 26.8
    endloop
  endfacet
  facet normal -1 0 0
    outer loop
      vertex 2.9 49.8 10
      vertex 2.9 50.9897 11.0434
      vertex 2.9 50.9591 10.8894
    endloop
  endfacet
  facet normal -1 0 0
    outer loop
      vertex 2.9 48 26.8
      vertex 2.9 51 26.8
      vertex 2.9 48 11.2
    endloop
  endfacet
  facet normal -1 0 0
    outer loop
      vertex 2.9 49.8 10
      vertex 2.9 50.9591 10.8894
      vertex 2.9 50.9087 10.7408
    endloop
  endfacet
  facet normal -1 0 -0
    outer loop
      vertex 2.9 49.8 28
      vertex 2.9 51 26.8
      vertex 2.9 48 26.8
    endloop
  endfacet
  facet normal -1 0 0
    outer loop
      vertex 2.9 49.8 10
      vertex 2.9 50.9087 10.7408
      vertex 2.9 50.8392 10.6
    endloop
  endfacet
  facet normal -1 0 0
    outer loop
      vertex 2.9 51 26.8
      vertex 2.9 49.8 28
      vertex 2.9 50.9897 26.9566
    endloop
  endfacet
  facet normal -1 0 0
    outer loop
      vertex 2.9 49.8 10
      vertex 2.9 50.8392 10.6
      vertex 2.9 50.752 10.4695
    endloop
  endfacet
  facet normal -1 0 0
    outer loop
      vertex 2.9 50.9897 26.9566
      vertex 2.9 49.8 28
      vertex 2.9 50.9591 27.1106
    endloop
  endfacet
  facet normal -1 0 0
    outer loop
      vertex 2.9 49.8 10
      vertex 2.9 50.752 10.4695
      vertex 2.9 50.6485 10.3515
    endloop
  endfacet
  facet normal -1 0 0
    outer loop
      vertex 2.9 50.9591 27.1106
      vertex 2.9 49.8 28
      vertex 2.9 50.9087 27.2592
    endloop
  endfacet
  facet normal -1 0 0
    outer loop
      vertex 2.9 49.8 10
      vertex 2.9 50.6485 10.3515
      vertex 2.9 50.5305 10.248
    endloop
  endfacet
  facet normal -1 0 0
    outer loop
      vertex 2.9 50.9087 27.2592
      vertex 2.9 49.8 28
      vertex 2.9 50.8392 27.4
    endloop
  endfacet
  facet normal -1 0 0
    outer loop
      vertex 2.9 49.8 10
      vertex 2.9 50.5305 10.248
      vertex 2.9 50.4 10.1608
    endloop
  endfacet
  facet normal -1 0 0
    outer loop
      vertex 2.9 50.8392 27.4
      vertex 2.9 49.8 28
      vertex 2.9 50.752 27.5305
    endloop
  endfacet
  facet normal -1 0 0
    outer loop
      vertex 2.9 49.8 10
      vertex 2.9 50.4 10.1608
      vertex 2.9 50.2592 10.0913
    endloop
  endfacet
  facet normal -1 0 0
    outer loop
      vertex 2.9 50.752 27.5305
      vertex 2.9 49.8 28
      vertex 2.9 50.6485 27.6485
    endloop
  endfacet
  facet normal -1 0 0
    outer loop
      vertex 2.9 49.8 10
      vertex 2.9 50.2592 10.0913
      vertex 2.9 50.1106 10.0409
    endloop
  endfacet
  facet normal -1 0 0
    outer loop
      vertex 2.9 50.6485 27.6485
      vertex 2.9 49.8 28
      vertex 2.9 50.5305 27.752
    endloop
  endfacet
  facet normal -1 0 0
    outer loop
      vertex 2.9 49.8 10
      vertex 2.9 50.1106 10.0409
      vertex 2.9 49.9566 10.0103
    endloop
  endfacet
  facet normal -1 0 0
    outer loop
      vertex 2.9 50.5305 27.752
      vertex 2.9 49.8 28
      vertex 2.9 50.4 27.8392
    endloop
  endfacet
  facet normal -1 -0 0
    outer loop
      vertex 2.9 51 11.2
      vertex 2.9 49.8 10
      vertex 2.9 48 11.2
    endloop
  endfacet
  facet normal -1 0 0
    outer loop
      vertex 2.9 50.4 27.8392
      vertex 2.9 49.8 28
      vertex 2.9 50.2592 27.9087
    endloop
  endfacet
  facet normal -1 0 0
    outer loop
      vertex 2.9 48 11.2
      vertex 2.9 49.8 10
      vertex 2.9 49.2 10
    endloop
  endfacet
  facet normal -1 0 0
    outer loop
      vertex 2.9 50.2592 27.9087
      vertex 2.9 49.8 28
      vertex 2.9 50.1106 27.9591
    endloop
  endfacet
  facet normal -1 0 0
    outer loop
      vertex 2.9 48 11.2
      vertex 2.9 49.2 10
      vertex 2.9 49.0434 10.0103
    endloop
  endfacet
  facet normal -1 0 0
    outer loop
      vertex 2.9 50.1106 27.9591
      vertex 2.9 49.8 28
      vertex 2.9 49.9566 27.9897
    endloop
  endfacet
  facet normal -1 0 0
    outer loop
      vertex 2.9 48 11.2
      vertex 2.9 49.0434 10.0103
      vertex 2.9 48.8894 10.0409
    endloop
  endfacet
  facet normal -1 -0 0
    outer loop
      vertex 2.9 49.8 28
      vertex 2.9 48 26.8
      vertex 2.9 49.2 28
    endloop
  endfacet
  facet normal -1 0 0
    outer loop
      vertex 2.9 48 11.2
      vertex 2.9 48.8894 10.0409
      vertex 2.9 48.7408 10.0913
    endloop
  endfacet
  facet normal -1 0 0
    outer loop
      vertex 2.9 49.2 28
      vertex 2.9 48 26.8
      vertex 2.9 49.0434 27.9897
    endloop
  endfacet
  facet normal -1 0 0
    outer loop
      vertex 2.9 48 11.2
      vertex 2.9 48.7408 10.0913
      vertex 2.9 48.6 10.1608
    endloop
  endfacet
  facet normal -1 0 0
    outer loop
      vertex 2.9 49.0434 27.9897
      vertex 2.9 48 26.8
      vertex 2.9 48.8894 27.9591
    endloop
  endfacet
  facet normal -1 0 0
    outer loop
      vertex 2.9 48 11.2
      vertex 2.9 48.6 10.1608
      vertex 2.9 48.4695 10.248
    endloop
  endfacet
  facet normal -1 0 0
    outer loop
      vertex 2.9 48.8894 27.9591
      vertex 2.9 48 26.8
      vertex 2.9 48.7408 27.9087
    endloop
  endfacet
  facet normal -1 0 0
    outer loop
      vertex 2.9 48 11.2
      vertex 2.9 48.4695 10.248
      vertex 2.9 48.3515 10.3515
    endloop
  endfacet
  facet normal -1 0 0
    outer loop
      vertex 2.9 48.7408 27.9087
      vertex 2.9 48 26.8
      vertex 2.9 48.6 27.8392
    endloop
  endfacet
  facet normal -1 0 0
    outer loop
      vertex 2.9 48 11.2
      vertex 2.9 48.3515 10.3515
      vertex 2.9 48.248 10.4695
    endloop
  endfacet
  facet normal -1 0 0
    outer loop
      vertex 2.9 48.6 27.8392
      vertex 2.9 48 26.8
      vertex 2.9 48.4695 27.752
    endloop
  endfacet
  facet normal -1 0 0
    outer loop
      vertex 2.9 48 11.2
      vertex 2.9 48.248 10.4695
      vertex 2.9 48.1608 10.6
    endloop
  endfacet
  facet normal -1 0 0
    outer loop
      vertex 2.9 48.4695 27.752
      vertex 2.9 48 26.8
      vertex 2.9 48.3515 27.6485
    endloop
  endfacet
  facet normal -1 0 0
    outer loop
      vertex 2.9 48 11.2
      vertex 2.9 48.1608 10.6
      vertex 2.9 48.0913 10.7408
    endloop
  endfacet
  facet normal -1 0 0
    outer loop
      vertex 2.9 48.3515 27.6485
      vertex 2.9 48 26.8
      vertex 2.9 48.248 27.5305
    endloop
  endfacet
  facet normal -1 0 0
    outer loop
      vertex 2.9 48 11.2
      vertex 2.9 48.0913 10.7408
      vertex 2.9 48.0409 10.8894
    endloop
  endfacet
  facet normal -1 0 0
    outer loop
      vertex 2.9 48.248 27.5305
      vertex 2.9 48 26.8
      vertex 2.9 48.1608 27.4
    endloop
  endfacet
  facet normal -1 0 0
    outer loop
      vertex 2.9 48 11.2
      vertex 2.9 48.0409 10.8894
      vertex 2.9 48.0103 11.0434
    endloop
  endfacet
  facet normal -1 0 0
    outer loop
      vertex 2.9 48.1608 27.4
      vertex 2.9 48 26.8
      vertex 2.9 48.0913 27.2592
    endloop
  endfacet
  facet normal -1 0 0
    outer loop
      vertex 2.9 48.0913 27.2592
      vertex 2.9 48 26.8
      vertex 2.9 48.0409 27.1106
    endloop
  endfacet
  facet normal -1 0 0
    outer loop
      vertex 2.9 48.0409 27.1106
      vertex 2.9 48 26.8
      vertex 2.9 48.0103 26.9566
    endloop
  endfacet
  facet normal 0 -0.751787 -0.659406
    outer loop
      vertex 0 50.752 27.5305
      vertex 2.9 50.6485 27.6485
      vertex 0 50.6485 27.6485
    endloop
  endfacet
  facet normal 0 -0.751787 -0.659406
    outer loop
      vertex 2.9 50.6485 27.6485
      vertex 0 50.752 27.5305
      vertex 2.9 50.752 27.5305
    endloop
  endfacet
  facet normal 0 -0.659406 0.751787
    outer loop
      vertex 0 50.6485 10.3515
      vertex 2.9 50.5305 10.248
      vertex 2.9 50.6485 10.3515
    endloop
  endfacet
  facet normal 0 -0.659406 0.751787
    outer loop
      vertex 2.9 50.5305 10.248
      vertex 0 50.6485 10.3515
      vertex 0 50.5305 10.248
    endloop
  endfacet
  facet normal 0 -0.896708 0.442622
    outer loop
      vertex 0 50.8392 10.6
      vertex 2.9 50.9087 10.7408
      vertex 0 50.9087 10.7408
    endloop
  endfacet
  facet normal 0 -0.896708 0.442622
    outer loop
      vertex 2.9 50.9087 10.7408
      vertex 0 50.8392 10.6
      vertex 2.9 50.8392 10.6
    endloop
  endfacet
  facet normal 0 -0.321194 0.947013
    outer loop
      vertex 0 50.2592 10.0913
      vertex 2.9 50.1106 10.0409
      vertex 2.9 50.2592 10.0913
    endloop
  endfacet
  facet normal 0 -0.321194 0.947013
    outer loop
      vertex 2.9 50.1106 10.0409
      vertex 0 50.2592 10.0913
      vertex 0 50.1106 10.0409
    endloop
  endfacet
  facet normal 0 -0.442622 0.896708
    outer loop
      vertex 0 50.4 10.1608
      vertex 2.9 50.2592 10.0913
      vertex 2.9 50.4 10.1608
    endloop
  endfacet
  facet normal 0 -0.442622 0.896708
    outer loop
      vertex 2.9 50.2592 10.0913
      vertex 0 50.4 10.1608
      vertex 0 50.2592 10.0913
    endloop
  endfacet
  facet normal -0 0.194891 0.980825
    outer loop
      vertex 0 49.0434 10.0103
      vertex 2.9 48.8894 10.0409
      vertex 2.9 49.0434 10.0103
    endloop
  endfacet
  facet normal 0 0.194891 0.980825
    outer loop
      vertex 2.9 48.8894 10.0409
      vertex 0 49.0434 10.0103
      vertex 0 48.8894 10.0409
    endloop
  endfacet
  facet normal -0 0.321194 0.947013
    outer loop
      vertex 0 48.8894 10.0409
      vertex 2.9 48.7408 10.0913
      vertex 2.9 48.8894 10.0409
    endloop
  endfacet
  facet normal 0 0.321194 0.947013
    outer loop
      vertex 2.9 48.7408 10.0913
      vertex 0 48.8894 10.0409
      vertex 0 48.7408 10.0913
    endloop
  endfacet
  facet normal 0 -0.831462 0.555582
    outer loop
      vertex 0 50.752 10.4695
      vertex 2.9 50.8392 10.6
      vertex 0 50.8392 10.6
    endloop
  endfacet
  facet normal 0 -0.831462 0.555582
    outer loop
      vertex 2.9 50.8392 10.6
      vertex 0 50.752 10.4695
      vertex 2.9 50.752 10.4695
    endloop
  endfacet
  facet normal -0 0.442622 0.896708
    outer loop
      vertex 0 48.7408 10.0913
      vertex 2.9 48.6 10.1608
      vertex 2.9 48.7408 10.0913
    endloop
  endfacet
  facet normal 0 0.442622 0.896708
    outer loop
      vertex 2.9 48.6 10.1608
      vertex 0 48.7408 10.0913
      vertex 0 48.6 10.1608
    endloop
  endfacet
  facet normal 0 -0.997844 0.0656309
    outer loop
      vertex 0 50.9897 11.0434
      vertex 2.9 51 11.2
      vertex 0 51 11.2
    endloop
  endfacet
  facet normal 0 -0.997844 0.0656309
    outer loop
      vertex 2.9 51 11.2
      vertex 0 50.9897 11.0434
      vertex 2.9 50.9897 11.0434
    endloop
  endfacet
  facet normal 0 -0.751787 0.659406
    outer loop
      vertex 0 50.6485 10.3515
      vertex 2.9 50.752 10.4695
      vertex 0 50.752 10.4695
    endloop
  endfacet
  facet normal 0 -0.751787 0.659406
    outer loop
      vertex 2.9 50.752 10.4695
      vertex 0 50.6485 10.3515
      vertex 2.9 50.6485 10.3515
    endloop
  endfacet
  facet normal 0 0.321194 -0.947013
    outer loop
      vertex 0 48.7408 27.9087
      vertex 2.9 48.8894 27.9591
      vertex 2.9 48.7408 27.9087
    endloop
  endfacet
  facet normal 0 0.321194 -0.947013
    outer loop
      vertex 2.9 48.8894 27.9591
      vertex 0 48.7408 27.9087
      vertex 0 48.8894 27.9591
    endloop
  endfacet
  facet normal 0 -0.980825 0.194891
    outer loop
      vertex 0 50.9591 10.8894
      vertex 2.9 50.9897 11.0434
      vertex 0 50.9897 11.0434
    endloop
  endfacet
  facet normal 0 -0.980825 0.194891
    outer loop
      vertex 2.9 50.9897 11.0434
      vertex 0 50.9591 10.8894
      vertex 2.9 50.9591 10.8894
    endloop
  endfacet
  facet normal 0 -0.555582 0.831462
    outer loop
      vertex 0 50.5305 10.248
      vertex 2.9 50.4 10.1608
      vertex 2.9 50.5305 10.248
    endloop
  endfacet
  facet normal 0 -0.555582 0.831462
    outer loop
      vertex 2.9 50.4 10.1608
      vertex 0 50.5305 10.248
      vertex 0 50.4 10.1608
    endloop
  endfacet
  facet normal -1 0 0
    outer loop
      vertex 26 0 14
      vertex 26 3.2 24
      vertex 26 3.2 14
    endloop
  endfacet
  facet normal -1 -0 0
    outer loop
      vertex 26 3.2 24
      vertex 26 0 14
      vertex 26 0 24
    endloop
  endfacet
  facet normal 0 0 -1
    outer loop
      vertex 12 0 24
      vertex 26 3.2 24
      vertex 26 0 24
    endloop
  endfacet
  facet normal -0 0 -1
    outer loop
      vertex 26 3.2 24
      vertex 12 0 24
      vertex 12 3.2 24
    endloop
  endfacet
  facet normal -0 0 1
    outer loop
      vertex 12 3.2 14
      vertex 26 0 14
      vertex 26 3.2 14
    endloop
  endfacet
  facet normal 0 0 1
    outer loop
      vertex 26 0 14
      vertex 12 3.2 14
      vertex 12 0 14
    endloop
  endfacet
  facet normal 1 -0 0
    outer loop
      vertex 12 0 24
      vertex 12 3.2 14
      vertex 12 3.2 24
    endloop
  endfacet
  facet normal 1 0 0
    outer loop
      vertex 12 3.2 14
      vertex 12 0 24
      vertex 12 0 14
    endloop
  endfacet
  facet normal -1 0 0
    outer loop
      vertex 49 0 14
      vertex 49 3.2 24
      vertex 49 3.2 14
    endloop
  endfacet
  facet normal -1 -0 0
    outer loop
      vertex 49 3.2 24
      vertex 49 0 14
      vertex 49 0 24
    endloop
  endfacet
  facet normal 0 0 -1
    outer loop
      vertex 35 0 24
      vertex 49 3.2 24
      vertex 49 0 24
    endloop
  endfacet
  facet normal -0 0 -1
    outer loop
      vertex 49 3.2 24
      vertex 35 0 24
      vertex 35 3.2 24
    endloop
  endfacet
  facet normal -0 0 1
    outer loop
      vertex 35 3.2 14
      vertex 49 0 14
      vertex 49 3.2 14
    endloop
  endfacet
  facet normal 0 0 1
    outer loop
      vertex 49 0 14
      vertex 35 3.2 14
      vertex 35 0 14
    endloop
  endfacet
  facet normal 1 -0 0
    outer loop
      vertex 35 0 24
      vertex 35 3.2 14
      vertex 35 3.2 24
    endloop
  endfacet
  facet normal 1 0 0
    outer loop
      vertex 35 3.2 14
      vertex 35 0 24
      vertex 35 0 14
    endloop
  endfacet
  facet normal -1 0 0
    outer loop
      vertex 110 0 14
      vertex 110 3.2 24
      vertex 110 3.2 14
    endloop
  endfacet
  facet normal -1 -0 0
    outer loop
      vertex 110 3.2 24
      vertex 110 0 14
      vertex 110 0 24
    endloop
  endfacet
  facet normal 0 0 -1
    outer loop
      vertex 96 0 24
      vertex 110 3.2 24
      vertex 110 0 24
    endloop
  endfacet
  facet normal -0 0 -1
    outer loop
      vertex 110 3.2 24
      vertex 96 0 24
      vertex 96 3.2 24
    endloop
  endfacet
  facet normal -0 0 1
    outer loop
      vertex 96 3.2 14
      vertex 110 0 14
      vertex 110 3.2 14
    endloop
  endfacet
  facet normal 0 0 1
    outer loop
      vertex 110 0 14
      vertex 96 3.2 14
      vertex 96 0 14
    endloop
  endfacet
  facet normal 1 -0 0
    outer loop
      vertex 96 0 24
      vertex 96 3.2 14
      vertex 96 3.2 24
    endloop
  endfacet
  facet normal 1 0 0
    outer loop
      vertex 96 3.2 14
      vertex 96 0 24
      vertex 96 0 14
    endloop
  endfacet
  facet normal -1 0 0
    outer loop
      vertex 133 0 14
      vertex 133 3.2 24
      vertex 133 3.2 14
    endloop
  endfacet
  facet normal -1 -0 0
    outer loop
      vertex 133 3.2 24
      vertex 133 0 14
      vertex 133 0 24
    endloop
  endfacet
  facet normal 0 0 -1
    outer loop
      vertex 119 0 24
      vertex 133 3.2 24
      vertex 133 0 24
    endloop
  endfacet
  facet normal -0 0 -1
    outer loop
      vertex 133 3.2 24
      vertex 119 0 24
      vertex 119 3.2 24
    endloop
  endfacet
  facet normal -0 0 1
    outer loop
      vertex 119 3.2 14
      vertex 133 0 14
      vertex 133 3.2 14
    endloop
  endfacet
  facet normal 0 0 1
    outer loop
      vertex 133 0 14
      vertex 119 3.2 14
      vertex 119 0 14
    endloop
  endfacet
  facet normal 1 -0 0
    outer loop
      vertex 119 0 24
      vertex 119 3.2 14
      vertex 119 3.2 24
    endloop
  endfacet
  facet normal 1 0 0
    outer loop
      vertex 119 3.2 14
      vertex 119 0 24
      vertex 119 0 14
    endloop
  endfacet
  facet normal -1 0 0
    outer loop
      vertex 194 0 14
      vertex 194 3.2 24
      vertex 194 3.2 14
    endloop
  endfacet
  facet normal -1 -0 0
    outer loop
      vertex 194 3.2 24
      vertex 194 0 14
      vertex 194 0 24
    endloop
  endfacet
  facet normal 0 0 -1
    outer loop
      vertex 180 0 24
      vertex 194 3.2 24
      vertex 194 0 24
    endloop
  endfacet
  facet normal -0 0 -1
    outer loop
      vertex 194 3.2 24
      vertex 180 0 24
      vertex 180 3.2 24
    endloop
  endfacet
  facet normal -0 0 1
    outer loop
      vertex 180 3.2 14
      vertex 194 0 14
      vertex 194 3.2 14
    endloop
  endfacet
  facet normal 0 0 1
    outer loop
      vertex 194 0 14
      vertex 180 3.2 14
      vertex 180 0 14
    endloop
  endfacet
  facet normal 1 -0 0
    outer loop
      vertex 180 0 24
      vertex 180 3.2 14
      vertex 180 3.2 24
    endloop
  endfacet
  facet normal 1 0 0
    outer loop
      vertex 180 3.2 14
      vertex 180 0 24
      vertex 180 0 14
    endloop
  endfacet
  facet normal -1 0 0
    outer loop
      vertex 217 0 14
      vertex 217 3.2 24
      vertex 217 3.2 14
    endloop
  endfacet
  facet normal -1 -0 0
    outer loop
      vertex 217 3.2 24
      vertex 217 0 14
      vertex 217 0 24
    endloop
  endfacet
  facet normal 0 0 -1
    outer loop
      vertex 203 0 24
      vertex 217 3.2 24
      vertex 217 0 24
    endloop
  endfacet
  facet normal -0 0 -1
    outer loop
      vertex 217 3.2 24
      vertex 203 0 24
      vertex 203 3.2 24
    endloop
  endfacet
  facet normal -0 0 1
    outer loop
      vertex 203 3.2 14
      vertex 217 0 14
      vertex 217 3.2 14
    endloop
  endfacet
  facet normal 0 0 1
    outer loop
      vertex 217 0 14
      vertex 203 3.2 14
      vertex 203 0 14
    endloop
  endfacet
  facet normal 1 -0 0
    outer loop
      vertex 203 0 24
      vertex 203 3.2 14
      vertex 203 3.2 24
    endloop
  endfacet
  facet normal 1 0 0
    outer loop
      vertex 203 3.2 14
      vertex 203 0 24
      vertex 203 0 14
    endloop
  endfacet
  facet normal -1 0 0
    outer loop
      vertex 75 119.9 18
      vertex 75 120 31
      vertex 75 120 18
    endloop
  endfacet
  facet normal -1 -0 0
    outer loop
      vertex 75 120 31
      vertex 75 119.9 18
      vertex 75 119.9 31
    endloop
  endfacet
  facet normal 0 0 -1
    outer loop
      vertex 20 119.9 31
      vertex 75 120 31
      vertex 75 119.9 31
    endloop
  endfacet
  facet normal -0 0 -1
    outer loop
      vertex 75 120 31
      vertex 20 119.9 31
      vertex 20 120 31
    endloop
  endfacet
  facet normal -0 0 1
    outer loop
      vertex 30 120 18
      vertex 75 119.9 18
      vertex 75 120 18
    endloop
  endfacet
  facet normal 0 0 1
    outer loop
      vertex 75 119.9 18
      vertex 30 120 18
      vertex 30 119.9 18
    endloop
  endfacet
  facet normal 1 -0 0
    outer loop
      vertex 20 119.9 31
      vertex 20 120 23
      vertex 20 120 31
    endloop
  endfacet
  facet normal 1 0 0
    outer loop
      vertex 20 120 23
      vertex 20 119.9 31
      vertex 20 119.9 23
    endloop
  endfacet
  facet normal 0 1 -0
    outer loop
      vertex 30 119.9 18
      vertex 20 119.9 31
      vertex 75 119.9 31
    endloop
  endfacet
  facet normal 0 1 0
    outer loop
      vertex 30 119.9 18
      vertex 75 119.9 31
      vertex 75 119.9 18
    endloop
  endfacet
  facet normal 0 1 0
    outer loop
      vertex 20 119.9 31
      vertex 30 119.9 18
      vertex 20 119.9 23
    endloop
  endfacet
  facet normal 0 1 -0
    outer loop
      vertex 30 119.9 10
      vertex 20 119.9 23
      vertex 30 119.9 18
    endloop
  endfacet
  facet normal 0 1 0
    outer loop
      vertex 20 119.9 23
      vertex 30 119.9 10
      vertex 12 119.9 10
    endloop
  endfacet
  facet normal 0 1 0
    outer loop
      vertex 20 119.9 23
      vertex 12 119.9 10
      vertex 12 119.9 23
    endloop
  endfacet
  facet normal -1 0 0
    outer loop
      vertex 159 119.9 18
      vertex 159 120 31
      vertex 159 120 18
    endloop
  endfacet
  facet normal -1 -0 0
    outer loop
      vertex 159 120 31
      vertex 159 119.9 18
      vertex 159 119.9 31
    endloop
  endfacet
  facet normal 0 0 -1
    outer loop
      vertex 104 119.9 31
      vertex 159 120 31
      vertex 159 119.9 31
    endloop
  endfacet
  facet normal -0 0 -1
    outer loop
      vertex 159 120 31
      vertex 104 119.9 31
      vertex 104 120 31
    endloop
  endfacet
  facet normal -0 0 1
    outer loop
      vertex 104 120 18
      vertex 159 119.9 18
      vertex 159 120 18
    endloop
  endfacet
  facet normal 0 0 1
    outer loop
      vertex 159 119.9 18
      vertex 104 120 18
      vertex 104 119.9 18
    endloop
  endfacet
  facet normal 1 -0 0
    outer loop
      vertex 104 119.9 31
      vertex 104 120 18
      vertex 104 120 31
    endloop
  endfacet
  facet normal 1 0 0
    outer loop
      vertex 104 120 18
      vertex 104 119.9 31
      vertex 104 119.9 18
    endloop
  endfacet
  facet normal 0 1 -0
    outer loop
      vertex 159 119.9 18
      vertex 104 119.9 31
      vertex 159 119.9 31
    endloop
  endfacet
  facet normal 0 1 0
    outer loop
      vertex 104 119.9 31
      vertex 159 119.9 18
      vertex 104 119.9 18
    endloop
  endfacet
  facet normal -1 0 0
    outer loop
      vertex 243 119.9 18
      vertex 243 120 31
      vertex 243 120 18
    endloop
  endfacet
  facet normal -1 -0 0
    outer loop
      vertex 243 120 31
      vertex 243 119.9 18
      vertex 243 119.9 31
    endloop
  endfacet
  facet normal 0 0 -1
    outer loop
      vertex 188 119.9 31
      vertex 243 120 31
      vertex 243 119.9 31
    endloop
  endfacet
  facet normal -0 0 -1
    outer loop
      vertex 243 120 31
      vertex 188 119.9 31
      vertex 188 120 31
    endloop
  endfacet
  facet normal -0 0 1
    outer loop
      vertex 188 120 18
      vertex 243 119.9 18
      vertex 243 120 18
    endloop
  endfacet
  facet normal 0 0 1
    outer loop
      vertex 243 119.9 18
      vertex 188 120 18
      vertex 188 119.9 18
    endloop
  endfacet
  facet normal 1 -0 0
    outer loop
      vertex 188 119.9 31
      vertex 188 120 18
      vertex 188 120 31
    endloop
  endfacet
  facet normal 1 0 0
    outer loop
      vertex 188 120 18
      vertex 188 119.9 31
      vertex 188 119.9 18
    endloop
  endfacet
  facet normal 0 1 -0
    outer loop
      vertex 243 119.9 18
      vertex 188 119.9 31
      vertex 243 119.9 31
    endloop
  endfacet
  facet normal 0 1 0
    outer loop
      vertex 188 119.9 31
      vertex 243 119.9 18
      vertex 188 119.9 18
    endloop
  endfacet
  facet normal 0.65933 -0.751854 0
    outer loop
      vertex 6.76256 9.23744 0
      vertex 6.93467 9.38837 3.2
      vertex 6.76256 9.23744 3.2
    endloop
  endfacet
  facet normal 0.65933 -0.751854 0
    outer loop
      vertex 6.93467 9.38837 3.2
      vertex 6.76256 9.23744 0
      vertex 6.93467 9.38837 0
    endloop
  endfacet
  facet normal 0.65933 -0.751854 0
    outer loop
      vertex 6.76256 9.23744 3.2
      vertex 6.93467 9.38837 56
      vertex 6.76256 9.23744 56
    endloop
  endfacet
  facet normal 0.65933 -0.751854 0
    outer loop
      vertex 6.93467 9.38837 56
      vertex 6.76256 9.23744 3.2
      vertex 6.93467 9.38837 3.2
    endloop
  endfacet
  facet normal 0.751854 -0.65933 0
    outer loop
      vertex 6.61163 9.06533 3.2
      vertex 6.76256 9.23744 0
      vertex 6.76256 9.23744 3.2
    endloop
  endfacet
  facet normal 0.751854 -0.65933 0
    outer loop
      vertex 6.76256 9.23744 0
      vertex 6.61163 9.06533 3.2
      vertex 6.61163 9.06533 0
    endloop
  endfacet
  facet normal 0.751854 -0.65933 0
    outer loop
      vertex 6.61163 9.06533 56
      vertex 6.76256 9.23744 3.2
      vertex 6.76256 9.23744 56
    endloop
  endfacet
  facet normal 0.751854 -0.65933 0
    outer loop
      vertex 6.76256 9.23744 3.2
      vertex 6.61163 9.06533 56
      vertex 6.61163 9.06533 3.2
    endloop
  endfacet
  facet normal 0.321426 -0.946935 0
    outer loop
      vertex 7.3303 9.61679 0
      vertex 7.54707 9.69037 3.2
      vertex 7.3303 9.61679 3.2
    endloop
  endfacet
  facet normal 0.321426 -0.946935 0
    outer loop
      vertex 7.54707 9.69037 3.2
      vertex 7.3303 9.61679 0
      vertex 7.54707 9.69037 0
    endloop
  endfacet
  facet normal 0.321426 -0.946935 0
    outer loop
      vertex 7.3303 9.61679 3.2
      vertex 7.54707 9.69037 56
      vertex 7.3303 9.61679 56
    endloop
  endfacet
  facet normal 0.321426 -0.946935 0
    outer loop
      vertex 7.54707 9.69037 56
      vertex 7.3303 9.61679 3.2
      vertex 7.54707 9.69037 3.2
    endloop
  endfacet
  facet normal 0.555557 -0.831479 0
    outer loop
      vertex 6.93467 9.38837 3.2
      vertex 7.125 9.51554 56
      vertex 6.93467 9.38837 56
    endloop
  endfacet
  facet normal 0.555557 -0.831479 0
    outer loop
      vertex 7.125 9.51554 56
      vertex 6.93467 9.38837 3.2
      vertex 7.125 9.51554 3.2
    endloop
  endfacet
  facet normal 0.555557 -0.831479 0
    outer loop
      vertex 6.93467 9.38837 0
      vertex 7.125 9.51554 3.2
      vertex 6.93467 9.38837 3.2
    endloop
  endfacet
  facet normal 0.555557 -0.831479 0
    outer loop
      vertex 7.125 9.51554 3.2
      vertex 6.93467 9.38837 0
      vertex 7.125 9.51554 0
    endloop
  endfacet
  facet normal -0.946935 0.321426 0
    outer loop
      vertex 9.61679 7.3303 0
      vertex 9.69037 7.54707 3.2
      vertex 9.69037 7.54707 0
    endloop
  endfacet
  facet normal -0.946935 0.321426 0
    outer loop
      vertex 9.69037 7.54707 3.2
      vertex 9.61679 7.3303 0
      vertex 9.61679 7.3303 3.2
    endloop
  endfacet
  facet normal -0.946935 0.321426 0
    outer loop
      vertex 9.61679 7.3303 3.2
      vertex 9.69037 7.54707 56
      vertex 9.69037 7.54707 3.2
    endloop
  endfacet
  facet normal -0.946935 0.321426 0
    outer loop
      vertex 9.69037 7.54707 56
      vertex 9.61679 7.3303 3.2
      vertex 9.61679 7.3303 56
    endloop
  endfacet
  facet normal -0.65933 0.751854 0
    outer loop
      vertex 9.23744 6.76256 0
      vertex 9.06533 6.61163 3.2
      vertex 9.23744 6.76256 3.2
    endloop
  endfacet
  facet normal -0.65933 0.751854 0
    outer loop
      vertex 9.06533 6.61163 3.2
      vertex 9.23744 6.76256 0
      vertex 9.06533 6.61163 0
    endloop
  endfacet
  facet normal -0.65933 0.751854 0
    outer loop
      vertex 9.23744 6.76256 3.2
      vertex 9.06533 6.61163 56
      vertex 9.23744 6.76256 56
    endloop
  endfacet
  facet normal -0.65933 0.751854 0
    outer loop
      vertex 9.06533 6.61163 56
      vertex 9.23744 6.76256 3.2
      vertex 9.06533 6.61163 3.2
    endloop
  endfacet
  facet normal 0.0653969 -0.997859 0
    outer loop
      vertex 7.77158 9.73503 3.2
      vertex 8 9.75 56
      vertex 7.77158 9.73503 56
    endloop
  endfacet
  facet normal 0.0653969 -0.997859 0
    outer loop
      vertex 8 9.75 56
      vertex 7.77158 9.73503 3.2
      vertex 8 9.75 3.2
    endloop
  endfacet
  facet normal 0.0653969 -0.997859 0
    outer loop
      vertex 7.77158 9.73503 0
      vertex 8 9.75 3.2
      vertex 7.77158 9.73503 3.2
    endloop
  endfacet
  facet normal 0.0653969 -0.997859 0
    outer loop
      vertex 8 9.75 3.2
      vertex 7.77158 9.73503 0
      vertex 8 9.75 0
    endloop
  endfacet
  facet normal 0.1951 0.980783 -0
    outer loop
      vertex 7.77158 6.26497 0
      vertex 7.54707 6.30963 3.2
      vertex 7.77158 6.26497 3.2
    endloop
  endfacet
  facet normal 0.1951 0.980783 0
    outer loop
      vertex 7.54707 6.30963 3.2
      vertex 7.77158 6.26497 0
      vertex 7.54707 6.30963 0
    endloop
  endfacet
  facet normal 0.1951 0.980783 -0
    outer loop
      vertex 7.77158 6.26497 3.2
      vertex 7.54707 6.30963 56
      vertex 7.77158 6.26497 56
    endloop
  endfacet
  facet normal 0.1951 0.980783 0
    outer loop
      vertex 7.54707 6.30963 56
      vertex 7.77158 6.26497 3.2
      vertex 7.54707 6.30963 3.2
    endloop
  endfacet
  facet normal 0.997859 -0.0653969 0
    outer loop
      vertex 6.25 8 56
      vertex 6.26497 8.22842 3.2
      vertex 6.26497 8.22842 56
    endloop
  endfacet
  facet normal 0.997859 -0.0653969 0
    outer loop
      vertex 6.26497 8.22842 3.2
      vertex 6.25 8 56
      vertex 6.25 8 3.2
    endloop
  endfacet
  facet normal 0.997859 -0.0653969 0
    outer loop
      vertex 6.25 8 3.2
      vertex 6.26497 8.22842 0
      vertex 6.26497 8.22842 3.2
    endloop
  endfacet
  facet normal 0.997859 -0.0653969 0
    outer loop
      vertex 6.26497 8.22842 0
      vertex 6.25 8 3.2
      vertex 6.25 8 0
    endloop
  endfacet
  facet normal 0.980783 -0.1951 0
    outer loop
      vertex 6.26497 8.22842 3.2
      vertex 6.30963 8.45293 0
      vertex 6.30963 8.45293 3.2
    endloop
  endfacet
  facet normal 0.980783 -0.1951 0
    outer loop
      vertex 6.30963 8.45293 0
      vertex 6.26497 8.22842 3.2
      vertex 6.26497 8.22842 0
    endloop
  endfacet
  facet normal 0.980783 -0.1951 0
    outer loop
      vertex 6.26497 8.22842 56
      vertex 6.30963 8.45293 3.2
      vertex 6.30963 8.45293 56
    endloop
  endfacet
  facet normal 0.980783 -0.1951 0
    outer loop
      vertex 6.30963 8.45293 3.2
      vertex 6.26497 8.22842 56
      vertex 6.26497 8.22842 3.2
    endloop
  endfacet
  facet normal 0.946935 -0.321426 0
    outer loop
      vertex 6.30963 8.45293 3.2
      vertex 6.38321 8.6697 0
      vertex 6.38321 8.6697 3.2
    endloop
  endfacet
  facet normal 0.946935 -0.321426 0
    outer loop
      vertex 6.38321 8.6697 0
      vertex 6.30963 8.45293 3.2
      vertex 6.30963 8.45293 0
    endloop
  endfacet
  facet normal 0.946935 -0.321426 0
    outer loop
      vertex 6.30963 8.45293 56
      vertex 6.38321 8.6697 3.2
      vertex 6.38321 8.6697 56
    endloop
  endfacet
  facet normal 0.946935 -0.321426 0
    outer loop
      vertex 6.38321 8.6697 3.2
      vertex 6.30963 8.45293 56
      vertex 6.30963 8.45293 3.2
    endloop
  endfacet
  facet normal 0.1951 -0.980783 0
    outer loop
      vertex 7.54707 9.69037 0
      vertex 7.77158 9.73503 3.2
      vertex 7.54707 9.69037 3.2
    endloop
  endfacet
  facet normal 0.1951 -0.980783 0
    outer loop
      vertex 7.77158 9.73503 3.2
      vertex 7.54707 9.69037 0
      vertex 7.77158 9.73503 0
    endloop
  endfacet
  facet normal 0.1951 -0.980783 0
    outer loop
      vertex 7.54707 9.69037 3.2
      vertex 7.77158 9.73503 56
      vertex 7.54707 9.69037 56
    endloop
  endfacet
  facet normal 0.1951 -0.980783 0
    outer loop
      vertex 7.77158 9.73503 56
      vertex 7.54707 9.69037 3.2
      vertex 7.77158 9.73503 3.2
    endloop
  endfacet
  facet normal -0.442314 0.89686 0
    outer loop
      vertex 8.875 6.48446 0
      vertex 8.6697 6.38321 3.2
      vertex 8.875 6.48446 3.2
    endloop
  endfacet
  facet normal -0.442314 0.89686 0
    outer loop
      vertex 8.6697 6.38321 3.2
      vertex 8.875 6.48446 0
      vertex 8.6697 6.38321 0
    endloop
  endfacet
  facet normal -0.442314 0.89686 0
    outer loop
      vertex 8.875 6.48446 3.2
      vertex 8.6697 6.38321 56
      vertex 8.875 6.48446 56
    endloop
  endfacet
  facet normal -0.442314 0.89686 0
    outer loop
      vertex 8.6697 6.38321 56
      vertex 8.875 6.48446 3.2
      vertex 8.6697 6.38321 3.2
    endloop
  endfacet
  facet normal -0.321426 0.946935 0
    outer loop
      vertex 8.6697 6.38321 0
      vertex 8.45293 6.30963 3.2
      vertex 8.6697 6.38321 3.2
    endloop
  endfacet
  facet normal -0.321426 0.946935 0
    outer loop
      vertex 8.45293 6.30963 3.2
      vertex 8.6697 6.38321 0
      vertex 8.45293 6.30963 0
    endloop
  endfacet
  facet normal -0.321426 0.946935 0
    outer loop
      vertex 8.6697 6.38321 3.2
      vertex 8.45293 6.30963 56
      vertex 8.6697 6.38321 56
    endloop
  endfacet
  facet normal -0.321426 0.946935 0
    outer loop
      vertex 8.45293 6.30963 56
      vertex 8.6697 6.38321 3.2
      vertex 8.45293 6.30963 3.2
    endloop
  endfacet
  facet normal -0.831479 0.555557 0
    outer loop
      vertex 9.38837 6.93467 3.2
      vertex 9.51554 7.125 56
      vertex 9.51554 7.125 3.2
    endloop
  endfacet
  facet normal -0.831479 0.555557 0
    outer loop
      vertex 9.51554 7.125 56
      vertex 9.38837 6.93467 3.2
      vertex 9.38837 6.93467 56
    endloop
  endfacet
  facet normal -0.831479 0.555557 0
    outer loop
      vertex 9.38837 6.93467 0
      vertex 9.51554 7.125 3.2
      vertex 9.51554 7.125 0
    endloop
  endfacet
  facet normal -0.831479 0.555557 0
    outer loop
      vertex 9.51554 7.125 3.2
      vertex 9.38837 6.93467 0
      vertex 9.38837 6.93467 3.2
    endloop
  endfacet
  facet normal 0.89686 -0.442314 0
    outer loop
      vertex 6.38321 8.6697 3.2
      vertex 6.48446 8.875 0
      vertex 6.48446 8.875 3.2
    endloop
  endfacet
  facet normal 0.89686 -0.442314 0
    outer loop
      vertex 6.48446 8.875 0
      vertex 6.38321 8.6697 3.2
      vertex 6.38321 8.6697 0
    endloop
  endfacet
  facet normal 0.89686 -0.442314 0
    outer loop
      vertex 6.38321 8.6697 56
      vertex 6.48446 8.875 3.2
      vertex 6.48446 8.875 56
    endloop
  endfacet
  facet normal 0.89686 -0.442314 0
    outer loop
      vertex 6.48446 8.875 3.2
      vertex 6.38321 8.6697 56
      vertex 6.38321 8.6697 3.2
    endloop
  endfacet
  facet normal 0.980783 0.1951 0
    outer loop
      vertex 6.30963 7.54707 3.2
      vertex 6.26497 7.77158 0
      vertex 6.26497 7.77158 3.2
    endloop
  endfacet
  facet normal 0.980783 0.1951 0
    outer loop
      vertex 6.26497 7.77158 0
      vertex 6.30963 7.54707 3.2
      vertex 6.30963 7.54707 0
    endloop
  endfacet
  facet normal 0.980783 0.1951 0
    outer loop
      vertex 6.30963 7.54707 56
      vertex 6.26497 7.77158 3.2
      vertex 6.26497 7.77158 56
    endloop
  endfacet
  facet normal 0.980783 0.1951 0
    outer loop
      vertex 6.26497 7.77158 3.2
      vertex 6.30963 7.54707 56
      vertex 6.30963 7.54707 3.2
    endloop
  endfacet
  facet normal 0.997859 0.0653969 0
    outer loop
      vertex 6.26497 7.77158 56
      vertex 6.25 8 3.2
      vertex 6.25 8 56
    endloop
  endfacet
  facet normal 0.997859 0.0653969 0
    outer loop
      vertex 6.25 8 3.2
      vertex 6.26497 7.77158 56
      vertex 6.26497 7.77158 3.2
    endloop
  endfacet
  facet normal 0.997859 0.0653969 0
    outer loop
      vertex 6.26497 7.77158 3.2
      vertex 6.25 8 0
      vertex 6.25 8 3.2
    endloop
  endfacet
  facet normal 0.997859 0.0653969 0
    outer loop
      vertex 6.25 8 0
      vertex 6.26497 7.77158 3.2
      vertex 6.26497 7.77158 0
    endloop
  endfacet
  facet normal 0.946935 0.321426 0
    outer loop
      vertex 6.38321 7.3303 3.2
      vertex 6.30963 7.54707 0
      vertex 6.30963 7.54707 3.2
    endloop
  endfacet
  facet normal 0.946935 0.321426 0
    outer loop
      vertex 6.30963 7.54707 0
      vertex 6.38321 7.3303 3.2
      vertex 6.38321 7.3303 0
    endloop
  endfacet
  facet normal 0.946935 0.321426 0
    outer loop
      vertex 6.38321 7.3303 56
      vertex 6.30963 7.54707 3.2
      vertex 6.30963 7.54707 56
    endloop
  endfacet
  facet normal 0.946935 0.321426 0
    outer loop
      vertex 6.30963 7.54707 3.2
      vertex 6.38321 7.3303 56
      vertex 6.38321 7.3303 3.2
    endloop
  endfacet
  facet normal 0.831479 -0.555557 0
    outer loop
      vertex 6.48446 8.875 3.2
      vertex 6.61163 9.06533 0
      vertex 6.61163 9.06533 3.2
    endloop
  endfacet
  facet normal 0.831479 -0.555557 0
    outer loop
      vertex 6.61163 9.06533 0
      vertex 6.48446 8.875 3.2
      vertex 6.48446 8.875 0
    endloop
  endfacet
  facet normal 0.831479 -0.555557 0
    outer loop
      vertex 6.48446 8.875 56
      vertex 6.61163 9.06533 3.2
      vertex 6.61163 9.06533 56
    endloop
  endfacet
  facet normal 0.831479 -0.555557 0
    outer loop
      vertex 6.61163 9.06533 3.2
      vertex 6.48446 8.875 56
      vertex 6.48446 8.875 3.2
    endloop
  endfacet
  facet normal 0.442314 -0.89686 0
    outer loop
      vertex 7.125 9.51554 3.2
      vertex 7.3303 9.61679 56
      vertex 7.125 9.51554 56
    endloop
  endfacet
  facet normal 0.442314 -0.89686 0
    outer loop
      vertex 7.3303 9.61679 56
      vertex 7.125 9.51554 3.2
      vertex 7.3303 9.61679 3.2
    endloop
  endfacet
  facet normal 0.442314 -0.89686 0
    outer loop
      vertex 7.125 9.51554 0
      vertex 7.3303 9.61679 3.2
      vertex 7.125 9.51554 3.2
    endloop
  endfacet
  facet normal 0.442314 -0.89686 0
    outer loop
      vertex 7.3303 9.61679 3.2
      vertex 7.125 9.51554 0
      vertex 7.3303 9.61679 0
    endloop
  endfacet
  facet normal -0.1951 0.980783 0
    outer loop
      vertex 8.45293 6.30963 0
      vertex 8.22842 6.26497 3.2
      vertex 8.45293 6.30963 3.2
    endloop
  endfacet
  facet normal -0.1951 0.980783 0
    outer loop
      vertex 8.22842 6.26497 3.2
      vertex 8.45293 6.30963 0
      vertex 8.22842 6.26497 0
    endloop
  endfacet
  facet normal -0.1951 0.980783 0
    outer loop
      vertex 8.45293 6.30963 3.2
      vertex 8.22842 6.26497 56
      vertex 8.45293 6.30963 56
    endloop
  endfacet
  facet normal -0.1951 0.980783 0
    outer loop
      vertex 8.22842 6.26497 56
      vertex 8.45293 6.30963 3.2
      vertex 8.22842 6.26497 3.2
    endloop
  endfacet
  facet normal -0.751854 0.65933 0
    outer loop
      vertex 9.23744 6.76256 0
      vertex 9.38837 6.93467 3.2
      vertex 9.38837 6.93467 0
    endloop
  endfacet
  facet normal -0.751854 0.65933 0
    outer loop
      vertex 9.38837 6.93467 3.2
      vertex 9.23744 6.76256 0
      vertex 9.23744 6.76256 3.2
    endloop
  endfacet
  facet normal -0.751854 0.65933 0
    outer loop
      vertex 9.23744 6.76256 3.2
      vertex 9.38837 6.93467 56
      vertex 9.38837 6.93467 3.2
    endloop
  endfacet
  facet normal -0.751854 0.65933 0
    outer loop
      vertex 9.38837 6.93467 56
      vertex 9.23744 6.76256 3.2
      vertex 9.23744 6.76256 56
    endloop
  endfacet
  facet normal 0.831479 0.555557 0
    outer loop
      vertex 6.61163 6.93467 3.2
      vertex 6.48446 7.125 0
      vertex 6.48446 7.125 3.2
    endloop
  endfacet
  facet normal 0.831479 0.555557 0
    outer loop
      vertex 6.48446 7.125 0
      vertex 6.61163 6.93467 3.2
      vertex 6.61163 6.93467 0
    endloop
  endfacet
  facet normal 0.831479 0.555557 0
    outer loop
      vertex 6.61163 6.93467 56
      vertex 6.48446 7.125 3.2
      vertex 6.48446 7.125 56
    endloop
  endfacet
  facet normal 0.831479 0.555557 0
    outer loop
      vertex 6.48446 7.125 3.2
      vertex 6.61163 6.93467 56
      vertex 6.61163 6.93467 3.2
    endloop
  endfacet
  facet normal 0.442314 0.89686 -0
    outer loop
      vertex 7.3303 6.38321 0
      vertex 7.125 6.48446 3.2
      vertex 7.3303 6.38321 3.2
    endloop
  endfacet
  facet normal 0.442314 0.89686 0
    outer loop
      vertex 7.125 6.48446 3.2
      vertex 7.3303 6.38321 0
      vertex 7.125 6.48446 0
    endloop
  endfacet
  facet normal 0.442314 0.89686 -0
    outer loop
      vertex 7.3303 6.38321 3.2
      vertex 7.125 6.48446 56
      vertex 7.3303 6.38321 56
    endloop
  endfacet
  facet normal 0.442314 0.89686 0
    outer loop
      vertex 7.125 6.48446 56
      vertex 7.3303 6.38321 3.2
      vertex 7.125 6.48446 3.2
    endloop
  endfacet
  facet normal -0.980783 0.1951 0
    outer loop
      vertex 9.69037 7.54707 0
      vertex 9.73503 7.77158 3.2
      vertex 9.73503 7.77158 0
    endloop
  endfacet
  facet normal -0.980783 0.1951 0
    outer loop
      vertex 9.73503 7.77158 3.2
      vertex 9.69037 7.54707 0
      vertex 9.69037 7.54707 3.2
    endloop
  endfacet
  facet normal -0.980783 0.1951 0
    outer loop
      vertex 9.69037 7.54707 3.2
      vertex 9.73503 7.77158 56
      vertex 9.73503 7.77158 3.2
    endloop
  endfacet
  facet normal -0.980783 0.1951 0
    outer loop
      vertex 9.73503 7.77158 56
      vertex 9.69037 7.54707 3.2
      vertex 9.69037 7.54707 56
    endloop
  endfacet
  facet normal 0.65933 0.751854 -0
    outer loop
      vertex 6.93467 6.61163 0
      vertex 6.76256 6.76256 3.2
      vertex 6.93467 6.61163 3.2
    endloop
  endfacet
  facet normal 0.65933 0.751854 0
    outer loop
      vertex 6.76256 6.76256 3.2
      vertex 6.93467 6.61163 0
      vertex 6.76256 6.76256 0
    endloop
  endfacet
  facet normal 0.65933 0.751854 -0
    outer loop
      vertex 6.93467 6.61163 3.2
      vertex 6.76256 6.76256 56
      vertex 6.93467 6.61163 56
    endloop
  endfacet
  facet normal 0.65933 0.751854 0
    outer loop
      vertex 6.76256 6.76256 56
      vertex 6.93467 6.61163 3.2
      vertex 6.76256 6.76256 3.2
    endloop
  endfacet
  facet normal 0.89686 0.442314 0
    outer loop
      vertex 6.48446 7.125 3.2
      vertex 6.38321 7.3303 0
      vertex 6.38321 7.3303 3.2
    endloop
  endfacet
  facet normal 0.89686 0.442314 0
    outer loop
      vertex 6.38321 7.3303 0
      vertex 6.48446 7.125 3.2
      vertex 6.48446 7.125 0
    endloop
  endfacet
  facet normal 0.89686 0.442314 0
    outer loop
      vertex 6.48446 7.125 56
      vertex 6.38321 7.3303 3.2
      vertex 6.38321 7.3303 56
    endloop
  endfacet
  facet normal 0.89686 0.442314 0
    outer loop
      vertex 6.38321 7.3303 3.2
      vertex 6.48446 7.125 56
      vertex 6.48446 7.125 3.2
    endloop
  endfacet
  facet normal -0.89686 0.442314 0
    outer loop
      vertex 9.51554 7.125 3.2
      vertex 9.61679 7.3303 56
      vertex 9.61679 7.3303 3.2
    endloop
  endfacet
  facet normal -0.89686 0.442314 0
    outer loop
      vertex 9.61679 7.3303 56
      vertex 9.51554 7.125 3.2
      vertex 9.51554 7.125 56
    endloop
  endfacet
  facet normal -0.89686 0.442314 0
    outer loop
      vertex 9.51554 7.125 0
      vertex 9.61679 7.3303 3.2
      vertex 9.61679 7.3303 0
    endloop
  endfacet
  facet normal -0.89686 0.442314 0
    outer loop
      vertex 9.61679 7.3303 3.2
      vertex 9.51554 7.125 0
      vertex 9.51554 7.125 3.2
    endloop
  endfacet
  facet normal -0.555557 0.831479 0
    outer loop
      vertex 9.06533 6.61163 0
      vertex 8.875 6.48446 3.2
      vertex 9.06533 6.61163 3.2
    endloop
  endfacet
  facet normal -0.555557 0.831479 0
    outer loop
      vertex 8.875 6.48446 3.2
      vertex 9.06533 6.61163 0
      vertex 8.875 6.48446 0
    endloop
  endfacet
  facet normal -0.555557 0.831479 0
    outer loop
      vertex 9.06533 6.61163 3.2
      vertex 8.875 6.48446 56
      vertex 9.06533 6.61163 56
    endloop
  endfacet
  facet normal -0.555557 0.831479 0
    outer loop
      vertex 8.875 6.48446 56
      vertex 9.06533 6.61163 3.2
      vertex 8.875 6.48446 3.2
    endloop
  endfacet
  facet normal 0.751854 0.65933 0
    outer loop
      vertex 6.76256 6.76256 3.2
      vertex 6.61163 6.93467 0
      vertex 6.61163 6.93467 3.2
    endloop
  endfacet
  facet normal 0.751854 0.65933 0
    outer loop
      vertex 6.61163 6.93467 0
      vertex 6.76256 6.76256 3.2
      vertex 6.76256 6.76256 0
    endloop
  endfacet
  facet normal 0.751854 0.65933 0
    outer loop
      vertex 6.76256 6.76256 56
      vertex 6.61163 6.93467 3.2
      vertex 6.61163 6.93467 56
    endloop
  endfacet
  facet normal 0.751854 0.65933 0
    outer loop
      vertex 6.61163 6.93467 3.2
      vertex 6.76256 6.76256 56
      vertex 6.76256 6.76256 3.2
    endloop
  endfacet
  facet normal -0.997859 0.0653969 0
    outer loop
      vertex 9.73503 7.77158 3.2
      vertex 9.75 8 56
      vertex 9.75 8 3.2
    endloop
  endfacet
  facet normal -0.997859 0.0653969 0
    outer loop
      vertex 9.75 8 56
      vertex 9.73503 7.77158 3.2
      vertex 9.73503 7.77158 56
    endloop
  endfacet
  facet normal -0.997859 0.0653969 0
    outer loop
      vertex 9.73503 7.77158 0
      vertex 9.75 8 3.2
      vertex 9.75 8 0
    endloop
  endfacet
  facet normal -0.997859 0.0653969 0
    outer loop
      vertex 9.75 8 3.2
      vertex 9.73503 7.77158 0
      vertex 9.73503 7.77158 3.2
    endloop
  endfacet
  facet normal -0.0653969 0.997859 0
    outer loop
      vertex 8.22842 6.26497 3.2
      vertex 8 6.25 56
      vertex 8.22842 6.26497 56
    endloop
  endfacet
  facet normal -0.0653969 0.997859 0
    outer loop
      vertex 8 6.25 56
      vertex 8.22842 6.26497 3.2
      vertex 8 6.25 3.2
    endloop
  endfacet
  facet normal -0.0653969 0.997859 0
    outer loop
      vertex 8.22842 6.26497 0
      vertex 8 6.25 3.2
      vertex 8.22842 6.26497 3.2
    endloop
  endfacet
  facet normal -0.0653969 0.997859 0
    outer loop
      vertex 8 6.25 3.2
      vertex 8.22842 6.26497 0
      vertex 8 6.25 0
    endloop
  endfacet
  facet normal 0.0653969 0.997859 -0
    outer loop
      vertex 8 6.25 3.2
      vertex 7.77158 6.26497 56
      vertex 8 6.25 56
    endloop
  endfacet
  facet normal 0.0653969 0.997859 0
    outer loop
      vertex 7.77158 6.26497 56
      vertex 8 6.25 3.2
      vertex 7.77158 6.26497 3.2
    endloop
  endfacet
  facet normal 0.0653969 0.997859 -0
    outer loop
      vertex 8 6.25 0
      vertex 7.77158 6.26497 3.2
      vertex 8 6.25 3.2
    endloop
  endfacet
  facet normal 0.0653969 0.997859 0
    outer loop
      vertex 7.77158 6.26497 3.2
      vertex 8 6.25 0
      vertex 7.77158 6.26497 0
    endloop
  endfacet
  facet normal 0.321426 0.946935 -0
    outer loop
      vertex 7.54707 6.30963 0
      vertex 7.3303 6.38321 3.2
      vertex 7.54707 6.30963 3.2
    endloop
  endfacet
  facet normal 0.321426 0.946935 0
    outer loop
      vertex 7.3303 6.38321 3.2
      vertex 7.54707 6.30963 0
      vertex 7.3303 6.38321 0
    endloop
  endfacet
  facet normal 0.321426 0.946935 -0
    outer loop
      vertex 7.54707 6.30963 3.2
      vertex 7.3303 6.38321 56
      vertex 7.54707 6.30963 56
    endloop
  endfacet
  facet normal 0.321426 0.946935 0
    outer loop
      vertex 7.3303 6.38321 56
      vertex 7.54707 6.30963 3.2
      vertex 7.3303 6.38321 3.2
    endloop
  endfacet
  facet normal 0.555557 0.831479 -0
    outer loop
      vertex 7.125 6.48446 0
      vertex 6.93467 6.61163 3.2
      vertex 7.125 6.48446 3.2
    endloop
  endfacet
  facet normal 0.555557 0.831479 0
    outer loop
      vertex 6.93467 6.61163 3.2
      vertex 7.125 6.48446 0
      vertex 6.93467 6.61163 0
    endloop
  endfacet
  facet normal 0.555557 0.831479 -0
    outer loop
      vertex 7.125 6.48446 3.2
      vertex 6.93467 6.61163 56
      vertex 7.125 6.48446 56
    endloop
  endfacet
  facet normal 0.555557 0.831479 0
    outer loop
      vertex 6.93467 6.61163 56
      vertex 7.125 6.48446 3.2
      vertex 6.93467 6.61163 3.2
    endloop
  endfacet
  facet normal 0.659568 -0.751645 0
    outer loop
      vertex 260.763 9.23744 0
      vertex 260.935 9.38837 3.2
      vertex 260.763 9.23744 3.2
    endloop
  endfacet
  facet normal 0.659568 -0.751645 0
    outer loop
      vertex 260.935 9.38837 3.2
      vertex 260.763 9.23744 0
      vertex 260.935 9.38837 0
    endloop
  endfacet
  facet normal 0.659568 -0.751645 0
    outer loop
      vertex 260.763 9.23744 3.2
      vertex 260.935 9.38837 56
      vertex 260.763 9.23744 56
    endloop
  endfacet
  facet normal 0.659568 -0.751645 0
    outer loop
      vertex 260.935 9.38837 56
      vertex 260.763 9.23744 3.2
      vertex 260.935 9.38837 3.2
    endloop
  endfacet
  facet normal 0.751702 -0.659503 0
    outer loop
      vertex 260.612 9.06533 3.2
      vertex 260.763 9.23744 0
      vertex 260.763 9.23744 3.2
    endloop
  endfacet
  facet normal 0.751702 -0.659503 0
    outer loop
      vertex 260.763 9.23744 0
      vertex 260.612 9.06533 3.2
      vertex 260.612 9.06533 0
    endloop
  endfacet
  facet normal 0.751702 -0.659503 0
    outer loop
      vertex 260.612 9.06533 56
      vertex 260.763 9.23744 3.2
      vertex 260.763 9.23744 56
    endloop
  endfacet
  facet normal 0.751702 -0.659503 0
    outer loop
      vertex 260.763 9.23744 3.2
      vertex 260.612 9.06533 56
      vertex 260.612 9.06533 3.2
    endloop
  endfacet
  facet normal 0.32112 -0.947038 0
    outer loop
      vertex 261.33 9.61679 0
      vertex 261.547 9.69037 3.2
      vertex 261.33 9.61679 3.2
    endloop
  endfacet
  facet normal 0.32112 -0.947038 0
    outer loop
      vertex 261.547 9.69037 3.2
      vertex 261.33 9.61679 0
      vertex 261.547 9.69037 0
    endloop
  endfacet
  facet normal 0.32112 -0.947038 0
    outer loop
      vertex 261.33 9.61679 3.2
      vertex 261.547 9.69037 56
      vertex 261.33 9.61679 56
    endloop
  endfacet
  facet normal 0.32112 -0.947038 0
    outer loop
      vertex 261.547 9.69037 56
      vertex 261.33 9.61679 3.2
      vertex 261.547 9.69037 3.2
    endloop
  endfacet
  facet normal 0.556223 -0.831033 0
    outer loop
      vertex 260.935 9.38837 3.2
      vertex 261.125 9.51554 56
      vertex 260.935 9.38837 56
    endloop
  endfacet
  facet normal 0.556223 -0.831033 0
    outer loop
      vertex 261.125 9.51554 56
      vertex 260.935 9.38837 3.2
      vertex 261.125 9.51554 3.2
    endloop
  endfacet
  facet normal 0.556223 -0.831033 0
    outer loop
      vertex 260.935 9.38837 0
      vertex 261.125 9.51554 3.2
      vertex 260.935 9.38837 3.2
    endloop
  endfacet
  facet normal 0.556223 -0.831033 0
    outer loop
      vertex 261.125 9.51554 3.2
      vertex 260.935 9.38837 0
      vertex 261.125 9.51554 0
    endloop
  endfacet
  facet normal -0.947704 0.319151 0
    outer loop
      vertex 263.617 7.3303 0
      vertex 263.69 7.54707 3.2
      vertex 263.69 7.54707 0
    endloop
  endfacet
  facet normal -0.947704 0.319151 0
    outer loop
      vertex 263.69 7.54707 3.2
      vertex 263.617 7.3303 0
      vertex 263.617 7.3303 3.2
    endloop
  endfacet
  facet normal -0.947704 0.319151 0
    outer loop
      vertex 263.617 7.3303 3.2
      vertex 263.69 7.54707 56
      vertex 263.69 7.54707 3.2
    endloop
  endfacet
  facet normal -0.947704 0.319151 0
    outer loop
      vertex 263.69 7.54707 56
      vertex 263.617 7.3303 3.2
      vertex 263.617 7.3303 56
    endloop
  endfacet
  facet normal -0.659568 0.751645 0
    outer loop
      vertex 263.237 6.76256 0
      vertex 263.065 6.61163 3.2
      vertex 263.237 6.76256 3.2
    endloop
  endfacet
  facet normal -0.659568 0.751645 0
    outer loop
      vertex 263.065 6.61163 3.2
      vertex 263.237 6.76256 0
      vertex 263.065 6.61163 0
    endloop
  endfacet
  facet normal -0.659568 0.751645 0
    outer loop
      vertex 263.237 6.76256 3.2
      vertex 263.065 6.61163 56
      vertex 263.237 6.76256 56
    endloop
  endfacet
  facet normal -0.659568 0.751645 0
    outer loop
      vertex 263.065 6.61163 56
      vertex 263.237 6.76256 3.2
      vertex 263.065 6.61163 3.2
    endloop
  endfacet
  facet normal 0.0655168 -0.997851 0
    outer loop
      vertex 261.772 9.73503 3.2
      vertex 262 9.75 56
      vertex 261.772 9.73503 56
    endloop
  endfacet
  facet normal 0.0655168 -0.997851 0
    outer loop
      vertex 262 9.75 56
      vertex 261.772 9.73503 3.2
      vertex 262 9.75 3.2
    endloop
  endfacet
  facet normal 0.0655168 -0.997851 0
    outer loop
      vertex 261.772 9.73503 0
      vertex 262 9.75 3.2
      vertex 261.772 9.73503 3.2
    endloop
  endfacet
  facet normal 0.0655168 -0.997851 0
    outer loop
      vertex 262 9.75 3.2
      vertex 261.772 9.73503 0
      vertex 262 9.75 0
    endloop
  endfacet
  facet normal 0.194691 0.980865 -0
    outer loop
      vertex 261.772 6.26497 0
      vertex 261.547 6.30963 3.2
      vertex 261.772 6.26497 3.2
    endloop
  endfacet
  facet normal 0.194691 0.980865 0
    outer loop
      vertex 261.547 6.30963 3.2
      vertex 261.772 6.26497 0
      vertex 261.547 6.30963 0
    endloop
  endfacet
  facet normal 0.194691 0.980865 -0
    outer loop
      vertex 261.772 6.26497 3.2
      vertex 261.547 6.30963 56
      vertex 261.772 6.26497 56
    endloop
  endfacet
  facet normal 0.194691 0.980865 0
    outer loop
      vertex 261.547 6.30963 56
      vertex 261.772 6.26497 3.2
      vertex 261.547 6.30963 3.2
    endloop
  endfacet
  facet normal 0.997851 -0.0655274 0
    outer loop
      vertex 260.25 8 56
      vertex 260.265 8.22842 3.2
      vertex 260.265 8.22842 56
    endloop
  endfacet
  facet normal 0.997851 -0.0655274 0
    outer loop
      vertex 260.265 8.22842 3.2
      vertex 260.25 8 56
      vertex 260.25 8 3.2
    endloop
  endfacet
  facet normal 0.997851 -0.0655274 0
    outer loop
      vertex 260.25 8 3.2
      vertex 260.265 8.22842 0
      vertex 260.265 8.22842 3.2
    endloop
  endfacet
  facet normal 0.997851 -0.0655274 0
    outer loop
      vertex 260.265 8.22842 0
      vertex 260.25 8 3.2
      vertex 260.25 8 0
    endloop
  endfacet
  facet normal 0.980498 -0.196528 0
    outer loop
      vertex 260.265 8.22842 3.2
      vertex 260.31 8.45293 0
      vertex 260.31 8.45293 3.2
    endloop
  endfacet
  facet normal 0.980498 -0.196528 0
    outer loop
      vertex 260.31 8.45293 0
      vertex 260.265 8.22842 3.2
      vertex 260.265 8.22842 0
    endloop
  endfacet
  facet normal 0.980498 -0.196528 0
    outer loop
      vertex 260.265 8.22842 56
      vertex 260.31 8.45293 3.2
      vertex 260.31 8.45293 56
    endloop
  endfacet
  facet normal 0.980498 -0.196528 0
    outer loop
      vertex 260.31 8.45293 3.2
      vertex 260.265 8.22842 56
      vertex 260.265 8.22842 3.2
    endloop
  endfacet
  facet normal 0.897293 0.441435 0
    outer loop
      vertex 260.484 7.125 3.2
      vertex 260.383 7.3303 0
      vertex 260.383 7.3303 3.2
    endloop
  endfacet
  facet normal 0.897293 0.441435 0
    outer loop
      vertex 260.383 7.3303 0
      vertex 260.484 7.125 3.2
      vertex 260.484 7.125 0
    endloop
  endfacet
  facet normal 0.897293 0.441435 0
    outer loop
      vertex 260.484 7.125 56
      vertex 260.383 7.3303 3.2
      vertex 260.383 7.3303 56
    endloop
  endfacet
  facet normal 0.897293 0.441435 0
    outer loop
      vertex 260.383 7.3303 3.2
      vertex 260.484 7.125 56
      vertex 260.484 7.125 3.2
    endloop
  endfacet
  facet normal 0.947704 -0.319151 0
    outer loop
      vertex 260.31 8.45293 3.2
      vertex 260.383 8.6697 0
      vertex 260.383 8.6697 3.2
    endloop
  endfacet
  facet normal 0.947704 -0.319151 0
    outer loop
      vertex 260.383 8.6697 0
      vertex 260.31 8.45293 3.2
      vertex 260.31 8.45293 0
    endloop
  endfacet
  facet normal 0.947704 -0.319151 0
    outer loop
      vertex 260.31 8.45293 56
      vertex 260.383 8.6697 3.2
      vertex 260.383 8.6697 56
    endloop
  endfacet
  facet normal 0.947704 -0.319151 0
    outer loop
      vertex 260.383 8.6697 3.2
      vertex 260.31 8.45293 56
      vertex 260.31 8.45293 3.2
    endloop
  endfacet
  facet normal 0.194691 -0.980865 0
    outer loop
      vertex 261.547 9.69037 0
      vertex 261.772 9.73503 3.2
      vertex 261.547 9.69037 3.2
    endloop
  endfacet
  facet normal 0.194691 -0.980865 0
    outer loop
      vertex 261.772 9.73503 3.2
      vertex 261.547 9.69037 0
      vertex 261.772 9.73503 0
    endloop
  endfacet
  facet normal 0.194691 -0.980865 0
    outer loop
      vertex 261.547 9.69037 3.2
      vertex 261.772 9.73503 56
      vertex 261.547 9.69037 56
    endloop
  endfacet
  facet normal 0.194691 -0.980865 0
    outer loop
      vertex 261.772 9.73503 56
      vertex 261.547 9.69037 3.2
      vertex 261.772 9.73503 3.2
    endloop
  endfacet
  facet normal -0.442835 0.896603 0
    outer loop
      vertex 262.875 6.48446 0
      vertex 262.67 6.38321 3.2
      vertex 262.875 6.48446 3.2
    endloop
  endfacet
  facet normal -0.442835 0.896603 0
    outer loop
      vertex 262.67 6.38321 3.2
      vertex 262.875 6.48446 0
      vertex 262.67 6.38321 0
    endloop
  endfacet
  facet normal -0.442835 0.896603 0
    outer loop
      vertex 262.875 6.48446 3.2
      vertex 262.67 6.38321 56
      vertex 262.875 6.48446 56
    endloop
  endfacet
  facet normal -0.442835 0.896603 0
    outer loop
      vertex 262.67 6.38321 56
      vertex 262.875 6.48446 3.2
      vertex 262.67 6.38321 3.2
    endloop
  endfacet
  facet normal -0.32112 0.947038 0
    outer loop
      vertex 262.67 6.38321 0
      vertex 262.453 6.30963 3.2
      vertex 262.67 6.38321 3.2
    endloop
  endfacet
  facet normal -0.32112 0.947038 0
    outer loop
      vertex 262.453 6.30963 3.2
      vertex 262.67 6.38321 0
      vertex 262.453 6.30963 0
    endloop
  endfacet
  facet normal -0.32112 0.947038 0
    outer loop
      vertex 262.67 6.38321 3.2
      vertex 262.453 6.30963 56
      vertex 262.67 6.38321 56
    endloop
  endfacet
  facet normal -0.32112 0.947038 0
    outer loop
      vertex 262.453 6.30963 56
      vertex 262.67 6.38321 3.2
      vertex 262.453 6.30963 3.2
    endloop
  endfacet
  facet normal -0.829803 0.558056 0
    outer loop
      vertex 263.388 6.93467 3.2
      vertex 263.516 7.125 56
      vertex 263.516 7.125 3.2
    endloop
  endfacet
  facet normal -0.829803 0.558056 0
    outer loop
      vertex 263.516 7.125 56
      vertex 263.388 6.93467 3.2
      vertex 263.388 6.93467 56
    endloop
  endfacet
  facet normal -0.829803 0.558056 0
    outer loop
      vertex 263.388 6.93467 0
      vertex 263.516 7.125 3.2
      vertex 263.516 7.125 0
    endloop
  endfacet
  facet normal -0.829803 0.558056 0
    outer loop
      vertex 263.516 7.125 3.2
      vertex 263.388 6.93467 0
      vertex 263.388 6.93467 3.2
    endloop
  endfacet
  facet normal 0.897293 -0.441435 0
    outer loop
      vertex 260.383 8.6697 3.2
      vertex 260.484 8.875 0
      vertex 260.484 8.875 3.2
    endloop
  endfacet
  facet normal 0.897293 -0.441435 0
    outer loop
      vertex 260.484 8.875 0
      vertex 260.383 8.6697 3.2
      vertex 260.383 8.6697 0
    endloop
  endfacet
  facet normal 0.897293 -0.441435 0
    outer loop
      vertex 260.383 8.6697 56
      vertex 260.484 8.875 3.2
      vertex 260.484 8.875 56
    endloop
  endfacet
  facet normal 0.897293 -0.441435 0
    outer loop
      vertex 260.484 8.875 3.2
      vertex 260.383 8.6697 56
      vertex 260.383 8.6697 3.2
    endloop
  endfacet
  facet normal 0.980498 0.196528 0
    outer loop
      vertex 260.31 7.54707 3.2
      vertex 260.265 7.77158 0
      vertex 260.265 7.77158 3.2
    endloop
  endfacet
  facet normal 0.980498 0.196528 0
    outer loop
      vertex 260.265 7.77158 0
      vertex 260.31 7.54707 3.2
      vertex 260.31 7.54707 0
    endloop
  endfacet
  facet normal 0.980498 0.196528 0
    outer loop
      vertex 260.31 7.54707 56
      vertex 260.265 7.77158 3.2
      vertex 260.265 7.77158 56
    endloop
  endfacet
  facet normal 0.980498 0.196528 0
    outer loop
      vertex 260.265 7.77158 3.2
      vertex 260.31 7.54707 56
      vertex 260.31 7.54707 3.2
    endloop
  endfacet
  facet normal 0.997851 0.0655274 0
    outer loop
      vertex 260.265 7.77158 56
      vertex 260.25 8 3.2
      vertex 260.25 8 56
    endloop
  endfacet
  facet normal 0.997851 0.0655274 0
    outer loop
      vertex 260.25 8 3.2
      vertex 260.265 7.77158 56
      vertex 260.265 7.77158 3.2
    endloop
  endfacet
  facet normal 0.997851 0.0655274 0
    outer loop
      vertex 260.265 7.77158 3.2
      vertex 260.25 8 0
      vertex 260.25 8 3.2
    endloop
  endfacet
  facet normal 0.997851 0.0655274 0
    outer loop
      vertex 260.25 8 0
      vertex 260.265 7.77158 3.2
      vertex 260.265 7.77158 0
    endloop
  endfacet
  facet normal 0.947704 0.319151 0
    outer loop
      vertex 260.383 7.3303 3.2
      vertex 260.31 7.54707 0
      vertex 260.31 7.54707 3.2
    endloop
  endfacet
  facet normal 0.947704 0.319151 0
    outer loop
      vertex 260.31 7.54707 0
      vertex 260.383 7.3303 3.2
      vertex 260.383 7.3303 0
    endloop
  endfacet
  facet normal 0.947704 0.319151 0
    outer loop
      vertex 260.383 7.3303 56
      vertex 260.31 7.54707 3.2
      vertex 260.31 7.54707 56
    endloop
  endfacet
  facet normal 0.947704 0.319151 0
    outer loop
      vertex 260.31 7.54707 3.2
      vertex 260.383 7.3303 56
      vertex 260.383 7.3303 3.2
    endloop
  endfacet
  facet normal 0.829803 -0.558056 0
    outer loop
      vertex 260.484 8.875 3.2
      vertex 260.612 9.06533 0
      vertex 260.612 9.06533 3.2
    endloop
  endfacet
  facet normal 0.829803 -0.558056 0
    outer loop
      vertex 260.612 9.06533 0
      vertex 260.484 8.875 3.2
      vertex 260.484 8.875 0
    endloop
  endfacet
  facet normal 0.829803 -0.558056 0
    outer loop
      vertex 260.484 8.875 56
      vertex 260.612 9.06533 3.2
      vertex 260.612 9.06533 56
    endloop
  endfacet
  facet normal 0.829803 -0.558056 0
    outer loop
      vertex 260.612 9.06533 3.2
      vertex 260.484 8.875 56
      vertex 260.484 8.875 3.2
    endloop
  endfacet
  facet normal 0.442835 -0.896603 0
    outer loop
      vertex 261.125 9.51554 3.2
      vertex 261.33 9.61679 56
      vertex 261.125 9.51554 56
    endloop
  endfacet
  facet normal 0.442835 -0.896603 0
    outer loop
      vertex 261.33 9.61679 56
      vertex 261.125 9.51554 3.2
      vertex 261.33 9.61679 3.2
    endloop
  endfacet
  facet normal 0.442835 -0.896603 0
    outer loop
      vertex 261.125 9.51554 0
      vertex 261.33 9.61679 3.2
      vertex 261.125 9.51554 3.2
    endloop
  endfacet
  facet normal 0.442835 -0.896603 0
    outer loop
      vertex 261.33 9.61679 3.2
      vertex 261.125 9.51554 0
      vertex 261.33 9.61679 0
    endloop
  endfacet
  facet normal -0.194691 0.980865 0
    outer loop
      vertex 262.453 6.30963 0
      vertex 262.228 6.26497 3.2
      vertex 262.453 6.30963 3.2
    endloop
  endfacet
  facet normal -0.194691 0.980865 0
    outer loop
      vertex 262.228 6.26497 3.2
      vertex 262.453 6.30963 0
      vertex 262.228 6.26497 0
    endloop
  endfacet
  facet normal -0.194691 0.980865 0
    outer loop
      vertex 262.453 6.30963 3.2
      vertex 262.228 6.26497 56
      vertex 262.453 6.30963 56
    endloop
  endfacet
  facet normal -0.194691 0.980865 0
    outer loop
      vertex 262.228 6.26497 56
      vertex 262.453 6.30963 3.2
      vertex 262.228 6.26497 3.2
    endloop
  endfacet
  facet normal -0.751702 0.659503 0
    outer loop
      vertex 263.237 6.76256 0
      vertex 263.388 6.93467 3.2
      vertex 263.388 6.93467 0
    endloop
  endfacet
  facet normal -0.751702 0.659503 0
    outer loop
      vertex 263.388 6.93467 3.2
      vertex 263.237 6.76256 0
      vertex 263.237 6.76256 3.2
    endloop
  endfacet
  facet normal -0.751702 0.659503 0
    outer loop
      vertex 263.237 6.76256 3.2
      vertex 263.388 6.93467 56
      vertex 263.388 6.93467 3.2
    endloop
  endfacet
  facet normal -0.751702 0.659503 0
    outer loop
      vertex 263.388 6.93467 56
      vertex 263.237 6.76256 3.2
      vertex 263.237 6.76256 56
    endloop
  endfacet
  facet normal 0.829803 0.558056 0
    outer loop
      vertex 260.612 6.93467 3.2
      vertex 260.484 7.125 0
      vertex 260.484 7.125 3.2
    endloop
  endfacet
  facet normal 0.829803 0.558056 0
    outer loop
      vertex 260.484 7.125 0
      vertex 260.612 6.93467 3.2
      vertex 260.612 6.93467 0
    endloop
  endfacet
  facet normal 0.829803 0.558056 0
    outer loop
      vertex 260.612 6.93467 56
      vertex 260.484 7.125 3.2
      vertex 260.484 7.125 56
    endloop
  endfacet
  facet normal 0.829803 0.558056 0
    outer loop
      vertex 260.484 7.125 3.2
      vertex 260.612 6.93467 56
      vertex 260.612 6.93467 3.2
    endloop
  endfacet
  facet normal 0.442835 0.896603 -0
    outer loop
      vertex 261.33 6.38321 0
      vertex 261.125 6.48446 3.2
      vertex 261.33 6.38321 3.2
    endloop
  endfacet
  facet normal 0.442835 0.896603 0
    outer loop
      vertex 261.125 6.48446 3.2
      vertex 261.33 6.38321 0
      vertex 261.125 6.48446 0
    endloop
  endfacet
  facet normal 0.442835 0.896603 -0
    outer loop
      vertex 261.33 6.38321 3.2
      vertex 261.125 6.48446 56
      vertex 261.33 6.38321 56
    endloop
  endfacet
  facet normal 0.442835 0.896603 0
    outer loop
      vertex 261.125 6.48446 56
      vertex 261.33 6.38321 3.2
      vertex 261.125 6.48446 3.2
    endloop
  endfacet
  facet normal -0.980498 0.196528 0
    outer loop
      vertex 263.69 7.54707 0
      vertex 263.735 7.77158 3.2
      vertex 263.735 7.77158 0
    endloop
  endfacet
  facet normal -0.980498 0.196528 0
    outer loop
      vertex 263.735 7.77158 3.2
      vertex 263.69 7.54707 0
      vertex 263.69 7.54707 3.2
    endloop
  endfacet
  facet normal -0.980498 0.196528 0
    outer loop
      vertex 263.69 7.54707 3.2
      vertex 263.735 7.77158 56
      vertex 263.735 7.77158 3.2
    endloop
  endfacet
  facet normal -0.980498 0.196528 0
    outer loop
      vertex 263.735 7.77158 56
      vertex 263.69 7.54707 3.2
      vertex 263.69 7.54707 56
    endloop
  endfacet
  facet normal 0.659568 0.751645 -0
    outer loop
      vertex 260.935 6.61163 0
      vertex 260.763 6.76256 3.2
      vertex 260.935 6.61163 3.2
    endloop
  endfacet
  facet normal 0.659568 0.751645 0
    outer loop
      vertex 260.763 6.76256 3.2
      vertex 260.935 6.61163 0
      vertex 260.763 6.76256 0
    endloop
  endfacet
  facet normal 0.659568 0.751645 -0
    outer loop
      vertex 260.935 6.61163 3.2
      vertex 260.763 6.76256 56
      vertex 260.935 6.61163 56
    endloop
  endfacet
  facet normal 0.659568 0.751645 0
    outer loop
      vertex 260.763 6.76256 56
      vertex 260.935 6.61163 3.2
      vertex 260.763 6.76256 3.2
    endloop
  endfacet
  facet normal -0.897293 0.441435 0
    outer loop
      vertex 263.516 7.125 3.2
      vertex 263.617 7.3303 56
      vertex 263.617 7.3303 3.2
    endloop
  endfacet
  facet normal -0.897293 0.441435 0
    outer loop
      vertex 263.617 7.3303 56
      vertex 263.516 7.125 3.2
      vertex 263.516 7.125 56
    endloop
  endfacet
  facet normal -0.897293 0.441435 0
    outer loop
      vertex 263.516 7.125 0
      vertex 263.617 7.3303 3.2
      vertex 263.617 7.3303 0
    endloop
  endfacet
  facet normal -0.897293 0.441435 0
    outer loop
      vertex 263.617 7.3303 3.2
      vertex 263.516 7.125 0
      vertex 263.516 7.125 3.2
    endloop
  endfacet
  facet normal -0.556223 0.831033 0
    outer loop
      vertex 263.065 6.61163 0
      vertex 262.875 6.48446 3.2
      vertex 263.065 6.61163 3.2
    endloop
  endfacet
  facet normal -0.556223 0.831033 0
    outer loop
      vertex 262.875 6.48446 3.2
      vertex 263.065 6.61163 0
      vertex 262.875 6.48446 0
    endloop
  endfacet
  facet normal -0.556223 0.831033 0
    outer loop
      vertex 263.065 6.61163 3.2
      vertex 262.875 6.48446 56
      vertex 263.065 6.61163 56
    endloop
  endfacet
  facet normal -0.556223 0.831033 0
    outer loop
      vertex 262.875 6.48446 56
      vertex 263.065 6.61163 3.2
      vertex 262.875 6.48446 3.2
    endloop
  endfacet
  facet normal 0.751702 0.659503 0
    outer loop
      vertex 260.763 6.76256 3.2
      vertex 260.612 6.93467 0
      vertex 260.612 6.93467 3.2
    endloop
  endfacet
  facet normal 0.751702 0.659503 0
    outer loop
      vertex 260.612 6.93467 0
      vertex 260.763 6.76256 3.2
      vertex 260.763 6.76256 0
    endloop
  endfacet
  facet normal 0.751702 0.659503 0
    outer loop
      vertex 260.763 6.76256 56
      vertex 260.612 6.93467 3.2
      vertex 260.612 6.93467 56
    endloop
  endfacet
  facet normal 0.751702 0.659503 0
    outer loop
      vertex 260.612 6.93467 3.2
      vertex 260.763 6.76256 56
      vertex 260.763 6.76256 3.2
    endloop
  endfacet
  facet normal -0.997851 0.0655274 0
    outer loop
      vertex 263.735 7.77158 3.2
      vertex 263.75 8 56
      vertex 263.75 8 3.2
    endloop
  endfacet
  facet normal -0.997851 0.0655274 0
    outer loop
      vertex 263.75 8 56
      vertex 263.735 7.77158 3.2
      vertex 263.735 7.77158 56
    endloop
  endfacet
  facet normal -0.997851 0.0655274 0
    outer loop
      vertex 263.735 7.77158 0
      vertex 263.75 8 3.2
      vertex 263.75 8 0
    endloop
  endfacet
  facet normal -0.997851 0.0655274 0
    outer loop
      vertex 263.75 8 3.2
      vertex 263.735 7.77158 0
      vertex 263.735 7.77158 3.2
    endloop
  endfacet
  facet normal -0.0655168 0.997851 0
    outer loop
      vertex 262.228 6.26497 3.2
      vertex 262 6.25 56
      vertex 262.228 6.26497 56
    endloop
  endfacet
  facet normal -0.0655168 0.997851 0
    outer loop
      vertex 262 6.25 56
      vertex 262.228 6.26497 3.2
      vertex 262 6.25 3.2
    endloop
  endfacet
  facet normal -0.0655168 0.997851 0
    outer loop
      vertex 262.228 6.26497 0
      vertex 262 6.25 3.2
      vertex 262.228 6.26497 3.2
    endloop
  endfacet
  facet normal -0.0655168 0.997851 0
    outer loop
      vertex 262 6.25 3.2
      vertex 262.228 6.26497 0
      vertex 262 6.25 0
    endloop
  endfacet
  facet normal 0.0655168 0.997851 -0
    outer loop
      vertex 262 6.25 3.2
      vertex 261.772 6.26497 56
      vertex 262 6.25 56
    endloop
  endfacet
  facet normal 0.0655168 0.997851 0
    outer loop
      vertex 261.772 6.26497 56
      vertex 262 6.25 3.2
      vertex 261.772 6.26497 3.2
    endloop
  endfacet
  facet normal 0.0655168 0.997851 -0
    outer loop
      vertex 262 6.25 0
      vertex 261.772 6.26497 3.2
      vertex 262 6.25 3.2
    endloop
  endfacet
  facet normal 0.0655168 0.997851 0
    outer loop
      vertex 261.772 6.26497 3.2
      vertex 262 6.25 0
      vertex 261.772 6.26497 0
    endloop
  endfacet
  facet normal 0.32112 0.947038 -0
    outer loop
      vertex 261.547 6.30963 0
      vertex 261.33 6.38321 3.2
      vertex 261.547 6.30963 3.2
    endloop
  endfacet
  facet normal 0.32112 0.947038 0
    outer loop
      vertex 261.33 6.38321 3.2
      vertex 261.547 6.30963 0
      vertex 261.33 6.38321 0
    endloop
  endfacet
  facet normal 0.32112 0.947038 -0
    outer loop
      vertex 261.547 6.30963 3.2
      vertex 261.33 6.38321 56
      vertex 261.547 6.30963 56
    endloop
  endfacet
  facet normal 0.32112 0.947038 0
    outer loop
      vertex 261.33 6.38321 56
      vertex 261.547 6.30963 3.2
      vertex 261.33 6.38321 3.2
    endloop
  endfacet
  facet normal 0.556223 0.831033 -0
    outer loop
      vertex 261.125 6.48446 0
      vertex 260.935 6.61163 3.2
      vertex 261.125 6.48446 3.2
    endloop
  endfacet
  facet normal 0.556223 0.831033 0
    outer loop
      vertex 260.935 6.61163 3.2
      vertex 261.125 6.48446 0
      vertex 260.935 6.61163 0
    endloop
  endfacet
  facet normal 0.556223 0.831033 -0
    outer loop
      vertex 261.125 6.48446 3.2
      vertex 260.935 6.61163 56
      vertex 261.125 6.48446 56
    endloop
  endfacet
  facet normal 0.556223 0.831033 0
    outer loop
      vertex 260.935 6.61163 56
      vertex 261.125 6.48446 3.2
      vertex 260.935 6.61163 3.2
    endloop
  endfacet
  facet normal 0.659503 -0.751702 0
    outer loop
      vertex 6.76256 113.237 0
      vertex 6.93467 113.388 3.2
      vertex 6.76256 113.237 3.2
    endloop
  endfacet
  facet normal 0.659503 -0.751702 0
    outer loop
      vertex 6.93467 113.388 3.2
      vertex 6.76256 113.237 0
      vertex 6.93467 113.388 0
    endloop
  endfacet
  facet normal 0.659503 -0.751702 0
    outer loop
      vertex 6.76256 113.237 3.2
      vertex 6.93467 113.388 56
      vertex 6.76256 113.237 56
    endloop
  endfacet
  facet normal 0.659503 -0.751702 0
    outer loop
      vertex 6.93467 113.388 56
      vertex 6.76256 113.237 3.2
      vertex 6.93467 113.388 3.2
    endloop
  endfacet
  facet normal 0.751645 -0.659568 0
    outer loop
      vertex 6.61163 113.065 3.2
      vertex 6.76256 113.237 0
      vertex 6.76256 113.237 3.2
    endloop
  endfacet
  facet normal 0.751645 -0.659568 0
    outer loop
      vertex 6.76256 113.237 0
      vertex 6.61163 113.065 3.2
      vertex 6.61163 113.065 0
    endloop
  endfacet
  facet normal 0.751645 -0.659568 0
    outer loop
      vertex 6.61163 113.065 56
      vertex 6.76256 113.237 3.2
      vertex 6.76256 113.237 56
    endloop
  endfacet
  facet normal 0.751645 -0.659568 0
    outer loop
      vertex 6.76256 113.237 3.2
      vertex 6.61163 113.065 56
      vertex 6.61163 113.065 3.2
    endloop
  endfacet
  facet normal 0.319151 -0.947704 0
    outer loop
      vertex 7.3303 113.617 0
      vertex 7.54707 113.69 3.2
      vertex 7.3303 113.617 3.2
    endloop
  endfacet
  facet normal 0.319151 -0.947704 0
    outer loop
      vertex 7.54707 113.69 3.2
      vertex 7.3303 113.617 0
      vertex 7.54707 113.69 0
    endloop
  endfacet
  facet normal 0.319151 -0.947704 0
    outer loop
      vertex 7.3303 113.617 3.2
      vertex 7.54707 113.69 56
      vertex 7.3303 113.617 56
    endloop
  endfacet
  facet normal 0.319151 -0.947704 0
    outer loop
      vertex 7.54707 113.69 56
      vertex 7.3303 113.617 3.2
      vertex 7.54707 113.69 3.2
    endloop
  endfacet
  facet normal -0.947038 0.32112 0
    outer loop
      vertex 9.61679 111.33 0
      vertex 9.69037 111.547 3.2
      vertex 9.69037 111.547 0
    endloop
  endfacet
  facet normal -0.947038 0.32112 0
    outer loop
      vertex 9.69037 111.547 3.2
      vertex 9.61679 111.33 0
      vertex 9.61679 111.33 3.2
    endloop
  endfacet
  facet normal -0.947038 0.32112 0
    outer loop
      vertex 9.61679 111.33 3.2
      vertex 9.69037 111.547 56
      vertex 9.69037 111.547 3.2
    endloop
  endfacet
  facet normal -0.947038 0.32112 0
    outer loop
      vertex 9.69037 111.547 56
      vertex 9.61679 111.33 3.2
      vertex 9.61679 111.33 56
    endloop
  endfacet
  facet normal -0.659503 0.751702 0
    outer loop
      vertex 9.23744 110.763 0
      vertex 9.06533 110.612 3.2
      vertex 9.23744 110.763 3.2
    endloop
  endfacet
  facet normal -0.659503 0.751702 0
    outer loop
      vertex 9.06533 110.612 3.2
      vertex 9.23744 110.763 0
      vertex 9.06533 110.612 0
    endloop
  endfacet
  facet normal -0.659503 0.751702 0
    outer loop
      vertex 9.23744 110.763 3.2
      vertex 9.06533 110.612 56
      vertex 9.23744 110.763 56
    endloop
  endfacet
  facet normal -0.659503 0.751702 0
    outer loop
      vertex 9.06533 110.612 56
      vertex 9.23744 110.763 3.2
      vertex 9.06533 110.612 3.2
    endloop
  endfacet
  facet normal 0.0655274 -0.997851 0
    outer loop
      vertex 7.77158 113.735 3.2
      vertex 8 113.75 56
      vertex 7.77158 113.735 56
    endloop
  endfacet
  facet normal 0.0655274 -0.997851 0
    outer loop
      vertex 8 113.75 56
      vertex 7.77158 113.735 3.2
      vertex 8 113.75 3.2
    endloop
  endfacet
  facet normal 0.0655274 -0.997851 0
    outer loop
      vertex 7.77158 113.735 0
      vertex 8 113.75 3.2
      vertex 7.77158 113.735 3.2
    endloop
  endfacet
  facet normal 0.0655274 -0.997851 0
    outer loop
      vertex 8 113.75 3.2
      vertex 7.77158 113.735 0
      vertex 8 113.75 0
    endloop
  endfacet
  facet normal 0.196528 0.980498 -0
    outer loop
      vertex 7.77158 110.265 0
      vertex 7.54707 110.31 3.2
      vertex 7.77158 110.265 3.2
    endloop
  endfacet
  facet normal 0.196528 0.980498 0
    outer loop
      vertex 7.54707 110.31 3.2
      vertex 7.77158 110.265 0
      vertex 7.54707 110.31 0
    endloop
  endfacet
  facet normal 0.196528 0.980498 -0
    outer loop
      vertex 7.77158 110.265 3.2
      vertex 7.54707 110.31 56
      vertex 7.77158 110.265 56
    endloop
  endfacet
  facet normal 0.196528 0.980498 0
    outer loop
      vertex 7.54707 110.31 56
      vertex 7.77158 110.265 3.2
      vertex 7.54707 110.31 3.2
    endloop
  endfacet
  facet normal 0.997851 -0.0655168 0
    outer loop
      vertex 6.25 112 56
      vertex 6.26497 112.228 3.2
      vertex 6.26497 112.228 56
    endloop
  endfacet
  facet normal 0.997851 -0.0655168 0
    outer loop
      vertex 6.26497 112.228 3.2
      vertex 6.25 112 56
      vertex 6.25 112 3.2
    endloop
  endfacet
  facet normal 0.997851 -0.0655168 0
    outer loop
      vertex 6.25 112 3.2
      vertex 6.26497 112.228 0
      vertex 6.26497 112.228 3.2
    endloop
  endfacet
  facet normal 0.997851 -0.0655168 0
    outer loop
      vertex 6.26497 112.228 0
      vertex 6.25 112 3.2
      vertex 6.25 112 0
    endloop
  endfacet
  facet normal 0.980865 -0.194691 0
    outer loop
      vertex 6.26497 112.228 3.2
      vertex 6.30963 112.453 0
      vertex 6.30963 112.453 3.2
    endloop
  endfacet
  facet normal 0.980865 -0.194691 0
    outer loop
      vertex 6.30963 112.453 0
      vertex 6.26497 112.228 3.2
      vertex 6.26497 112.228 0
    endloop
  endfacet
  facet normal 0.980865 -0.194691 0
    outer loop
      vertex 6.26497 112.228 56
      vertex 6.30963 112.453 3.2
      vertex 6.30963 112.453 56
    endloop
  endfacet
  facet normal 0.980865 -0.194691 0
    outer loop
      vertex 6.30963 112.453 3.2
      vertex 6.26497 112.228 56
      vertex 6.26497 112.228 3.2
    endloop
  endfacet
  facet normal 0.947038 -0.32112 0
    outer loop
      vertex 6.30963 112.453 3.2
      vertex 6.38321 112.67 0
      vertex 6.38321 112.67 3.2
    endloop
  endfacet
  facet normal 0.947038 -0.32112 0
    outer loop
      vertex 6.38321 112.67 0
      vertex 6.30963 112.453 3.2
      vertex 6.30963 112.453 0
    endloop
  endfacet
  facet normal 0.947038 -0.32112 0
    outer loop
      vertex 6.30963 112.453 56
      vertex 6.38321 112.67 3.2
      vertex 6.38321 112.67 56
    endloop
  endfacet
  facet normal 0.947038 -0.32112 0
    outer loop
      vertex 6.38321 112.67 3.2
      vertex 6.30963 112.453 56
      vertex 6.30963 112.453 3.2
    endloop
  endfacet
  facet normal 0.196528 -0.980498 0
    outer loop
      vertex 7.54707 113.69 0
      vertex 7.77158 113.735 3.2
      vertex 7.54707 113.69 3.2
    endloop
  endfacet
  facet normal 0.196528 -0.980498 0
    outer loop
      vertex 7.77158 113.735 3.2
      vertex 7.54707 113.69 0
      vertex 7.77158 113.735 0
    endloop
  endfacet
  facet normal 0.196528 -0.980498 0
    outer loop
      vertex 7.54707 113.69 3.2
      vertex 7.77158 113.735 56
      vertex 7.54707 113.69 56
    endloop
  endfacet
  facet normal 0.196528 -0.980498 0
    outer loop
      vertex 7.77158 113.735 56
      vertex 7.54707 113.69 3.2
      vertex 7.77158 113.735 3.2
    endloop
  endfacet
  facet normal -0.441435 0.897293 0
    outer loop
      vertex 8.875 110.484 0
      vertex 8.6697 110.383 3.2
      vertex 8.875 110.484 3.2
    endloop
  endfacet
  facet normal -0.441435 0.897293 0
    outer loop
      vertex 8.6697 110.383 3.2
      vertex 8.875 110.484 0
      vertex 8.6697 110.383 0
    endloop
  endfacet
  facet normal -0.441435 0.897293 0
    outer loop
      vertex 8.875 110.484 3.2
      vertex 8.6697 110.383 56
      vertex 8.875 110.484 56
    endloop
  endfacet
  facet normal -0.441435 0.897293 0
    outer loop
      vertex 8.6697 110.383 56
      vertex 8.875 110.484 3.2
      vertex 8.6697 110.383 3.2
    endloop
  endfacet
  facet normal -0.319151 0.947704 0
    outer loop
      vertex 8.6697 110.383 0
      vertex 8.45293 110.31 3.2
      vertex 8.6697 110.383 3.2
    endloop
  endfacet
  facet normal -0.319151 0.947704 0
    outer loop
      vertex 8.45293 110.31 3.2
      vertex 8.6697 110.383 0
      vertex 8.45293 110.31 0
    endloop
  endfacet
  facet normal -0.319151 0.947704 0
    outer loop
      vertex 8.6697 110.383 3.2
      vertex 8.45293 110.31 56
      vertex 8.6697 110.383 56
    endloop
  endfacet
  facet normal -0.319151 0.947704 0
    outer loop
      vertex 8.45293 110.31 56
      vertex 8.6697 110.383 3.2
      vertex 8.45293 110.31 3.2
    endloop
  endfacet
  facet normal -0.831033 0.556223 0
    outer loop
      vertex 9.38837 110.935 3.2
      vertex 9.51554 111.125 56
      vertex 9.51554 111.125 3.2
    endloop
  endfacet
  facet normal -0.831033 0.556223 0
    outer loop
      vertex 9.51554 111.125 56
      vertex 9.38837 110.935 3.2
      vertex 9.38837 110.935 56
    endloop
  endfacet
  facet normal -0.831033 0.556223 0
    outer loop
      vertex 9.38837 110.935 0
      vertex 9.51554 111.125 3.2
      vertex 9.51554 111.125 0
    endloop
  endfacet
  facet normal -0.831033 0.556223 0
    outer loop
      vertex 9.51554 111.125 3.2
      vertex 9.38837 110.935 0
      vertex 9.38837 110.935 3.2
    endloop
  endfacet
  facet normal 0.896603 -0.442835 0
    outer loop
      vertex 6.38321 112.67 3.2
      vertex 6.48446 112.875 0
      vertex 6.48446 112.875 3.2
    endloop
  endfacet
  facet normal 0.896603 -0.442835 0
    outer loop
      vertex 6.48446 112.875 0
      vertex 6.38321 112.67 3.2
      vertex 6.38321 112.67 0
    endloop
  endfacet
  facet normal 0.896603 -0.442835 0
    outer loop
      vertex 6.38321 112.67 56
      vertex 6.48446 112.875 3.2
      vertex 6.48446 112.875 56
    endloop
  endfacet
  facet normal 0.896603 -0.442835 0
    outer loop
      vertex 6.48446 112.875 3.2
      vertex 6.38321 112.67 56
      vertex 6.38321 112.67 3.2
    endloop
  endfacet
  facet normal 0.558056 -0.829803 0
    outer loop
      vertex 6.93467 113.388 3.2
      vertex 7.125 113.516 56
      vertex 6.93467 113.388 56
    endloop
  endfacet
  facet normal 0.558056 -0.829803 0
    outer loop
      vertex 7.125 113.516 56
      vertex 6.93467 113.388 3.2
      vertex 7.125 113.516 3.2
    endloop
  endfacet
  facet normal 0.558056 -0.829803 0
    outer loop
      vertex 6.93467 113.388 0
      vertex 7.125 113.516 3.2
      vertex 6.93467 113.388 3.2
    endloop
  endfacet
  facet normal 0.558056 -0.829803 0
    outer loop
      vertex 7.125 113.516 3.2
      vertex 6.93467 113.388 0
      vertex 7.125 113.516 0
    endloop
  endfacet
  facet normal 0.980865 0.194691 0
    outer loop
      vertex 6.30963 111.547 3.2
      vertex 6.26497 111.772 0
      vertex 6.26497 111.772 3.2
    endloop
  endfacet
  facet normal 0.980865 0.194691 0
    outer loop
      vertex 6.26497 111.772 0
      vertex 6.30963 111.547 3.2
      vertex 6.30963 111.547 0
    endloop
  endfacet
  facet normal 0.980865 0.194691 0
    outer loop
      vertex 6.30963 111.547 56
      vertex 6.26497 111.772 3.2
      vertex 6.26497 111.772 56
    endloop
  endfacet
  facet normal 0.980865 0.194691 0
    outer loop
      vertex 6.26497 111.772 3.2
      vertex 6.30963 111.547 56
      vertex 6.30963 111.547 3.2
    endloop
  endfacet
  facet normal 0.997851 0.0655168 0
    outer loop
      vertex 6.26497 111.772 56
      vertex 6.25 112 3.2
      vertex 6.25 112 56
    endloop
  endfacet
  facet normal 0.997851 0.0655168 0
    outer loop
      vertex 6.25 112 3.2
      vertex 6.26497 111.772 56
      vertex 6.26497 111.772 3.2
    endloop
  endfacet
  facet normal 0.997851 0.0655168 0
    outer loop
      vertex 6.26497 111.772 3.2
      vertex 6.25 112 0
      vertex 6.25 112 3.2
    endloop
  endfacet
  facet normal 0.997851 0.0655168 0
    outer loop
      vertex 6.25 112 0
      vertex 6.26497 111.772 3.2
      vertex 6.26497 111.772 0
    endloop
  endfacet
  facet normal 0.947038 0.32112 0
    outer loop
      vertex 6.38321 111.33 3.2
      vertex 6.30963 111.547 0
      vertex 6.30963 111.547 3.2
    endloop
  endfacet
  facet normal 0.947038 0.32112 0
    outer loop
      vertex 6.30963 111.547 0
      vertex 6.38321 111.33 3.2
      vertex 6.38321 111.33 0
    endloop
  endfacet
  facet normal 0.947038 0.32112 0
    outer loop
      vertex 6.38321 111.33 56
      vertex 6.30963 111.547 3.2
      vertex 6.30963 111.547 56
    endloop
  endfacet
  facet normal 0.947038 0.32112 0
    outer loop
      vertex 6.30963 111.547 3.2
      vertex 6.38321 111.33 56
      vertex 6.38321 111.33 3.2
    endloop
  endfacet
  facet normal 0.831033 -0.556223 0
    outer loop
      vertex 6.48446 112.875 3.2
      vertex 6.61163 113.065 0
      vertex 6.61163 113.065 3.2
    endloop
  endfacet
  facet normal 0.831033 -0.556223 0
    outer loop
      vertex 6.61163 113.065 0
      vertex 6.48446 112.875 3.2
      vertex 6.48446 112.875 0
    endloop
  endfacet
  facet normal 0.831033 -0.556223 0
    outer loop
      vertex 6.48446 112.875 56
      vertex 6.61163 113.065 3.2
      vertex 6.61163 113.065 56
    endloop
  endfacet
  facet normal 0.831033 -0.556223 0
    outer loop
      vertex 6.61163 113.065 3.2
      vertex 6.48446 112.875 56
      vertex 6.48446 112.875 3.2
    endloop
  endfacet
  facet normal 0.441435 -0.897293 0
    outer loop
      vertex 7.125 113.516 3.2
      vertex 7.3303 113.617 56
      vertex 7.125 113.516 56
    endloop
  endfacet
  facet normal 0.441435 -0.897293 0
    outer loop
      vertex 7.3303 113.617 56
      vertex 7.125 113.516 3.2
      vertex 7.3303 113.617 3.2
    endloop
  endfacet
  facet normal 0.441435 -0.897293 0
    outer loop
      vertex 7.125 113.516 0
      vertex 7.3303 113.617 3.2
      vertex 7.125 113.516 3.2
    endloop
  endfacet
  facet normal 0.441435 -0.897293 0
    outer loop
      vertex 7.3303 113.617 3.2
      vertex 7.125 113.516 0
      vertex 7.3303 113.617 0
    endloop
  endfacet
  facet normal -0.196528 0.980498 0
    outer loop
      vertex 8.45293 110.31 0
      vertex 8.22842 110.265 3.2
      vertex 8.45293 110.31 3.2
    endloop
  endfacet
  facet normal -0.196528 0.980498 0
    outer loop
      vertex 8.22842 110.265 3.2
      vertex 8.45293 110.31 0
      vertex 8.22842 110.265 0
    endloop
  endfacet
  facet normal -0.196528 0.980498 0
    outer loop
      vertex 8.45293 110.31 3.2
      vertex 8.22842 110.265 56
      vertex 8.45293 110.31 56
    endloop
  endfacet
  facet normal -0.196528 0.980498 0
    outer loop
      vertex 8.22842 110.265 56
      vertex 8.45293 110.31 3.2
      vertex 8.22842 110.265 3.2
    endloop
  endfacet
  facet normal -0.751645 0.659568 0
    outer loop
      vertex 9.23744 110.763 0
      vertex 9.38837 110.935 3.2
      vertex 9.38837 110.935 0
    endloop
  endfacet
  facet normal -0.751645 0.659568 0
    outer loop
      vertex 9.38837 110.935 3.2
      vertex 9.23744 110.763 0
      vertex 9.23744 110.763 3.2
    endloop
  endfacet
  facet normal -0.751645 0.659568 0
    outer loop
      vertex 9.23744 110.763 3.2
      vertex 9.38837 110.935 56
      vertex 9.38837 110.935 3.2
    endloop
  endfacet
  facet normal -0.751645 0.659568 0
    outer loop
      vertex 9.38837 110.935 56
      vertex 9.23744 110.763 3.2
      vertex 9.23744 110.763 56
    endloop
  endfacet
  facet normal 0.831033 0.556223 0
    outer loop
      vertex 6.61163 110.935 3.2
      vertex 6.48446 111.125 0
      vertex 6.48446 111.125 3.2
    endloop
  endfacet
  facet normal 0.831033 0.556223 0
    outer loop
      vertex 6.48446 111.125 0
      vertex 6.61163 110.935 3.2
      vertex 6.61163 110.935 0
    endloop
  endfacet
  facet normal 0.831033 0.556223 0
    outer loop
      vertex 6.61163 110.935 56
      vertex 6.48446 111.125 3.2
      vertex 6.48446 111.125 56
    endloop
  endfacet
  facet normal 0.831033 0.556223 0
    outer loop
      vertex 6.48446 111.125 3.2
      vertex 6.61163 110.935 56
      vertex 6.61163 110.935 3.2
    endloop
  endfacet
  facet normal 0.441435 0.897293 -0
    outer loop
      vertex 7.3303 110.383 0
      vertex 7.125 110.484 3.2
      vertex 7.3303 110.383 3.2
    endloop
  endfacet
  facet normal 0.441435 0.897293 0
    outer loop
      vertex 7.125 110.484 3.2
      vertex 7.3303 110.383 0
      vertex 7.125 110.484 0
    endloop
  endfacet
  facet normal 0.441435 0.897293 -0
    outer loop
      vertex 7.3303 110.383 3.2
      vertex 7.125 110.484 56
      vertex 7.3303 110.383 56
    endloop
  endfacet
  facet normal 0.441435 0.897293 0
    outer loop
      vertex 7.125 110.484 56
      vertex 7.3303 110.383 3.2
      vertex 7.125 110.484 3.2
    endloop
  endfacet
  facet normal -0.980865 0.194691 0
    outer loop
      vertex 9.69037 111.547 0
      vertex 9.73503 111.772 3.2
      vertex 9.73503 111.772 0
    endloop
  endfacet
  facet normal -0.980865 0.194691 0
    outer loop
      vertex 9.73503 111.772 3.2
      vertex 9.69037 111.547 0
      vertex 9.69037 111.547 3.2
    endloop
  endfacet
  facet normal -0.980865 0.194691 0
    outer loop
      vertex 9.69037 111.547 3.2
      vertex 9.73503 111.772 56
      vertex 9.73503 111.772 3.2
    endloop
  endfacet
  facet normal -0.980865 0.194691 0
    outer loop
      vertex 9.73503 111.772 56
      vertex 9.69037 111.547 3.2
      vertex 9.69037 111.547 56
    endloop
  endfacet
  facet normal 0.659503 0.751702 -0
    outer loop
      vertex 6.93467 110.612 0
      vertex 6.76256 110.763 3.2
      vertex 6.93467 110.612 3.2
    endloop
  endfacet
  facet normal 0.659503 0.751702 0
    outer loop
      vertex 6.76256 110.763 3.2
      vertex 6.93467 110.612 0
      vertex 6.76256 110.763 0
    endloop
  endfacet
  facet normal 0.659503 0.751702 -0
    outer loop
      vertex 6.93467 110.612 3.2
      vertex 6.76256 110.763 56
      vertex 6.93467 110.612 56
    endloop
  endfacet
  facet normal 0.659503 0.751702 0
    outer loop
      vertex 6.76256 110.763 56
      vertex 6.93467 110.612 3.2
      vertex 6.76256 110.763 3.2
    endloop
  endfacet
  facet normal 0.896603 0.442835 0
    outer loop
      vertex 6.48446 111.125 3.2
      vertex 6.38321 111.33 0
      vertex 6.38321 111.33 3.2
    endloop
  endfacet
  facet normal 0.896603 0.442835 0
    outer loop
      vertex 6.38321 111.33 0
      vertex 6.48446 111.125 3.2
      vertex 6.48446 111.125 0
    endloop
  endfacet
  facet normal 0.896603 0.442835 0
    outer loop
      vertex 6.48446 111.125 56
      vertex 6.38321 111.33 3.2
      vertex 6.38321 111.33 56
    endloop
  endfacet
  facet normal 0.896603 0.442835 0
    outer loop
      vertex 6.38321 111.33 3.2
      vertex 6.48446 111.125 56
      vertex 6.48446 111.125 3.2
    endloop
  endfacet
  facet normal -0.896603 0.442835 0
    outer loop
      vertex 9.51554 111.125 3.2
      vertex 9.61679 111.33 56
      vertex 9.61679 111.33 3.2
    endloop
  endfacet
  facet normal -0.896603 0.442835 0
    outer loop
      vertex 9.61679 111.33 56
      vertex 9.51554 111.125 3.2
      vertex 9.51554 111.125 56
    endloop
  endfacet
  facet normal -0.896603 0.442835 0
    outer loop
      vertex 9.51554 111.125 0
      vertex 9.61679 111.33 3.2
      vertex 9.61679 111.33 0
    endloop
  endfacet
  facet normal -0.896603 0.442835 0
    outer loop
      vertex 9.61679 111.33 3.2
      vertex 9.51554 111.125 0
      vertex 9.51554 111.125 3.2
    endloop
  endfacet
  facet normal -0.558056 0.829803 0
    outer loop
      vertex 9.06533 110.612 0
      vertex 8.875 110.484 3.2
      vertex 9.06533 110.612 3.2
    endloop
  endfacet
  facet normal -0.558056 0.829803 0
    outer loop
      vertex 8.875 110.484 3.2
      vertex 9.06533 110.612 0
      vertex 8.875 110.484 0
    endloop
  endfacet
  facet normal -0.558056 0.829803 0
    outer loop
      vertex 9.06533 110.612 3.2
      vertex 8.875 110.484 56
      vertex 9.06533 110.612 56
    endloop
  endfacet
  facet normal -0.558056 0.829803 0
    outer loop
      vertex 8.875 110.484 56
      vertex 9.06533 110.612 3.2
      vertex 8.875 110.484 3.2
    endloop
  endfacet
  facet normal 0.751645 0.659568 0
    outer loop
      vertex 6.76256 110.763 3.2
      vertex 6.61163 110.935 0
      vertex 6.61163 110.935 3.2
    endloop
  endfacet
  facet normal 0.751645 0.659568 0
    outer loop
      vertex 6.61163 110.935 0
      vertex 6.76256 110.763 3.2
      vertex 6.76256 110.763 0
    endloop
  endfacet
  facet normal 0.751645 0.659568 0
    outer loop
      vertex 6.76256 110.763 56
      vertex 6.61163 110.935 3.2
      vertex 6.61163 110.935 56
    endloop
  endfacet
  facet normal 0.751645 0.659568 0
    outer loop
      vertex 6.61163 110.935 3.2
      vertex 6.76256 110.763 56
      vertex 6.76256 110.763 3.2
    endloop
  endfacet
  facet normal -0.997851 0.0655168 0
    outer loop
      vertex 9.73503 111.772 3.2
      vertex 9.75 112 56
      vertex 9.75 112 3.2
    endloop
  endfacet
  facet normal -0.997851 0.0655168 0
    outer loop
      vertex 9.75 112 56
      vertex 9.73503 111.772 3.2
      vertex 9.73503 111.772 56
    endloop
  endfacet
  facet normal -0.997851 0.0655168 0
    outer loop
      vertex 9.73503 111.772 0
      vertex 9.75 112 3.2
      vertex 9.75 112 0
    endloop
  endfacet
  facet normal -0.997851 0.0655168 0
    outer loop
      vertex 9.75 112 3.2
      vertex 9.73503 111.772 0
      vertex 9.73503 111.772 3.2
    endloop
  endfacet
  facet normal -0.0655274 0.997851 0
    outer loop
      vertex 8.22842 110.265 3.2
      vertex 8 110.25 56
      vertex 8.22842 110.265 56
    endloop
  endfacet
  facet normal -0.0655274 0.997851 0
    outer loop
      vertex 8 110.25 56
      vertex 8.22842 110.265 3.2
      vertex 8 110.25 3.2
    endloop
  endfacet
  facet normal -0.0655274 0.997851 0
    outer loop
      vertex 8.22842 110.265 0
      vertex 8 110.25 3.2
      vertex 8.22842 110.265 3.2
    endloop
  endfacet
  facet normal -0.0655274 0.997851 0
    outer loop
      vertex 8 110.25 3.2
      vertex 8.22842 110.265 0
      vertex 8 110.25 0
    endloop
  endfacet
  facet normal 0.0655274 0.997851 -0
    outer loop
      vertex 8 110.25 3.2
      vertex 7.77158 110.265 56
      vertex 8 110.25 56
    endloop
  endfacet
  facet normal 0.0655274 0.997851 0
    outer loop
      vertex 7.77158 110.265 56
      vertex 8 110.25 3.2
      vertex 7.77158 110.265 3.2
    endloop
  endfacet
  facet normal 0.0655274 0.997851 -0
    outer loop
      vertex 8 110.25 0
      vertex 7.77158 110.265 3.2
      vertex 8 110.25 3.2
    endloop
  endfacet
  facet normal 0.0655274 0.997851 0
    outer loop
      vertex 7.77158 110.265 3.2
      vertex 8 110.25 0
      vertex 7.77158 110.265 0
    endloop
  endfacet
  facet normal 0.319151 0.947704 -0
    outer loop
      vertex 7.54707 110.31 0
      vertex 7.3303 110.383 3.2
      vertex 7.54707 110.31 3.2
    endloop
  endfacet
  facet normal 0.319151 0.947704 0
    outer loop
      vertex 7.3303 110.383 3.2
      vertex 7.54707 110.31 0
      vertex 7.3303 110.383 0
    endloop
  endfacet
  facet normal 0.319151 0.947704 -0
    outer loop
      vertex 7.54707 110.31 3.2
      vertex 7.3303 110.383 56
      vertex 7.54707 110.31 56
    endloop
  endfacet
  facet normal 0.319151 0.947704 0
    outer loop
      vertex 7.3303 110.383 56
      vertex 7.54707 110.31 3.2
      vertex 7.3303 110.383 3.2
    endloop
  endfacet
  facet normal 0.558056 0.829803 -0
    outer loop
      vertex 7.125 110.484 0
      vertex 6.93467 110.612 3.2
      vertex 7.125 110.484 3.2
    endloop
  endfacet
  facet normal 0.558056 0.829803 0
    outer loop
      vertex 6.93467 110.612 3.2
      vertex 7.125 110.484 0
      vertex 6.93467 110.612 0
    endloop
  endfacet
  facet normal 0.558056 0.829803 -0
    outer loop
      vertex 7.125 110.484 3.2
      vertex 6.93467 110.612 56
      vertex 7.125 110.484 56
    endloop
  endfacet
  facet normal 0.558056 0.829803 0
    outer loop
      vertex 6.93467 110.612 56
      vertex 7.125 110.484 3.2
      vertex 6.93467 110.612 3.2
    endloop
  endfacet
  facet normal 0.659741 -0.751493 0
    outer loop
      vertex 260.763 113.237 0
      vertex 260.935 113.388 3.2
      vertex 260.763 113.237 3.2
    endloop
  endfacet
  facet normal 0.659741 -0.751493 0
    outer loop
      vertex 260.935 113.388 3.2
      vertex 260.763 113.237 0
      vertex 260.935 113.388 0
    endloop
  endfacet
  facet normal 0.659741 -0.751493 0
    outer loop
      vertex 260.763 113.237 3.2
      vertex 260.935 113.388 56
      vertex 260.763 113.237 56
    endloop
  endfacet
  facet normal 0.659741 -0.751493 0
    outer loop
      vertex 260.935 113.388 56
      vertex 260.763 113.237 3.2
      vertex 260.935 113.388 3.2
    endloop
  endfacet
  facet normal 0.751493 -0.659741 0
    outer loop
      vertex 260.612 113.065 3.2
      vertex 260.763 113.237 0
      vertex 260.763 113.237 3.2
    endloop
  endfacet
  facet normal 0.751493 -0.659741 0
    outer loop
      vertex 260.763 113.237 0
      vertex 260.612 113.065 3.2
      vertex 260.612 113.065 0
    endloop
  endfacet
  facet normal 0.751493 -0.659741 0
    outer loop
      vertex 260.612 113.065 56
      vertex 260.763 113.237 3.2
      vertex 260.763 113.237 56
    endloop
  endfacet
  facet normal 0.751493 -0.659741 0
    outer loop
      vertex 260.763 113.237 3.2
      vertex 260.612 113.065 56
      vertex 260.612 113.065 3.2
    endloop
  endfacet
  facet normal 0.318847 -0.947806 0
    outer loop
      vertex 261.33 113.617 0
      vertex 261.547 113.69 3.2
      vertex 261.33 113.617 3.2
    endloop
  endfacet
  facet normal 0.318847 -0.947806 0
    outer loop
      vertex 261.547 113.69 3.2
      vertex 261.33 113.617 0
      vertex 261.547 113.69 0
    endloop
  endfacet
  facet normal 0.318847 -0.947806 0
    outer loop
      vertex 261.33 113.617 3.2
      vertex 261.547 113.69 56
      vertex 261.33 113.617 56
    endloop
  endfacet
  facet normal 0.318847 -0.947806 0
    outer loop
      vertex 261.547 113.69 56
      vertex 261.33 113.617 3.2
      vertex 261.547 113.69 3.2
    endloop
  endfacet
  facet normal 0.558723 -0.829354 0
    outer loop
      vertex 260.935 113.388 3.2
      vertex 261.125 113.516 56
      vertex 260.935 113.388 56
    endloop
  endfacet
  facet normal 0.558723 -0.829354 0
    outer loop
      vertex 261.125 113.516 56
      vertex 260.935 113.388 3.2
      vertex 261.125 113.516 3.2
    endloop
  endfacet
  facet normal 0.558723 -0.829354 0
    outer loop
      vertex 260.935 113.388 0
      vertex 261.125 113.516 3.2
      vertex 260.935 113.388 3.2
    endloop
  endfacet
  facet normal 0.558723 -0.829354 0
    outer loop
      vertex 261.125 113.516 3.2
      vertex 260.935 113.388 0
      vertex 261.125 113.516 0
    endloop
  endfacet
  facet normal -0.947806 0.318847 0
    outer loop
      vertex 263.617 111.33 0
      vertex 263.69 111.547 3.2
      vertex 263.69 111.547 0
    endloop
  endfacet
  facet normal -0.947806 0.318847 0
    outer loop
      vertex 263.69 111.547 3.2
      vertex 263.617 111.33 0
      vertex 263.617 111.33 3.2
    endloop
  endfacet
  facet normal -0.947806 0.318847 0
    outer loop
      vertex 263.617 111.33 3.2
      vertex 263.69 111.547 56
      vertex 263.69 111.547 3.2
    endloop
  endfacet
  facet normal -0.947806 0.318847 0
    outer loop
      vertex 263.69 111.547 56
      vertex 263.617 111.33 3.2
      vertex 263.617 111.33 56
    endloop
  endfacet
  facet normal -0.659741 0.751493 0
    outer loop
      vertex 263.237 110.763 0
      vertex 263.065 110.612 3.2
      vertex 263.237 110.763 3.2
    endloop
  endfacet
  facet normal -0.659741 0.751493 0
    outer loop
      vertex 263.065 110.612 3.2
      vertex 263.237 110.763 0
      vertex 263.065 110.612 0
    endloop
  endfacet
  facet normal -0.659741 0.751493 0
    outer loop
      vertex 263.237 110.763 3.2
      vertex 263.065 110.612 56
      vertex 263.237 110.763 56
    endloop
  endfacet
  facet normal -0.659741 0.751493 0
    outer loop
      vertex 263.065 110.612 56
      vertex 263.237 110.763 3.2
      vertex 263.065 110.612 3.2
    endloop
  endfacet
  facet normal 0.0656476 -0.997843 0
    outer loop
      vertex 261.772 113.735 3.2
      vertex 262 113.75 56
      vertex 261.772 113.735 56
    endloop
  endfacet
  facet normal 0.0656476 -0.997843 0
    outer loop
      vertex 262 113.75 56
      vertex 261.772 113.735 3.2
      vertex 262 113.75 3.2
    endloop
  endfacet
  facet normal 0.0656476 -0.997843 0
    outer loop
      vertex 261.772 113.735 0
      vertex 262 113.75 3.2
      vertex 261.772 113.735 3.2
    endloop
  endfacet
  facet normal 0.0656476 -0.997843 0
    outer loop
      vertex 262 113.75 3.2
      vertex 261.772 113.735 0
      vertex 262 113.75 0
    endloop
  endfacet
  facet normal 0.196116 0.980581 -0
    outer loop
      vertex 261.772 110.265 0
      vertex 261.547 110.31 3.2
      vertex 261.772 110.265 3.2
    endloop
  endfacet
  facet normal 0.196116 0.980581 0
    outer loop
      vertex 261.547 110.31 3.2
      vertex 261.772 110.265 0
      vertex 261.547 110.31 0
    endloop
  endfacet
  facet normal 0.196116 0.980581 -0
    outer loop
      vertex 261.772 110.265 3.2
      vertex 261.547 110.31 56
      vertex 261.772 110.265 56
    endloop
  endfacet
  facet normal 0.196116 0.980581 0
    outer loop
      vertex 261.547 110.31 56
      vertex 261.772 110.265 3.2
      vertex 261.547 110.31 3.2
    endloop
  endfacet
  facet normal 0.997843 -0.0656476 0
    outer loop
      vertex 260.25 112 56
      vertex 260.265 112.228 3.2
      vertex 260.265 112.228 56
    endloop
  endfacet
  facet normal 0.997843 -0.0656476 0
    outer loop
      vertex 260.265 112.228 3.2
      vertex 260.25 112 56
      vertex 260.25 112 3.2
    endloop
  endfacet
  facet normal 0.997843 -0.0656476 0
    outer loop
      vertex 260.25 112 3.2
      vertex 260.265 112.228 0
      vertex 260.265 112.228 3.2
    endloop
  endfacet
  facet normal 0.997843 -0.0656476 0
    outer loop
      vertex 260.265 112.228 0
      vertex 260.25 112 3.2
      vertex 260.25 112 0
    endloop
  endfacet
  facet normal 0.980581 -0.196116 0
    outer loop
      vertex 260.265 112.228 3.2
      vertex 260.31 112.453 0
      vertex 260.31 112.453 3.2
    endloop
  endfacet
  facet normal 0.980581 -0.196116 0
    outer loop
      vertex 260.31 112.453 0
      vertex 260.265 112.228 3.2
      vertex 260.265 112.228 0
    endloop
  endfacet
  facet normal 0.980581 -0.196116 0
    outer loop
      vertex 260.265 112.228 56
      vertex 260.31 112.453 3.2
      vertex 260.31 112.453 56
    endloop
  endfacet
  facet normal 0.980581 -0.196116 0
    outer loop
      vertex 260.31 112.453 3.2
      vertex 260.265 112.228 56
      vertex 260.265 112.228 3.2
    endloop
  endfacet
  facet normal 0.897037 0.441955 0
    outer loop
      vertex 260.484 111.125 3.2
      vertex 260.383 111.33 0
      vertex 260.383 111.33 3.2
    endloop
  endfacet
  facet normal 0.897037 0.441955 0
    outer loop
      vertex 260.383 111.33 0
      vertex 260.484 111.125 3.2
      vertex 260.484 111.125 0
    endloop
  endfacet
  facet normal 0.897037 0.441955 0
    outer loop
      vertex 260.484 111.125 56
      vertex 260.383 111.33 3.2
      vertex 260.383 111.33 56
    endloop
  endfacet
  facet normal 0.897037 0.441955 0
    outer loop
      vertex 260.383 111.33 3.2
      vertex 260.484 111.125 56
      vertex 260.484 111.125 3.2
    endloop
  endfacet
  facet normal 0.947806 -0.318847 0
    outer loop
      vertex 260.31 112.453 3.2
      vertex 260.383 112.67 0
      vertex 260.383 112.67 3.2
    endloop
  endfacet
  facet normal 0.947806 -0.318847 0
    outer loop
      vertex 260.383 112.67 0
      vertex 260.31 112.453 3.2
      vertex 260.31 112.453 0
    endloop
  endfacet
  facet normal 0.947806 -0.318847 0
    outer loop
      vertex 260.31 112.453 56
      vertex 260.383 112.67 3.2
      vertex 260.383 112.67 56
    endloop
  endfacet
  facet normal 0.947806 -0.318847 0
    outer loop
      vertex 260.383 112.67 3.2
      vertex 260.31 112.453 56
      vertex 260.31 112.453 3.2
    endloop
  endfacet
  facet normal 0.196116 -0.980581 0
    outer loop
      vertex 261.547 113.69 0
      vertex 261.772 113.735 3.2
      vertex 261.547 113.69 3.2
    endloop
  endfacet
  facet normal 0.196116 -0.980581 0
    outer loop
      vertex 261.772 113.735 3.2
      vertex 261.547 113.69 0
      vertex 261.772 113.735 0
    endloop
  endfacet
  facet normal 0.196116 -0.980581 0
    outer loop
      vertex 261.547 113.69 3.2
      vertex 261.772 113.735 56
      vertex 261.547 113.69 56
    endloop
  endfacet
  facet normal 0.196116 -0.980581 0
    outer loop
      vertex 261.772 113.735 56
      vertex 261.547 113.69 3.2
      vertex 261.772 113.735 3.2
    endloop
  endfacet
  facet normal -0.441955 0.897037 0
    outer loop
      vertex 262.875 110.484 0
      vertex 262.67 110.383 3.2
      vertex 262.875 110.484 3.2
    endloop
  endfacet
  facet normal -0.441955 0.897037 0
    outer loop
      vertex 262.67 110.383 3.2
      vertex 262.875 110.484 0
      vertex 262.67 110.383 0
    endloop
  endfacet
  facet normal -0.441955 0.897037 0
    outer loop
      vertex 262.875 110.484 3.2
      vertex 262.67 110.383 56
      vertex 262.875 110.484 56
    endloop
  endfacet
  facet normal -0.441955 0.897037 0
    outer loop
      vertex 262.67 110.383 56
      vertex 262.875 110.484 3.2
      vertex 262.67 110.383 3.2
    endloop
  endfacet
  facet normal -0.318847 0.947806 0
    outer loop
      vertex 262.67 110.383 0
      vertex 262.453 110.31 3.2
      vertex 262.67 110.383 3.2
    endloop
  endfacet
  facet normal -0.318847 0.947806 0
    outer loop
      vertex 262.453 110.31 3.2
      vertex 262.67 110.383 0
      vertex 262.453 110.31 0
    endloop
  endfacet
  facet normal -0.318847 0.947806 0
    outer loop
      vertex 262.67 110.383 3.2
      vertex 262.453 110.31 56
      vertex 262.67 110.383 56
    endloop
  endfacet
  facet normal -0.318847 0.947806 0
    outer loop
      vertex 262.453 110.31 56
      vertex 262.67 110.383 3.2
      vertex 262.453 110.31 3.2
    endloop
  endfacet
  facet normal -0.829354 0.558723 0
    outer loop
      vertex 263.388 110.935 3.2
      vertex 263.516 111.125 56
      vertex 263.516 111.125 3.2
    endloop
  endfacet
  facet normal -0.829354 0.558723 0
    outer loop
      vertex 263.516 111.125 56
      vertex 263.388 110.935 3.2
      vertex 263.388 110.935 56
    endloop
  endfacet
  facet normal -0.829354 0.558723 0
    outer loop
      vertex 263.388 110.935 0
      vertex 263.516 111.125 3.2
      vertex 263.516 111.125 0
    endloop
  endfacet
  facet normal -0.829354 0.558723 0
    outer loop
      vertex 263.516 111.125 3.2
      vertex 263.388 110.935 0
      vertex 263.388 110.935 3.2
    endloop
  endfacet
  facet normal 0.897037 -0.441955 0
    outer loop
      vertex 260.383 112.67 3.2
      vertex 260.484 112.875 0
      vertex 260.484 112.875 3.2
    endloop
  endfacet
  facet normal 0.897037 -0.441955 0
    outer loop
      vertex 260.484 112.875 0
      vertex 260.383 112.67 3.2
      vertex 260.383 112.67 0
    endloop
  endfacet
  facet normal 0.897037 -0.441955 0
    outer loop
      vertex 260.383 112.67 56
      vertex 260.484 112.875 3.2
      vertex 260.484 112.875 56
    endloop
  endfacet
  facet normal 0.897037 -0.441955 0
    outer loop
      vertex 260.484 112.875 3.2
      vertex 260.383 112.67 56
      vertex 260.383 112.67 3.2
    endloop
  endfacet
  facet normal 0.980581 0.196116 0
    outer loop
      vertex 260.31 111.547 3.2
      vertex 260.265 111.772 0
      vertex 260.265 111.772 3.2
    endloop
  endfacet
  facet normal 0.980581 0.196116 0
    outer loop
      vertex 260.265 111.772 0
      vertex 260.31 111.547 3.2
      vertex 260.31 111.547 0
    endloop
  endfacet
  facet normal 0.980581 0.196116 0
    outer loop
      vertex 260.31 111.547 56
      vertex 260.265 111.772 3.2
      vertex 260.265 111.772 56
    endloop
  endfacet
  facet normal 0.980581 0.196116 0
    outer loop
      vertex 260.265 111.772 3.2
      vertex 260.31 111.547 56
      vertex 260.31 111.547 3.2
    endloop
  endfacet
  facet normal 0.997843 0.0656476 0
    outer loop
      vertex 260.265 111.772 56
      vertex 260.25 112 3.2
      vertex 260.25 112 56
    endloop
  endfacet
  facet normal 0.997843 0.0656476 0
    outer loop
      vertex 260.25 112 3.2
      vertex 260.265 111.772 56
      vertex 260.265 111.772 3.2
    endloop
  endfacet
  facet normal 0.997843 0.0656476 0
    outer loop
      vertex 260.265 111.772 3.2
      vertex 260.25 112 0
      vertex 260.25 112 3.2
    endloop
  endfacet
  facet normal 0.997843 0.0656476 0
    outer loop
      vertex 260.25 112 0
      vertex 260.265 111.772 3.2
      vertex 260.265 111.772 0
    endloop
  endfacet
  facet normal 0.947806 0.318847 0
    outer loop
      vertex 260.383 111.33 3.2
      vertex 260.31 111.547 0
      vertex 260.31 111.547 3.2
    endloop
  endfacet
  facet normal 0.947806 0.318847 0
    outer loop
      vertex 260.31 111.547 0
      vertex 260.383 111.33 3.2
      vertex 260.383 111.33 0
    endloop
  endfacet
  facet normal 0.947806 0.318847 0
    outer loop
      vertex 260.383 111.33 56
      vertex 260.31 111.547 3.2
      vertex 260.31 111.547 56
    endloop
  endfacet
  facet normal 0.947806 0.318847 0
    outer loop
      vertex 260.31 111.547 3.2
      vertex 260.383 111.33 56
      vertex 260.383 111.33 3.2
    endloop
  endfacet
  facet normal 0.829354 -0.558723 0
    outer loop
      vertex 260.484 112.875 3.2
      vertex 260.612 113.065 0
      vertex 260.612 113.065 3.2
    endloop
  endfacet
  facet normal 0.829354 -0.558723 0
    outer loop
      vertex 260.612 113.065 0
      vertex 260.484 112.875 3.2
      vertex 260.484 112.875 0
    endloop
  endfacet
  facet normal 0.829354 -0.558723 0
    outer loop
      vertex 260.484 112.875 56
      vertex 260.612 113.065 3.2
      vertex 260.612 113.065 56
    endloop
  endfacet
  facet normal 0.829354 -0.558723 0
    outer loop
      vertex 260.612 113.065 3.2
      vertex 260.484 112.875 56
      vertex 260.484 112.875 3.2
    endloop
  endfacet
  facet normal 0.441955 -0.897037 0
    outer loop
      vertex 261.125 113.516 3.2
      vertex 261.33 113.617 56
      vertex 261.125 113.516 56
    endloop
  endfacet
  facet normal 0.441955 -0.897037 0
    outer loop
      vertex 261.33 113.617 56
      vertex 261.125 113.516 3.2
      vertex 261.33 113.617 3.2
    endloop
  endfacet
  facet normal 0.441955 -0.897037 0
    outer loop
      vertex 261.125 113.516 0
      vertex 261.33 113.617 3.2
      vertex 261.125 113.516 3.2
    endloop
  endfacet
  facet normal 0.441955 -0.897037 0
    outer loop
      vertex 261.33 113.617 3.2
      vertex 261.125 113.516 0
      vertex 261.33 113.617 0
    endloop
  endfacet
  facet normal -0.196116 0.980581 0
    outer loop
      vertex 262.453 110.31 0
      vertex 262.228 110.265 3.2
      vertex 262.453 110.31 3.2
    endloop
  endfacet
  facet normal -0.196116 0.980581 0
    outer loop
      vertex 262.228 110.265 3.2
      vertex 262.453 110.31 0
      vertex 262.228 110.265 0
    endloop
  endfacet
  facet normal -0.196116 0.980581 0
    outer loop
      vertex 262.453 110.31 3.2
      vertex 262.228 110.265 56
      vertex 262.453 110.31 56
    endloop
  endfacet
  facet normal -0.196116 0.980581 0
    outer loop
      vertex 262.228 110.265 56
      vertex 262.453 110.31 3.2
      vertex 262.228 110.265 3.2
    endloop
  endfacet
  facet normal -0.751493 0.659741 0
    outer loop
      vertex 263.237 110.763 0
      vertex 263.388 110.935 3.2
      vertex 263.388 110.935 0
    endloop
  endfacet
  facet normal -0.751493 0.659741 0
    outer loop
      vertex 263.388 110.935 3.2
      vertex 263.237 110.763 0
      vertex 263.237 110.763 3.2
    endloop
  endfacet
  facet normal -0.751493 0.659741 0
    outer loop
      vertex 263.237 110.763 3.2
      vertex 263.388 110.935 56
      vertex 263.388 110.935 3.2
    endloop
  endfacet
  facet normal -0.751493 0.659741 0
    outer loop
      vertex 263.388 110.935 56
      vertex 263.237 110.763 3.2
      vertex 263.237 110.763 56
    endloop
  endfacet
  facet normal 0.829354 0.558723 0
    outer loop
      vertex 260.612 110.935 3.2
      vertex 260.484 111.125 0
      vertex 260.484 111.125 3.2
    endloop
  endfacet
  facet normal 0.829354 0.558723 0
    outer loop
      vertex 260.484 111.125 0
      vertex 260.612 110.935 3.2
      vertex 260.612 110.935 0
    endloop
  endfacet
  facet normal 0.829354 0.558723 0
    outer loop
      vertex 260.612 110.935 56
      vertex 260.484 111.125 3.2
      vertex 260.484 111.125 56
    endloop
  endfacet
  facet normal 0.829354 0.558723 0
    outer loop
      vertex 260.484 111.125 3.2
      vertex 260.612 110.935 56
      vertex 260.612 110.935 3.2
    endloop
  endfacet
  facet normal 0.441955 0.897037 -0
    outer loop
      vertex 261.33 110.383 0
      vertex 261.125 110.484 3.2
      vertex 261.33 110.383 3.2
    endloop
  endfacet
  facet normal 0.441955 0.897037 0
    outer loop
      vertex 261.125 110.484 3.2
      vertex 261.33 110.383 0
      vertex 261.125 110.484 0
    endloop
  endfacet
  facet normal 0.441955 0.897037 -0
    outer loop
      vertex 261.33 110.383 3.2
      vertex 261.125 110.484 56
      vertex 261.33 110.383 56
    endloop
  endfacet
  facet normal 0.441955 0.897037 0
    outer loop
      vertex 261.125 110.484 56
      vertex 261.33 110.383 3.2
      vertex 261.125 110.484 3.2
    endloop
  endfacet
  facet normal -0.980581 0.196116 0
    outer loop
      vertex 263.69 111.547 0
      vertex 263.735 111.772 3.2
      vertex 263.735 111.772 0
    endloop
  endfacet
  facet normal -0.980581 0.196116 0
    outer loop
      vertex 263.735 111.772 3.2
      vertex 263.69 111.547 0
      vertex 263.69 111.547 3.2
    endloop
  endfacet
  facet normal -0.980581 0.196116 0
    outer loop
      vertex 263.69 111.547 3.2
      vertex 263.735 111.772 56
      vertex 263.735 111.772 3.2
    endloop
  endfacet
  facet normal -0.980581 0.196116 0
    outer loop
      vertex 263.735 111.772 56
      vertex 263.69 111.547 3.2
      vertex 263.69 111.547 56
    endloop
  endfacet
  facet normal 0.659741 0.751493 -0
    outer loop
      vertex 260.935 110.612 0
      vertex 260.763 110.763 3.2
      vertex 260.935 110.612 3.2
    endloop
  endfacet
  facet normal 0.659741 0.751493 0
    outer loop
      vertex 260.763 110.763 3.2
      vertex 260.935 110.612 0
      vertex 260.763 110.763 0
    endloop
  endfacet
  facet normal 0.659741 0.751493 -0
    outer loop
      vertex 260.935 110.612 3.2
      vertex 260.763 110.763 56
      vertex 260.935 110.612 56
    endloop
  endfacet
  facet normal 0.659741 0.751493 0
    outer loop
      vertex 260.763 110.763 56
      vertex 260.935 110.612 3.2
      vertex 260.763 110.763 3.2
    endloop
  endfacet
  facet normal -0.897037 0.441955 0
    outer loop
      vertex 263.516 111.125 3.2
      vertex 263.617 111.33 56
      vertex 263.617 111.33 3.2
    endloop
  endfacet
  facet normal -0.897037 0.441955 0
    outer loop
      vertex 263.617 111.33 56
      vertex 263.516 111.125 3.2
      vertex 263.516 111.125 56
    endloop
  endfacet
  facet normal -0.897037 0.441955 0
    outer loop
      vertex 263.516 111.125 0
      vertex 263.617 111.33 3.2
      vertex 263.617 111.33 0
    endloop
  endfacet
  facet normal -0.897037 0.441955 0
    outer loop
      vertex 263.617 111.33 3.2
      vertex 263.516 111.125 0
      vertex 263.516 111.125 3.2
    endloop
  endfacet
  facet normal -0.558723 0.829354 0
    outer loop
      vertex 263.065 110.612 0
      vertex 262.875 110.484 3.2
      vertex 263.065 110.612 3.2
    endloop
  endfacet
  facet normal -0.558723 0.829354 0
    outer loop
      vertex 262.875 110.484 3.2
      vertex 263.065 110.612 0
      vertex 262.875 110.484 0
    endloop
  endfacet
  facet normal -0.558723 0.829354 0
    outer loop
      vertex 263.065 110.612 3.2
      vertex 262.875 110.484 56
      vertex 263.065 110.612 56
    endloop
  endfacet
  facet normal -0.558723 0.829354 0
    outer loop
      vertex 262.875 110.484 56
      vertex 263.065 110.612 3.2
      vertex 262.875 110.484 3.2
    endloop
  endfacet
  facet normal 0.751493 0.659741 0
    outer loop
      vertex 260.763 110.763 3.2
      vertex 260.612 110.935 0
      vertex 260.612 110.935 3.2
    endloop
  endfacet
  facet normal 0.751493 0.659741 0
    outer loop
      vertex 260.612 110.935 0
      vertex 260.763 110.763 3.2
      vertex 260.763 110.763 0
    endloop
  endfacet
  facet normal 0.751493 0.659741 0
    outer loop
      vertex 260.763 110.763 56
      vertex 260.612 110.935 3.2
      vertex 260.612 110.935 56
    endloop
  endfacet
  facet normal 0.751493 0.659741 0
    outer loop
      vertex 260.612 110.935 3.2
      vertex 260.763 110.763 56
      vertex 260.763 110.763 3.2
    endloop
  endfacet
  facet normal -0.997843 0.0656476 0
    outer loop
      vertex 263.735 111.772 3.2
      vertex 263.75 112 56
      vertex 263.75 112 3.2
    endloop
  endfacet
  facet normal -0.997843 0.0656476 0
    outer loop
      vertex 263.75 112 56
      vertex 263.735 111.772 3.2
      vertex 263.735 111.772 56
    endloop
  endfacet
  facet normal -0.997843 0.0656476 0
    outer loop
      vertex 263.735 111.772 0
      vertex 263.75 112 3.2
      vertex 263.75 112 0
    endloop
  endfacet
  facet normal -0.997843 0.0656476 0
    outer loop
      vertex 263.75 112 3.2
      vertex 263.735 111.772 0
      vertex 263.735 111.772 3.2
    endloop
  endfacet
  facet normal -0.0656476 0.997843 0
    outer loop
      vertex 262.228 110.265 3.2
      vertex 262 110.25 56
      vertex 262.228 110.265 56
    endloop
  endfacet
  facet normal -0.0656476 0.997843 0
    outer loop
      vertex 262 110.25 56
      vertex 262.228 110.265 3.2
      vertex 262 110.25 3.2
    endloop
  endfacet
  facet normal -0.0656476 0.997843 0
    outer loop
      vertex 262.228 110.265 0
      vertex 262 110.25 3.2
      vertex 262.228 110.265 3.2
    endloop
  endfacet
  facet normal -0.0656476 0.997843 0
    outer loop
      vertex 262 110.25 3.2
      vertex 262.228 110.265 0
      vertex 262 110.25 0
    endloop
  endfacet
  facet normal 0.0656476 0.997843 -0
    outer loop
      vertex 262 110.25 3.2
      vertex 261.772 110.265 56
      vertex 262 110.25 56
    endloop
  endfacet
  facet normal 0.0656476 0.997843 0
    outer loop
      vertex 261.772 110.265 56
      vertex 262 110.25 3.2
      vertex 261.772 110.265 3.2
    endloop
  endfacet
  facet normal 0.0656476 0.997843 -0
    outer loop
      vertex 262 110.25 0
      vertex 261.772 110.265 3.2
      vertex 262 110.25 3.2
    endloop
  endfacet
  facet normal 0.0656476 0.997843 0
    outer loop
      vertex 261.772 110.265 3.2
      vertex 262 110.25 0
      vertex 261.772 110.265 0
    endloop
  endfacet
  facet normal 0.318847 0.947806 -0
    outer loop
      vertex 261.547 110.31 0
      vertex 261.33 110.383 3.2
      vertex 261.547 110.31 3.2
    endloop
  endfacet
  facet normal 0.318847 0.947806 0
    outer loop
      vertex 261.33 110.383 3.2
      vertex 261.547 110.31 0
      vertex 261.33 110.383 0
    endloop
  endfacet
  facet normal 0.318847 0.947806 -0
    outer loop
      vertex 261.547 110.31 3.2
      vertex 261.33 110.383 56
      vertex 261.547 110.31 56
    endloop
  endfacet
  facet normal 0.318847 0.947806 0
    outer loop
      vertex 261.33 110.383 56
      vertex 261.547 110.31 3.2
      vertex 261.33 110.383 3.2
    endloop
  endfacet
  facet normal 0.558723 0.829354 -0
    outer loop
      vertex 261.125 110.484 0
      vertex 260.935 110.612 3.2
      vertex 261.125 110.484 3.2
    endloop
  endfacet
  facet normal 0.558723 0.829354 0
    outer loop
      vertex 260.935 110.612 3.2
      vertex 261.125 110.484 0
      vertex 260.935 110.612 0
    endloop
  endfacet
  facet normal 0.558723 0.829354 -0
    outer loop
      vertex 261.125 110.484 3.2
      vertex 260.935 110.612 56
      vertex 261.125 110.484 56
    endloop
  endfacet
  facet normal 0.558723 0.829354 0
    outer loop
      vertex 260.935 110.612 56
      vertex 261.125 110.484 3.2
      vertex 260.935 110.612 3.2
    endloop
  endfacet
  facet normal -1 0 0
    outer loop
      vertex 264 0.258559 12
      vertex 264 4.9 27
      vertex 264 4.9 12
    endloop
  endfacet
  facet normal -1 -0 0
    outer loop
      vertex 264 4.9 27
      vertex 264 0.258559 12
      vertex 264 0.258559 27
    endloop
  endfacet
  facet normal 0 0 -1
    outer loop
      vertex 247 0 27
      vertex 260.619 3.2 27
      vertex 262 0 27
    endloop
  endfacet
  facet normal -0 0 -1
    outer loop
      vertex 260.619 3.2 27
      vertex 247 0 27
      vertex 247 3.2 27
    endloop
  endfacet
  facet normal 0 0 -1
    outer loop
      vertex 263.044 0.0684404 27
      vertex 264 4.9 27
      vertex 264 0.258559 27
    endloop
  endfacet
  facet normal 0 0 -1
    outer loop
      vertex 260.619 3.2 27
      vertex 263.044 0.0684404 27
      vertex 262 0 27
    endloop
  endfacet
  facet normal 0 0 -1
    outer loop
      vertex 263.044 0.0684404 27
      vertex 260.619 3.2 27
      vertex 264 4.9 27
    endloop
  endfacet
  facet normal 0 0 -1
    outer loop
      vertex 260.087 3.3806 27
      vertex 264 4.9 27
      vertex 260.619 3.2 27
    endloop
  endfacet
  facet normal 0 0 -1
    outer loop
      vertex 259.5 3.66987 27
      vertex 264 4.9 27
      vertex 260.087 3.3806 27
    endloop
  endfacet
  facet normal 0 0 -1
    outer loop
      vertex 258.956 4.03323 27
      vertex 264 4.9 27
      vertex 259.5 3.66987 27
    endloop
  endfacet
  facet normal 0 0 -1
    outer loop
      vertex 258.464 4.46447 27
      vertex 264 4.9 27
      vertex 258.956 4.03323 27
    endloop
  endfacet
  facet normal -0 0 -1
    outer loop
      vertex 264 4.9 27
      vertex 258.464 4.46447 27
      vertex 258.083 4.9 27
    endloop
  endfacet
  facet normal 0 0 1
    outer loop
      vertex 264 4.9 12
      vertex 263.044 0.0684404 12
      vertex 264 0.258559 12
    endloop
  endfacet
  facet normal -0 0 1
    outer loop
      vertex 260.619 3.2 12
      vertex 263.044 0.0684404 12
      vertex 264 4.9 12
    endloop
  endfacet
  facet normal 0 0 1
    outer loop
      vertex 263.044 0.0684404 12
      vertex 260.619 3.2 12
      vertex 262 0 12
    endloop
  endfacet
  facet normal 0 0 1
    outer loop
      vertex 264 4.9 12
      vertex 260.087 3.3806 12
      vertex 260.619 3.2 12
    endloop
  endfacet
  facet normal 0 0 1
    outer loop
      vertex 264 4.9 12
      vertex 259.5 3.66987 12
      vertex 260.087 3.3806 12
    endloop
  endfacet
  facet normal 0 0 1
    outer loop
      vertex 264 4.9 12
      vertex 258.956 4.03323 12
      vertex 259.5 3.66987 12
    endloop
  endfacet
  facet normal 0 0 1
    outer loop
      vertex 264 4.9 12
      vertex 258.464 4.46447 12
      vertex 258.956 4.03323 12
    endloop
  endfacet
  facet normal 0 -0 1
    outer loop
      vertex 258.464 4.46447 12
      vertex 264 4.9 12
      vertex 258.083 4.9 12
    endloop
  endfacet
  facet normal 0 0 1
    outer loop
      vertex 247 0 12
      vertex 260.619 3.2 12
      vertex 247 3.2 12
    endloop
  endfacet
  facet normal 0 0 1
    outer loop
      vertex 260.619 3.2 12
      vertex 247 0 12
      vertex 262 0 12
    endloop
  endfacet
  facet normal 1 -0 0
    outer loop
      vertex 247 0 27
      vertex 247 3.2 12
      vertex 247 3.2 27
    endloop
  endfacet
  facet normal 1 0 0
    outer loop
      vertex 247 3.2 12
      vertex 247 0 27
      vertex 247 0 12
    endloop
  endfacet
  facet normal 0 -1 0
    outer loop
      vertex 258.083 4.9 12
      vertex 264 4.9 27
      vertex 258.083 4.9 27
    endloop
  endfacet
  facet normal 0 -1 -0
    outer loop
      vertex 264 4.9 27
      vertex 258.083 4.9 12
      vertex 264 4.9 12
    endloop
  endfacet
  facet normal -1 0 0
    outer loop
      vertex 30 119.9 10
      vertex 30 120 18
      vertex 30 120 10
    endloop
  endfacet
  facet normal -1 -0 0
    outer loop
      vertex 30 120 18
      vertex 30 119.9 10
      vertex 30 119.9 18
    endloop
  endfacet
  facet normal 0 0 -1
    outer loop
      vertex 12 119.9 23
      vertex 20 120 23
      vertex 20 119.9 23
    endloop
  endfacet
  facet normal -0 0 -1
    outer loop
      vertex 20 120 23
      vertex 12 119.9 23
      vertex 12 120 23
    endloop
  endfacet
  facet normal -0 0 1
    outer loop
      vertex 12 120 10
      vertex 30 119.9 10
      vertex 30 120 10
    endloop
  endfacet
  facet normal 0 0 1
    outer loop
      vertex 30 119.9 10
      vertex 12 120 10
      vertex 12 119.9 10
    endloop
  endfacet
  facet normal 1 -0 0
    outer loop
      vertex 12 119.9 23
      vertex 12 120 10
      vertex 12 120 23
    endloop
  endfacet
  facet normal 1 0 0
    outer loop
      vertex 12 120 10
      vertex 12 119.9 23
      vertex 12 119.9 10
    endloop
  endfacet
endsolid OpenSCAD_Model
